target_harmonized,modality,quadrant,clinical_performance_Y,clinical_label,clinical_decisive_n,clinical_confidence,n_trials,epitope_crowding_X,x_status,fto_l1_epitope,fto_l2_format,fto_l3_use,fto_l1_lock_count,patents_grounded,ip_modalities,key_patent,blocking_assignee,x_resolved,y_resolved
HER2-DXD,ADC,TRUE WHITE SPACE,1.0,VALIDATED,14,1.0,22,0.13,weighted_fto_deterministic,0.0,0.334,0.232,1,4,ADC,WO2024001844A1,FUDAN UNIVERSITY,True,True
TROP-2-DXD,ADC,TRUE WHITE SPACE,1.0,VALIDATED,16,1.0,17,0.33,weighted_fto_deterministic,0.151,0.556,0.538,2,10,ADC,WO2026055611A1,"ACTINIUM PHARMACEUTICALS, INC.",True,True
VEGF,MAB,TRUE WHITE SPACE,1.0,VALIDATED,348,1.0,854,0.477,weighted_fto_deterministic,0.477,0.757,0.0,9,24,BISPECIFIC|MAB,WO2025195479A1,"SUZHOU NEOLOGICS BIOSCIENCE CO., LTD.",True,True
VEGFR2,MAB,TRUE WHITE SPACE,1.0,VALIDATED,27,1.0,51,0.423,weighted_fto_deterministic,0.423,0.579,0.0,7,11,MAB,WO2023136648A1,PHARMABCINE INC.,True,True
CTLA-4,MAB,TRUE WHITE SPACE,0.999,VALIDATED,57,1.0,140,0.477,weighted_fto_deterministic,0.477,0.858,0.0,9,35,MAB,WO2026057739A1,BIONTECH SE,True,True
PD-1|VEGF,BISPECIFIC,TRUE WHITE SPACE,0.997,VALIDATED,14,1.0,55,0.042,weighted_fto_deterministic,0.0,0.167,0.0,1,2,BISPECIFIC,WO2026064650A1,"PARAGON THERAPEUTICS, INC.",True,True
DLL3|CD3,BISPECIFIC,TRUE WHITE SPACE,0.912,VALIDATED,3,1.0,28,0.461,weighted_fto_deterministic,0.452,0.556,0.367,8,10,BISPECIFIC,WO2025146127A1,"HAINAN SIMCERE ZAIMING PHARMACEUTICAL CO., LTD.",True,True
TISSUE FACTOR,ADC,TRUE WHITE SPACE,0.912,VALIDATED,3,1.0,7,0.0,weighted_fto_deterministic,0.0,0.0,0.0,1,8,ADC|MAB,WO2024054821A2,"EXELIXIS, INC.",True,True
HER2|HER3,BISPECIFIC,TRUE WHITE SPACE,0.858,VALIDATED,3,1.0,4,0.349,weighted_fto_deterministic,0.349,0.388,0.0,5,5,BISPECIFIC,WO2025117871A1,"SYSTIMMUNE, INC.",True,True
CD30-MMAE,ADC,TRUE WHITE SPACE,0.85,VALIDATED,2,0.67,6,0.13,weighted_fto_deterministic,0.0,0.334,0.232,1,4,ADC,WO2022136555A1,LUDWIG-MAXIMILIANS-UNIVERSITAET MUENCHEN,True,True
EPCAM|CD3,BISPECIFIC,TRUE WHITE SPACE,0.85,VALIDATED,4,1.0,11,0.18,weighted_fto_deterministic,0.151,0.388,0.0,2,5,BISPECIFIC,WO2024182645A1,"BIOATLA, INC.",True,True
PD-1|CTLA-4,BISPECIFIC,TRUE WHITE SPACE,0.846,VALIDATED,4,1.0,24,0.151,weighted_fto_deterministic,0.151,0.265,0.0,2,3,BISPECIFIC,WO2025140535A1,FORTVITA BIOLOGICS (SINGAPORE) PTE. LTD.,True,True
EGFR|HER3,BISPECIFIC,TRUE WHITE SPACE,0.802,VALIDATED,3,1.0,5,0.151,weighted_fto_deterministic,0.151,0.167,0.0,2,2,BISPECIFIC,WO2023028548A2,"SYSTIMMUNE, INC.",True,True
BTLA,MAB,TRUE WHITE SPACE,0.769,VALIDATED,2,0.67,4,0.151,weighted_fto_deterministic,0.151,0.265,0.0,2,3,MAB,WO2024208253A1,"SHANGHAI JUNSHI BIOSCIENCES CO., LTD.",True,True
HER2-DUOCARMYCIN,ADC,TRUE WHITE SPACE,0.756,VALIDATED,1,0.33,4,0.424,weighted_fto_deterministic,0.389,0.469,0.463,6,7,ADC,WO2025038638A1,SEAGEN INC.,True,True
CD20,MAB,TRUE WHITE SPACE,0.75,VALIDATED,185,1.0,767,0.483,weighted_fto_deterministic,0.477,0.884,0.0,9,39,MAB,WO2025253079A1,CENTRE NATIONAL DE LA RECHERCHE SCIENTIFIQUE,True,True
FGFR,MAB,TRUE WHITE SPACE,0.75,VALIDATED,2,0.67,4,0.084,weighted_fto_deterministic,0.0,0.334,0.0,1,4,MAB,WO2021233037A1,SHANDONG FIRST MEDICAL UNIVERSITY & SHANDONG ACADEMY OF MEDICAL SCIENCES,True,True
CD30,MAB,TRUE WHITE SPACE,0.711,VALIDATED,3,1.0,11,0.264,weighted_fto_deterministic,0.239,0.53,0.0,3,9,MAB,WO2025169056A1,SEAGEN INC.,True,True
B7-H3-DXD,ADC,TRUE WHITE SPACE,0.646,VALIDATED,1,0.33,5,0.0,weighted_fto_deterministic,0.0,0.0,0.0,0,1,ADC,WO2025238587A1,DAIICHI SANKYO COMPANY,True,True
CLDN6,MAB,TRUE WHITE SPACE,0.646,VALIDATED,1,0.33,2,0.423,weighted_fto_deterministic,0.423,0.469,0.0,7,7,MAB,WO2024184812A1,BEIGENE SWITZERLAND GMBH,True,True
CTLA-4|PD-1,BISPECIFIC,TRUE WHITE SPACE,0.646,VALIDATED,10,1.0,75,0.271,weighted_fto_deterministic,0.239,0.265,0.367,3,3,BISPECIFIC,WO2023170549A1,MEDIMMUNE LLC,True,True
EGFR|PD-1,BISPECIFIC,TRUE WHITE SPACE,0.646,VALIDATED,1,0.33,1,0.0,weighted_fto_deterministic,0.0,0.0,0.0,1,1,BISPECIFIC,WO2019062755A1,"WUXI BIOLOGICS (SHANGHAI) CO., LTD.",True,True
FOLR1,MAB,TRUE WHITE SPACE,0.646,VALIDATED,1,0.33,4,0.084,weighted_fto_deterministic,0.0,0.334,0.0,1,4,MAB,WO2023217133A1,"SORRENTO THERAPEUTICS, INC.",True,True
GDF15,MAB,TRUE WHITE SPACE,0.646,VALIDATED,1,0.33,1,0.349,weighted_fto_deterministic,0.349,0.469,0.0,5,7,MAB,WO2025072516A1,"AVEO PHARMACEUTICALS, INC.",True,True
GPRC5D,MAB,TRUE WHITE SPACE,0.646,VALIDATED,1,0.33,2,0.301,weighted_fto_deterministic,0.301,0.388,0.0,4,7,BISPECIFIC|MAB,WO2024251154A1,"INNOVENT BIOLOGICS (SUZHOU) CO., LTD.",True,True
GPRC5D|CD3,BISPECIFIC,TRUE WHITE SPACE,0.646,VALIDATED,1,0.33,5,0.474,weighted_fto_deterministic,0.452,0.53,0.463,8,9,BISPECIFIC,WO2025259877A1,"EVOLVEIMMUNE THERAPEUTICS, INC.",True,True
IL-6,MAB,TRUE WHITE SPACE,0.646,VALIDATED,1,0.33,1,0.239,weighted_fto_deterministic,0.239,0.388,0.0,3,5,MAB,WO2024194261A1,KING FAISAL SPECIALIST HOSPITAL & RESEARCH CENTRE,True,True
IL1RAP,MAB,TRUE WHITE SPACE,0.646,VALIDATED,1,0.33,3,0.239,weighted_fto_deterministic,0.239,0.265,0.0,3,3,MAB,WO2017191325A1,MAB DISCOVERY GMBH,True,True
LAG-3,MAB,TRUE WHITE SPACE,0.646,VALIDATED,1,0.33,5,0.452,weighted_fto_deterministic,0.452,0.669,0.0,8,16,MAB,WO2025237275A1,"NANJING LEADS BIOLABS CO., LTD.",True,True
PD-1|LAG-3,BISPECIFIC,TRUE WHITE SPACE,0.646,VALIDATED,1,0.33,2,0.349,weighted_fto_deterministic,0.349,0.469,0.0,5,7,BISPECIFIC,WO2024072893A1,INCYTE CORPORATION,True,True
HER2-DM1,ADC,TRUE WHITE SPACE,0.622,VALIDATED,3,1.0,7,0.491,weighted_fto_deterministic,0.423,0.556,0.599,7,10,ADC,WO2025038638A1,SEAGEN INC.,True,True
PD-L1|VEGF,BISPECIFIC,TRUE WHITE SPACE,0.622,VALIDATED,2,0.67,20,0.239,weighted_fto_deterministic,0.239,0.265,0.0,3,3,BISPECIFIC,WO2024140996A2,"SHANGHAI HENLIUS BIOTECH, INC.",True,True
BCMA-MMAF,ADC,TRUE WHITE SPACE,0.55,CONTESTED,1,0.33,1,0.0,weighted_fto_deterministic,0.0,0.0,0.0,1,1,ADC,WO2023078021A1,"HANGZHOU DAC BIOTECH CO., LTD.",True,True
BTK,MAB,TRUE WHITE SPACE,0.55,CONTESTED,1,0.33,6,0.066,weighted_fto_deterministic,0.0,0.265,0.0,1,4,MAB|PROTAC,WO2025121806A1,INJE UNIVERSITY INDUSTRY-ACADEMIC COOPERATION FOUNDATION,True,True
EGFR-MMAE,ADC,TRUE WHITE SPACE,0.55,CONTESTED,1,0.33,5,0.0,weighted_fto_deterministic,0.0,0.0,0.0,1,1,ADC,WO2017051254A1,"LEGOCHEM BIOSCIENCES, INC.",True,True
PD-1|PD-L1,BISPECIFIC,TRUE WHITE SPACE,0.55,CONTESTED,3,1.0,8,0.347,weighted_fto_deterministic,0.301,0.432,0.367,4,6,BISPECIFIC,WO2025185733A1,BIOTHEUS INC.,True,True
TISSUE FACTOR,MAB,TRUE WHITE SPACE,0.55,CONTESTED,1,0.33,4,0.117,weighted_fto_deterministic,0.0,0.469,0.0,1,8,ADC|MAB,WO2024054821A2,"EXELIXIS, INC.",True,True
CEA,MAB,TRUE WHITE SPACE,0.5,CONTESTED,4,1.0,25,0.423,weighted_fto_deterministic,0.423,0.556,0.0,7,11,ADC|MAB,WO2024110905A1,"BEIGENE, LTD.",True,True
GD2,MAB,TRUE WHITE SPACE,0.5,CONTESTED,12,1.0,53,0.32,weighted_fto_deterministic,0.301,0.619,0.0,4,13,MAB,WO2025172525A1,MERCK PATENT GMBH,True,True
GITR,MAB,TRUE WHITE SPACE,0.5,CONTESTED,2,0.67,2,0.343,weighted_fto_deterministic,0.301,0.71,0.0,4,19,MAB,WO2024097328A1,INCYTE CORPORATION,True,True
PD-1,MAB,BATTLEGROUND,1.0,VALIDATED,705,1.0,2847,0.929,weighted_fto_deterministic,0.929,1.0,0.0,72,214,ADC|BISPECIFIC|MAB,WO2026059969A1,TRUSTEES OF TUFTS COLLEGE,True,True
PD-L1,MAB,BATTLEGROUND,1.0,VALIDATED,209,1.0,766,0.923,weighted_fto_deterministic,0.923,1.0,0.0,70,150,BISPECIFIC|MAB,WO2026074471A1,JANSSEN PHARMACEUTICA NV,True,True
EGFR|MET,BISPECIFIC,BATTLEGROUND,0.993,VALIDATED,8,1.0,40,0.756,weighted_fto_deterministic,0.681,0.821,0.882,23,30,BISPECIFIC,WO2026086844A1,"CHIA TAI TIANQING PHARMACEUTICAL GROUP CO., LTD.",True,True
HER2,ADC,BATTLEGROUND,0.989,VALIDATED,31,1.0,221,0.812,weighted_fto_deterministic,0.812,0.334,0.367,42,77,ADC|BISPECIFIC|MAB,WO2025237420A1,"UTC THERAPEUTICS (SHANGHAI) CO., LTD.",True,True
CD19|CD3,BISPECIFIC,BATTLEGROUND,0.98,VALIDATED,10,1.0,42,0.542,weighted_fto_deterministic,0.5,0.637,0.538,10,14,BISPECIFIC,WO2026037330A1,LEADS BIOLABS INC.,True,True
CLDN18.2,MAB,BATTLEGROUND,0.978,VALIDATED,7,1.0,20,0.651,weighted_fto_deterministic,0.651,0.777,0.0,20,27,ADC|BISPECIFIC|MAB,WO2025060679A1,"RENJI HOSPITAL, SHANGHAI JIAO TONG UNIVERSITY SCHOOL OF MEDICINE",True,True
HER2,BISPECIFIC,BATTLEGROUND,0.973,VALIDATED,8,1.0,27,0.812,weighted_fto_deterministic,0.812,0.388,0.0,42,77,ADC|BISPECIFIC|MAB,WO2025237420A1,"UTC THERAPEUTICS (SHANGHAI) CO., LTD.",True,True
CD20|CD3,BISPECIFIC,BATTLEGROUND,0.948,VALIDATED,13,1.0,58,0.615,weighted_fto_deterministic,0.615,0.812,0.367,17,30,BISPECIFIC|BITE,WO2026103449A1,"NANJING PROBIO BIOTECH CO., LTD.",True,True
CD19,MAB,BATTLEGROUND,0.75,VALIDATED,14,1.0,35,0.628,weighted_fto_deterministic,0.628,0.786,0.0,18,27,ADC|MAB,WO2025251008A1,"CABALETTA BIO, INC.",True,True
CD38,MAB,BATTLEGROUND,0.75,VALIDATED,38,1.0,154,0.588,weighted_fto_deterministic,0.588,0.777,0.0,15,26,BISPECIFIC|MAB,WO2025229158A1,COMMIT BIOLOGICS APS,True,True
EGFR,ADC,BATTLEGROUND,0.75,VALIDATED,3,1.0,10,0.796,weighted_fto_deterministic,0.796,0.265,0.0,39,76,ADC|BISPECIFIC|MAB,WO2026108369A1,"SHANGHAI RUOTUO BIOSCIENCES CO., LTD.",True,True
EGFR,MAB,BATTLEGROUND,0.75,VALIDATED,207,1.0,688,0.796,weighted_fto_deterministic,0.796,1.0,0.0,39,76,ADC|BISPECIFIC|MAB,WO2026108369A1,"SHANGHAI RUOTUO BIOSCIENCES CO., LTD.",True,True
HER2,MAB,BATTLEGROUND,0.75,VALIDATED,181,1.0,904,0.812,weighted_fto_deterministic,0.812,1.0,0.0,42,77,ADC|BISPECIFIC|MAB,WO2025237420A1,"UTC THERAPEUTICS (SHANGHAI) CO., LTD.",True,True
PSMA,MAB,BATTLEGROUND,0.583,CONTESTED,5,1.0,23,0.557,weighted_fto_deterministic,0.557,0.757,0.0,13,25,ADC|BISPECIFIC|MAB,WO2026096557A2,"JANUX THERAPEUTICS, INC.",True,True
BCMA,MAB,BATTLEGROUND,0.574,CONTESTED,5,1.0,15,0.602,weighted_fto_deterministic,0.602,0.757,0.0,16,25,ADC|BISPECIFIC|MAB,WO2025077315A1,"CARBIOGENE THERAPEUTICS CO., LTD.",True,True
MET,ADC,BATTLEGROUND,0.574,CONTESTED,2,0.67,6,0.661,weighted_fto_deterministic,0.661,0.167,0.0,21,33,ADC|BISPECIFIC|MAB,WO2025146620A1,CHONG KUN DANG PHARMACEUTICAL CORP.,True,True
PD-L1,BISPECIFIC,BATTLEGROUND,0.574,CONTESTED,4,1.0,10,0.923,weighted_fto_deterministic,0.923,0.579,0.367,70,150,BISPECIFIC|MAB,WO2026074471A1,JANSSEN PHARMACEUTICA NV,True,True
TROP-2,MAB,BATTLEGROUND,0.55,CONTESTED,1,0.33,4,0.557,weighted_fto_deterministic,0.557,0.723,0.0,13,22,BISPECIFIC|MAB,WO2026059880A1,"MODERNATX, INC.",True,True
PD-1,BISPECIFIC,BATTLEGROUND,0.525,CONTESTED,2,0.67,14,0.929,weighted_fto_deterministic,0.929,0.334,0.367,72,214,ADC|BISPECIFIC|MAB,WO2026059969A1,TRUSTEES OF TUFTS COLLEGE,True,True
BCMA,ADC,BATTLEGROUND,0.508,CONTESTED,5,1.0,16,0.602,weighted_fto_deterministic,0.602,0.0,0.0,16,25,ADC|BISPECIFIC|MAB,WO2025077315A1,"CARBIOGENE THERAPEUTICS CO., LTD.",True,True
AXL,MAB,R&D TRAP,0.475,CONTESTED,1,0.33,1,0.452,weighted_fto_deterministic,0.452,0.653,0.0,8,17,ADC|BISPECIFIC|MAB,WO2024263143A1,T.C. ANKARA UNIVERSITESI REKTORLUGU,True,True
B7-H3,MAB,R&D TRAP,0.475,CONTESTED,7,1.0,15,0.477,weighted_fto_deterministic,0.477,0.723,0.0,9,20,MAB,WO2026026847A1,ZHENGZHOU UNIVERSITY,True,True
B7-H3|CD3,BISPECIFIC,R&D TRAP,0.475,CONTESTED,1,0.33,2,0.0,weighted_fto_deterministic,0.0,0.0,0.0,1,1,BISPECIFIC,WO2021099347A1,DEUTSCHES KREBSFORSCHUNGSZENTRUM STIFTUNG DES ÖFFENTLICHEN RECHTS,True,True
CD38|ICAM1,BISPECIFIC,R&D TRAP,0.475,CONTESTED,1,0.33,1,0.0,weighted_fto_deterministic,0.0,0.0,0.0,1,1,BISPECIFIC,WO2020102777A1,"VIRTUOSO BINCO, INC.",True,True
CEACAM1,MAB,R&D TRAP,0.475,CONTESTED,1,0.33,2,0.264,weighted_fto_deterministic,0.239,0.53,0.0,3,9,MAB,WO2023168326A2,"THE BRIGHAM AND WOMEN´S HOSPITAL, INC.",True,True
CLDN18.2-MMAE,ADC,R&D TRAP,0.475,CONTESTED,1,0.33,3,0.151,weighted_fto_deterministic,0.151,0.167,0.0,2,2,ADC,WO2025088105A1,"KEYMED BIOSCIENCES (CHENGDU) CO., LTD",True,True
IL-8,MAB,R&D TRAP,0.475,CONTESTED,1,0.33,1,0.042,weighted_fto_deterministic,0.0,0.167,0.0,1,2,MAB,WO2024113122A1,"SUZHOU KAIGENE BIOTECHNOLOGY CO, LTD",True,True
KLK2,MAB,R&D TRAP,0.475,CONTESTED,1,0.33,2,0.0,weighted_fto_deterministic,0.0,0.0,0.0,1,1,MAB,WO2015075445A1,FREDAX AB,True,True
LAG-3|PD-L1,BISPECIFIC,R&D TRAP,0.475,CONTESTED,2,0.67,4,0.042,weighted_fto_deterministic,0.0,0.167,0.0,0,2,BISPECIFIC,WO2022268168A1,"MABWELL (SHANGHAI) BIOSCIENCE CO., LTD.",True,True
MESOTHELIN|CD3,BISPECIFIC,R&D TRAP,0.475,CONTESTED,1,0.33,2,0.389,weighted_fto_deterministic,0.389,0.432,0.232,6,6,BISPECIFIC,WO2025171238A1,"THE UNITED STATES OF AMERICA, AS REPRESENTED BY THE SECRETARY",True,True
NECTIN4,MAB,R&D TRAP,0.475,CONTESTED,1,0.33,4,0.423,weighted_fto_deterministic,0.423,0.619,0.0,7,14,BISPECIFIC|MAB,WO2026050866A1,ACT225 BIOTHERAPEUTICS CORPORATION,True,True
PD-1-MAYTANSINOID,ADC,R&D TRAP,0.475,CONTESTED,1,0.33,1,0.0,weighted_fto_deterministic,0.0,0.0,0.0,1,1,ADC,WO2024213091A1,"GENEQUANTUM HEALTHCARE (SUZHOU) CO., LTD.",True,True
PD-1-PBD,ADC,R&D TRAP,0.475,CONTESTED,1,0.33,1,0.0,weighted_fto_deterministic,0.0,0.0,0.0,1,1,ADC,WO2024213091A1,"GENEQUANTUM HEALTHCARE (SUZHOU) CO., LTD.",True,True
PTK7-AURISTATIN,ADC,R&D TRAP,0.475,CONTESTED,1,0.33,2,0.0,weighted_fto_deterministic,0.0,0.0,0.0,0,1,ADC,WO2024078586A1,"SICHUAN KELUN-BIOTECH BIOPHARMACEUTICAL CO., LTD.",True,True
DLL4,MAB,R&D TRAP,0.45,CONTESTED,1,0.33,1,0.239,weighted_fto_deterministic,0.239,0.388,0.0,3,5,MAB,WO2025212726A2,"COMPASS THERAPEUTICS, INC.",True,True
ENDOGLIN,MAB,R&D TRAP,0.45,CONTESTED,2,0.67,2,0.042,weighted_fto_deterministic,0.0,0.167,0.0,1,2,MAB,WO2018187158A1,"TRACON PHARMACEUTICALS, INC.",True,True
MUC1,MAB,R&D TRAP,0.45,CONTESTED,2,0.67,5,0.477,weighted_fto_deterministic,0.477,0.653,0.0,9,16,ADC|MAB,WO2025114381A1,DEUTSCHES KREBSFORSCHUNGSZENTRUM STIFTUNG DES ÖFFENTLICHEN RECHTS,True,True
NECTIN4,BISPECIFIC,R&D TRAP,0.45,CONTESTED,1,0.33,1,0.423,weighted_fto_deterministic,0.423,0.0,0.0,7,14,BISPECIFIC|MAB,WO2026050866A1,ACT225 BIOTHERAPEUTICS CORPORATION,True,True
PD-1|TIM-3,BISPECIFIC,R&D TRAP,0.45,CONTESTED,1,0.33,2,0.423,weighted_fto_deterministic,0.423,0.469,0.0,7,7,BISPECIFIC,WO2025088496A1,ASTRAZENECA UK LIMITED,True,True
TGF-BETA1,MAB,R&D TRAP,0.45,CONTESTED,1,0.33,1,0.042,weighted_fto_deterministic,0.0,0.167,0.0,1,2,MAB,WO2024166996A1,CHUGAI SEIYAKU KABUSHIKI KAISHA,True,True
ALK,MAB,R&D TRAP,0.426,CONTESTED,1,0.33,4,0.042,weighted_fto_deterministic,0.0,0.167,0.0,1,5,ADC|BISPECIFIC|MAB|PROTAC,WO2025165210A1,J2H BIOTECH INC.,True,True
AXL-MMAE,ADC,R&D TRAP,0.426,CONTESTED,1,0.33,3,0.171,weighted_fto_deterministic,0.151,0.167,0.232,2,2,ADC,WO2019051586A1,NATIONAL RESEARCH COUNCIL OF CANADA,True,True
B7-H3-DUOCARMYCIN,ADC,R&D TRAP,0.426,CONTESTED,1,0.33,1,0.239,weighted_fto_deterministic,0.239,0.167,0.0,3,3,ADC|BISPECIFIC,WO2026011391A1,"BLISS BIOPHARMACEUTICAL (HANGZHOU) CO., LTD.",True,True
B7-H4|CD3,BISPECIFIC,R&D TRAP,0.426,CONTESTED,1,0.33,1,0.042,weighted_fto_deterministic,0.0,0.167,0.0,0,2,BISPECIFIC,WO2025059037A1,"EVOLVEIMMUNE THERAPEUTICS, INC.",True,True
CD79B,ADC,R&D TRAP,0.426,CONTESTED,1,0.33,1,0.301,weighted_fto_deterministic,0.301,0.0,0.0,4,11,ADC|MAB,WO2025001963A1,"SHANGHAI RUOTUO BIOSCIENCES CO., LTD.",True,True
CEA,ADC,R&D TRAP,0.426,CONTESTED,1,0.33,1,0.423,weighted_fto_deterministic,0.423,0.0,0.0,7,11,ADC|MAB,WO2024110905A1,"BEIGENE, LTD.",True,True
EPCAM,BISPECIFIC,R&D TRAP,0.426,CONTESTED,1,0.33,2,0.452,weighted_fto_deterministic,0.452,0.0,0.0,8,13,BISPECIFIC|MAB,WO2024015830A1,"CYTOMX THERAPEUTICS, INC.",True,True
ICAM1,MAB,R&D TRAP,0.426,CONTESTED,1,0.33,2,0.0,weighted_fto_deterministic,0.0,0.0,0.0,0,1,MAB,WO2026038869A1,THE ASAN FOUNDATION,True,True
LAG-3|PD-1,BISPECIFIC,R&D TRAP,0.426,CONTESTED,1,0.33,7,0.0,weighted_fto_deterministic,0.0,0.0,0.0,1,1,BISPECIFIC,WO2014008218A1,BRISTOL-MYERS SQUIBB COMPANY,True,True
MESOTHELIN-DM4,ADC,R&D TRAP,0.426,CONTESTED,1,0.33,2,0.0,weighted_fto_deterministic,0.0,0.0,0.0,1,1,ADC,WO2010124797A1,BAYER PHARMA AKTIENGESELLSCHAFT,True,True
NKG2A,MAB,R&D TRAP,0.426,CONTESTED,1,0.33,4,0.349,weighted_fto_deterministic,0.349,0.469,0.0,5,7,MAB,WO2024260280A1,"ELPISCIENCE (SUZHOU) BIOPHARMA, LTD.",True,True
TNF-ALPHA,MAB,R&D TRAP,0.426,CONTESTED,1,0.33,1,0.452,weighted_fto_deterministic,0.452,0.653,0.0,8,15,MAB,WO2025186390A1,FUNDACIÓN PÚBLICA GALEGA INSTITUTO DE INVESTIGACIÓN SANITARIA DE SANTIAGO DE COMPOSTELA,True,True
HER2-MMAF,ADC,R&D TRAP,0.401,CONTESTED,2,0.67,5,0.424,weighted_fto_deterministic,0.389,0.469,0.463,6,7,ADC,WO2025038638A1,SEAGEN INC.,True,True
KRAS,MAB,R&D TRAP,0.401,CONTESTED,2,0.67,12,0.423,weighted_fto_deterministic,0.423,0.502,0.0,7,9,ADC|MAB,WO2024259398A2,DUKE UNIVERSITY,True,True
5T4|CD3,BISPECIFIC,R&D TRAP,0.354,FAILED / CONTESTED (late),2,0.67,2,0.244,weighted_fto_deterministic,0.239,0.265,0.232,3,3,BISPECIFIC,WO2023061417A1,"CONCEPT TO MEDICINE BIOTECH CO., LTD.",True,True
ANG2,MAB,R&D TRAP,0.354,FAILED / CONTESTED (late),1,0.33,2,0.042,weighted_fto_deterministic,0.0,0.167,0.0,0,2,MAB,WO2015179166A1,ELI LILLY AND COMPANY,True,True
CEACAM5-DM4,ADC,R&D TRAP,0.354,FAILED / CONTESTED (late),1,0.33,1,0.213,weighted_fto_deterministic,0.151,0.334,0.232,2,4,ADC,WO2026082894A1,SANOFI,True,True
FAP,MAB,R&D TRAP,0.354,FAILED / CONTESTED (late),1,0.33,3,0.452,weighted_fto_deterministic,0.452,0.469,0.0,8,10,BISPECIFIC|MAB,WO2026076198A1,UNIVERSITY OF IOWA RESEARCH FOUNDATION,True,True
MAGE,MAB,R&D TRAP,0.354,FAILED / CONTESTED (late),3,1.0,3,0.167,weighted_fto_deterministic,0.151,0.334,0.0,2,5,BISPECIFIC|MAB,WO2025044168A1,"BEIJING WISDOMAB BIOTECHNOLOGY CO., LTD.",True,True
NECTIN4-MMAE,ADC,R&D TRAP,0.354,FAILED / CONTESTED (late),1,0.33,5,0.0,weighted_fto_deterministic,0.0,0.0,0.0,0,1,ADC,WO2026050587A1,"OBI PHARMA, INC.",True,True
PD-1-MMAE,ADC,R&D TRAP,0.354,FAILED / CONTESTED (late),1,0.33,1,0.143,weighted_fto_deterministic,0.0,0.388,0.232,1,5,ADC,WO2024213091A1,"GENEQUANTUM HEALTHCARE (SUZHOU) CO., LTD.",True,True
PD-L1|TGF-BETA1,BISPECIFIC,R&D TRAP,0.354,FAILED / CONTESTED (late),2,0.67,2,0.0,weighted_fto_deterministic,0.0,0.0,0.0,1,1,BISPECIFIC,WO2022006555A2,"GIGAGEN, INC.",True,True
ROR1-MMAE,ADC,R&D TRAP,0.354,FAILED / CONTESTED (late),1,0.33,1,0.042,weighted_fto_deterministic,0.0,0.167,0.0,1,2,ADC,WO2026030396A1,"SYSTIMMUNE, INC.",True,True
HER3-DXD,ADC,R&D TRAP,0.317,FAILED / CONTESTED (late),7,1.0,9,0.0,weighted_fto_deterministic,0.0,0.0,0.0,0,1,ADC,WO2015155998A1,DAIICHI SANKYO COMPANY,True,True
CD22,MAB,R&D TRAP,0.269,FAILED / CONTESTED (late),10,1.0,21,0.249,weighted_fto_deterministic,0.239,0.469,0.0,3,7,MAB,WO2026078620A1,MEDIMMUNE LLC,True,True
CD123|CD3,BISPECIFIC,R&D TRAP,0.25,FAILED / CONTESTED (late),7,1.0,10,0.0,weighted_fto_deterministic,0.0,0.0,0.0,1,1,BISPECIFIC,WO2016036937A1,JANSSEN PHARMACEUTICA NV,True,True
CEACAM5,ADC,R&D TRAP,0.25,FAILED / CONTESTED (late),4,1.0,5,0.477,weighted_fto_deterministic,0.477,0.0,0.0,9,12,ADC|BISPECIFIC|MAB,WO2026052013A1,"BEIJING TIDE PHARMACEUTICAL CO., LTD.",True,True
WT1,MAB,R&D TRAP,0.244,FAILED / CONTESTED (late),1,0.33,4,0.301,weighted_fto_deterministic,0.301,0.334,0.0,4,5,ADC|MAB,WO2026006495A1,"ALLOY THERAPEUTICS, INC.",True,True
CD123,MAB,R&D TRAP,0.178,FAILED / CONTESTED (late),3,1.0,6,0.349,weighted_fto_deterministic,0.349,0.469,0.0,5,7,MAB,WO2025027472A2,ASTRAZENECA AB,True,True
RANKL,MAB,R&D TRAP,0.15,FAILED / CONTESTED (late),2,0.67,3,0.066,weighted_fto_deterministic,0.0,0.265,0.0,0,3,MAB,WO2018080914A1,ELI LILLY AND COMPANY,True,True
ICOS,MAB,R&D TRAP,0.109,FAILED / CONTESTED (late),4,1.0,4,0.477,weighted_fto_deterministic,0.477,0.619,0.0,9,13,MAB,WO2024064338A1,"AGILENT TECHNOLOGIES, INC.",True,True
TIM-3,MAB,R&D TRAP,0.097,FAILED / CONTESTED (late),4,1.0,5,0.452,weighted_fto_deterministic,0.452,0.71,0.0,8,19,MAB,WO2024051670A1,"CHIA TAI TIANQING PHARMACEUTICAL GROUP CO., LTD.",True,True
GD3,MAB,R&D TRAP,0.094,FAILED / CONTESTED (late),2,0.67,2,0.0,weighted_fto_deterministic,0.0,0.0,0.0,1,1,MAB,WO2016185035A1,CELLECTIS,True,True
DR5,MAB,R&D TRAP,0.083,FAILED / CONTESTED (late),4,1.0,4,0.31,weighted_fto_deterministic,0.301,0.579,0.0,4,11,MAB,WO2024148339A1,"IGM BIOSCIENCES, INC.",True,True
MUC16,MAB,R&D TRAP,0.015,FAILED / CONTESTED (late),6,1.0,13,0.389,weighted_fto_deterministic,0.389,0.432,0.0,6,7,BISPECIFIC|MAB,WO2026044055A1,"MODERNATX, INC.",True,True
IGF-1R,MAB,R&D TRAP,0.001,FAILED / CONTESTED (late),25,1.0,57,0.349,weighted_fto_deterministic,0.349,0.432,0.0,5,7,BISPECIFIC|MAB,WO2016174053A1,PIERRE FABRE MEDICAMENT,True,True
TROP-2-SN38,ADC,R&D TRAP,0.001,FAILED / CONTESTED (late),12,1.0,14,0.315,weighted_fto_deterministic,0.151,0.556,0.463,2,10,ADC,WO2026055611A1,"ACTINIUM PHARMACEUTICALS, INC.",True,True
BCMA,BISPECIFIC,RED FLAGS,0.475,CONTESTED,1,0.33,4,0.602,weighted_fto_deterministic,0.602,0.0,0.0,16,25,ADC|BISPECIFIC|MAB,WO2025077315A1,"CARBIOGENE THERAPEUTICS CO., LTD.",True,True
EGFR,BISPECIFIC,RED FLAGS,0.475,CONTESTED,5,1.0,21,0.796,weighted_fto_deterministic,0.796,0.334,0.232,39,76,ADC|BISPECIFIC|MAB,WO2026108369A1,"SHANGHAI RUOTUO BIOSCIENCES CO., LTD.",True,True
MESOTHELIN,MAB,RED FLAGS,0.45,CONTESTED,2,0.67,6,0.628,weighted_fto_deterministic,0.628,0.767,0.0,18,25,BISPECIFIC|MAB,WO2026095670A1,CELLENGENE INC,True,True
CD25,MAB,RED FLAGS,0.426,CONTESTED,1,0.33,15,0.573,weighted_fto_deterministic,0.573,0.767,0.0,14,27,ADC|MAB,WO2026002198A1,"BIO-THERA SOLUTIONS, LTD.",True,True
CD3,MAB,RED FLAGS,0.426,CONTESTED,1,0.33,13,0.746,weighted_fto_deterministic,0.746,0.767,0.0,31,44,BISPECIFIC|MAB,WO2026006494A1,"ALLOY THERAPEUTICS, INC.",True,True
CLDN18.2,ADC,RED FLAGS,0.426,CONTESTED,1,0.33,3,0.651,weighted_fto_deterministic,0.651,0.0,0.0,20,27,ADC|BISPECIFIC|MAB,WO2025060679A1,"RENJI HOSPITAL, SHANGHAI JIAO TONG UNIVERSITY SCHOOL OF MEDICINE",True,True
PSMA|CD3,BISPECIFIC,RED FLAGS,0.426,CONTESTED,1,0.33,1,0.521,weighted_fto_deterministic,0.521,0.556,0.232,11,11,BISPECIFIC|MAB,WO2025171124A1,"REGENERON PHARMACEUTICALS, INC.",True,True
BCMA|CD3,BISPECIFIC,RED FLAGS,0.401,CONTESTED,10,1.0,53,0.573,weighted_fto_deterministic,0.573,0.697,0.367,14,18,BISPECIFIC,WO2026037336A1,LEADS BIOLABS INC.,True,True
HER2-MMAE,ADC,RED FLAGS,0.401,CONTESTED,2,0.67,21,0.506,weighted_fto_deterministic,0.452,0.6,0.538,8,12,ADC,WO2025124556A1,"REMEGEN CO., LTD.",True,True
TCR,MAB,RED FLAGS,0.401,CONTESTED,2,0.67,4,0.521,weighted_fto_deterministic,0.521,0.746,0.0,11,23,BISPECIFIC|MAB,WO2025045018A1,"NANJING LEGEND BIOTECH CO., LTD.",True,True
CD33,MAB,RED FLAGS,0.385,FAILED / CONTESTED (late),16,1.0,52,0.5,weighted_fto_deterministic,0.5,0.619,0.0,10,13,MAB,WO2023137335A2,"ACTINIUM PHARMACEUTICALS, INC.",True,True
CD40,MAB,RED FLAGS,0.354,FAILED / CONTESTED (late),5,1.0,30,0.557,weighted_fto_deterministic,0.557,0.804,0.0,13,30,BISPECIFIC|MAB,WO2025031434A1,"LETO LABORATORIES CO., LTD.",True,True
ROR1,ADC,RED FLAGS,0.354,FAILED / CONTESTED (late),2,0.67,6,0.54,weighted_fto_deterministic,0.54,0.0,0.0,12,16,ADC|BISPECIFIC|MAB,WO2025019787A1,"EXELIXIS, INC.",True,True
ROR1,MAB,RED FLAGS,0.339,FAILED / CONTESTED (late),2,0.67,4,0.54,weighted_fto_deterministic,0.54,0.6,0.0,12,16,ADC|BISPECIFIC|MAB,WO2025019787A1,"EXELIXIS, INC.",True,True
CD3,BISPECIFIC,RED FLAGS,0.332,FAILED / CONTESTED (late),3,1.0,10,0.746,weighted_fto_deterministic,0.746,0.723,0.232,31,44,BISPECIFIC|MAB,WO2026006494A1,"ALLOY THERAPEUTICS, INC.",True,True
PD-1,ADC,RED FLAGS,0.332,FAILED / CONTESTED (late),3,1.0,6,0.929,weighted_fto_deterministic,0.929,0.265,0.367,72,214,ADC|BISPECIFIC|MAB,WO2026059969A1,TRUSTEES OF TUFTS COLLEGE,True,True
OX40,MAB,RED FLAGS,0.31,FAILED / CONTESTED (late),2,0.67,3,0.615,weighted_fto_deterministic,0.615,0.858,0.0,17,35,MAB,WO2024240247A1,"BEIGENE, LTD.",True,True
PD-L1|CD137,BISPECIFIC,RED FLAGS,0.276,FAILED / CONTESTED (late),3,1.0,3,0.513,weighted_fto_deterministic,0.423,0.6,0.65,7,12,BISPECIFIC,WO2025242827A1,GENMAB A/S,True,True
CD47,MAB,RED FLAGS,0.269,FAILED / CONTESTED (late),7,1.0,15,0.69,weighted_fto_deterministic,0.69,0.975,0.0,24,58,BISPECIFIC|MAB,WO2025098399A1,"FOSUN KAIROS (SHANGHAI) BIOTECHNOLOGY CO.,LTD",True,True
CD137,MAB,RED FLAGS,0.231,FAILED / CONTESTED (late),5,1.0,13,0.661,weighted_fto_deterministic,0.661,0.795,0.0,21,27,MAB,WO2025128002A1,NATIONAL UNIVERSITY OF SINGAPORE,True,True
HER3,MAB,RED FLAGS,0.15,FAILED / CONTESTED (late),7,1.0,15,0.557,weighted_fto_deterministic,0.557,0.723,0.0,13,20,MAB,WO2026041029A1,"XADCERA BIOPHARMACEUTICAL (SUZHOU) CO., LTD.",True,True
DLL3,ADC,RED FLAGS,0.116,FAILED / CONTESTED (late),5,1.0,8,0.54,weighted_fto_deterministic,0.54,0.167,0.0,12,17,ADC|BISPECIFIC|MAB,WO2026067620A1,"TJ BIOPHARMA (SHANGHAI) CO., LTD.",True,True
MET,MAB,RED FLAGS,0.071,FAILED / CONTESTED (late),13,1.0,37,0.661,weighted_fto_deterministic,0.661,0.777,0.0,21,33,ADC|BISPECIFIC|MAB,WO2025146620A1,CHONG KUN DANG PHARMACEUTICAL CORP.,True,True
TIGIT,MAB,RED FLAGS,0.026,FAILED / CONTESTED (late),7,1.0,11,0.739,weighted_fto_deterministic,0.739,0.913,0.0,30,46,BISPECIFIC|MAB,WO2025255297A1,"AGILENT TECHNOLOGIES, INC.",True,True
MET-MMAE,ADC,UNRESOLVED,0.989,VALIDATED,10,1.0,12,,UNRESOLVED_no_grounded_patents,0.0,0.0,0.0,0,0,,,,False,True
TROP-2-KL610023,ADC,UNRESOLVED,0.972,VALIDATED,5,1.0,14,,UNRESOLVED_no_grounded_patents,0.0,0.0,0.0,0,0,,,,False,True
HER2-TOP1I,ADC,UNRESOLVED,0.97,VALIDATED,6,1.0,11,,UNRESOLVED_no_grounded_patents,0.0,0.0,0.0,0,0,,,,False,True
HER2|PD-1,MAB,UNRESOLVED,0.926,VALIDATED,4,1.0,27,,UNRESOLVED_no_grounded_patents,0.0,0.0,0.0,0,0,,,,False,True
VEGF|MUC16,MAB,UNRESOLVED,0.912,VALIDATED,5,1.0,15,,UNRESOLVED_no_grounded_patents,0.0,0.0,0.0,0,0,,,,False,True
CD19|CD22,CAR-T,UNRESOLVED,0.881,VALIDATED,13,1.0,75,,UNRESOLVED_no_grounded_patents,0.0,0.0,0.0,0,0,,,,False,True
NECTIN4,ADC,UNRESOLVED,0.832,VALIDATED,6,1.0,29,,UNRESOLVED_no_grounded_patents,0.423,0.0,0.0,7,14,BISPECIFIC|MAB,WO2026050866A1,ACT225 BIOTHERAPEUTICS CORPORATION,False,True
CD22,ADC,UNRESOLVED,0.802,VALIDATED,7,1.0,14,,UNRESOLVED_no_grounded_patents,0.239,0.0,0.0,3,7,MAB,WO2026078620A1,MEDIMMUNE LLC,False,True
EGFR|HER3-TOP1I,ADC,UNRESOLVED,0.802,VALIDATED,3,1.0,7,,UNRESOLVED_no_grounded_patents,0.0,0.0,0.0,0,0,,,,False,True
PD-1|FGFR,MAB,UNRESOLVED,0.774,VALIDATED,7,1.0,11,,UNRESOLVED_no_grounded_patents,0.0,0.0,0.0,0,0,,,,False,True
VEGF|PD-1|PD-L1,MAB,UNRESOLVED,0.774,VALIDATED,3,1.0,15,,UNRESOLVED_no_grounded_patents,0.0,0.0,0.0,0,0,,,,False,True
BCL-2|BTK|CD20,MAB,UNRESOLVED,0.769,VALIDATED,2,0.67,3,,UNRESOLVED_no_grounded_patents,0.0,0.0,0.0,0,0,,,,False,True
CD3|EGFR,BISPECIFIC,UNRESOLVED,0.769,VALIDATED,2,0.67,5,,UNRESOLVED_no_grounded_patents,0.0,0.0,0.0,0,0,,,,False,True
HER2-REZETECAN,ADC,UNRESOLVED,0.769,VALIDATED,2,0.67,3,,UNRESOLVED_no_grounded_patents,0.0,0.0,0.0,0,0,,,,False,True
PD-1|PD-L1|CTLA-4,MAB,UNRESOLVED,0.769,VALIDATED,2,0.67,4,,UNRESOLVED_no_grounded_patents,0.0,0.0,0.0,0,0,,,,False,True
BCMA|CD38,ADC,UNRESOLVED,0.756,VALIDATED,1,0.33,4,,UNRESOLVED_no_grounded_patents,0.0,0.0,0.0,0,0,,,,False,True
CD20|CD19|CD79B,MAB,UNRESOLVED,0.756,VALIDATED,1,0.33,1,,UNRESOLVED_no_grounded_patents,0.0,0.0,0.0,0,0,,,,False,True
CD22|CD123|CD19|CD20|CD33|CD38,ADC,UNRESOLVED,0.756,VALIDATED,1,0.33,1,,UNRESOLVED_no_grounded_patents,0.0,0.0,0.0,0,0,,,,False,True
CD33|WT1-CALICHEAMICIN,ADC,UNRESOLVED,0.756,VALIDATED,1,0.33,1,,UNRESOLVED_no_grounded_patents,0.0,0.0,0.0,0,0,,,,False,True
CEA|CEACAM5|MUC16|PD-L1,MAB,UNRESOLVED,0.756,VALIDATED,1,0.33,1,,UNRESOLVED_no_grounded_patents,0.0,0.0,0.0,0,0,,,,False,True
HER2|EGFR-MMAF,ADC,UNRESOLVED,0.756,VALIDATED,1,0.33,1,,UNRESOLVED_no_grounded_patents,0.0,0.0,0.0,0,0,,,,False,True
PD-1|EGFR|PD-L1|VEGF,MAB,UNRESOLVED,0.756,VALIDATED,1,0.33,1,,UNRESOLVED_no_grounded_patents,0.0,0.0,0.0,0,0,,,,False,True
PD-1|PD-L1-MMAE,ADC,UNRESOLVED,0.756,VALIDATED,1,0.33,1,,UNRESOLVED_no_grounded_patents,0.0,0.0,0.0,0,0,,,,False,True
PD-L1,ADC,UNRESOLVED,0.756,VALIDATED,1,0.33,2,,UNRESOLVED_no_grounded_patents,0.923,0.0,0.0,70,150,BISPECIFIC|MAB,WO2026074471A1,JANSSEN PHARMACEUTICA NV,False,True
BTK,UNCLASSIFIED,UNRESOLVED,0.75,VALIDATED,10,1.0,45,,UNRESOLVED_no_grounded_patents,0.0,0.0,0.0,1,4,MAB|PROTAC,WO2025121806A1,INJE UNIVERSITY INDUSTRY-ACADEMIC COOPERATION FOUNDATION,False,True
BTK|CD20,MAB,UNRESOLVED,0.75,VALIDATED,3,1.0,9,,UNRESOLVED_no_grounded_patents,0.0,0.0,0.0,0,0,,,,False,True
CD20|BTK,MAB,UNRESOLVED,0.75,VALIDATED,10,1.0,63,,UNRESOLVED_no_grounded_patents,0.0,0.0,0.0,0,0,,,,False,True
CD20|CD19,MAB,UNRESOLVED,0.75,VALIDATED,8,1.0,23,,UNRESOLVED_no_grounded_patents,0.0,0.0,0.0,0,0,,,,False,True
CD30|CD20,ADC,UNRESOLVED,0.75,VALIDATED,5,1.0,6,,UNRESOLVED_no_grounded_patents,0.0,0.0,0.0,0,0,,,,False,True
CTLA-4|PD-1|TCR,MAB,UNRESOLVED,0.75,VALIDATED,2,0.67,4,,UNRESOLVED_no_grounded_patents,0.0,0.0,0.0,0,0,,,,False,True
HER2|ER,MAB,UNRESOLVED,0.75,VALIDATED,15,1.0,65,,UNRESOLVED_no_grounded_patents,0.0,0.0,0.0,0,0,,,,False,True
NECTIN4|PD-1,ADC,UNRESOLVED,0.75,VALIDATED,3,1.0,34,,UNRESOLVED_no_grounded_patents,0.0,0.0,0.0,0,0,,,,False,True
PD-1|EGFR|PD-L1,MAB,UNRESOLVED,0.75,VALIDATED,2,0.67,12,,UNRESOLVED_no_grounded_patents,0.0,0.0,0.0,0,0,,,,False,True
PD-1|PD-L1,MAB,UNRESOLVED,0.75,VALIDATED,89,1.0,455,,UNRESOLVED_no_grounded_patents,0.301,0.0,0.0,4,6,BISPECIFIC,WO2025185733A1,BIOTHEUS INC.,False,True
PD-1|VEGF,MAB,UNRESOLVED,0.75,VALIDATED,11,1.0,80,,UNRESOLVED_no_grounded_patents,0.0,0.0,0.0,1,2,BISPECIFIC,WO2026064650A1,"PARAGON THERAPEUTICS, INC.",False,True
PD-L1|VEGF,MAB,UNRESOLVED,0.75,VALIDATED,13,1.0,75,,UNRESOLVED_no_grounded_patents,0.239,0.0,0.0,3,3,BISPECIFIC,WO2024140996A2,"SHANGHAI HENLIUS BIOTECH, INC.",False,True
TROP-2,ADC,UNRESOLVED,0.75,VALIDATED,15,1.0,73,,UNRESOLVED_no_grounded_patents,0.557,0.0,0.0,13,22,BISPECIFIC|MAB,WO2026059880A1,"MODERNATX, INC.",False,True
VEGF|EGFR,MAB,UNRESOLVED,0.75,VALIDATED,13,1.0,89,,UNRESOLVED_no_grounded_patents,0.0,0.0,0.0,1,1,BISPECIFIC,WO2019195313A1,"POLLACK, ARYEH, L.",False,True
ER|HER2,MAB,UNRESOLVED,0.668,VALIDATED,4,1.0,9,,UNRESOLVED_no_grounded_patents,0.0,0.0,0.0,0,0,,,,False,True
PD-L1|HER2,MAB,UNRESOLVED,0.653,VALIDATED,3,1.0,13,,UNRESOLVED_no_grounded_patents,0.0,0.0,0.0,0,1,BISPECIFIC,WO2025113646A1,"JIANGSU ALPHAMAB BIOPHARMACEUTICALS CO., LTD.",False,True
ALK|EGFR|FGFR|HER2|LAG-3,ADC,UNRESOLVED,0.646,VALIDATED,1,0.33,1,,UNRESOLVED_no_grounded_patents,0.0,0.0,0.0,0,0,,,,False,True
AR|HER3,MAB,UNRESOLVED,0.646,VALIDATED,1,0.33,1,,UNRESOLVED_no_grounded_patents,0.0,0.0,0.0,0,0,,,,False,True
BCL-2|CD20,MAB,UNRESOLVED,0.646,VALIDATED,1,0.33,5,,UNRESOLVED_no_grounded_patents,0.0,0.0,0.0,0,0,,,,False,True
BCMA|CD25,CAR-T,UNRESOLVED,0.646,VALIDATED,1,0.33,2,,UNRESOLVED_no_grounded_patents,0.0,0.0,0.0,0,0,,,,False,True
BTK|CD19,MAB,UNRESOLVED,0.646,VALIDATED,1,0.33,1,,UNRESOLVED_no_grounded_patents,0.0,0.0,0.0,0,0,,,,False,True
CD19|CD20|CD22|CD30,CAR-T,UNRESOLVED,0.646,VALIDATED,1,0.33,1,,UNRESOLVED_no_grounded_patents,0.0,0.0,0.0,0,0,,,,False,True
CD19|TCR,BISPECIFIC,UNRESOLVED,0.646,VALIDATED,1,0.33,1,,UNRESOLVED_no_grounded_patents,0.0,0.0,0.0,0,0,,,,False,True
CD20|5T4,MAB,UNRESOLVED,0.646,VALIDATED,1,0.33,1,,UNRESOLVED_no_grounded_patents,0.0,0.0,0.0,0,0,,,,False,True
CD20|CD79B,ADC,UNRESOLVED,0.646,VALIDATED,1,0.33,1,,UNRESOLVED_no_grounded_patents,0.0,0.0,0.0,0,0,,,,False,True
CD20|VEGFR2,MAB,UNRESOLVED,0.646,VALIDATED,1,0.33,1,,UNRESOLVED_no_grounded_patents,0.0,0.0,0.0,0,0,,,,False,True
CD22|ANG2,MAB,UNRESOLVED,0.646,VALIDATED,1,0.33,1,,UNRESOLVED_no_grounded_patents,0.0,0.0,0.0,0,0,,,,False,True
CD22|CD19|CD3|CD25|CD28,BISPECIFIC,UNRESOLVED,0.646,VALIDATED,1,0.33,1,,UNRESOLVED_no_grounded_patents,0.0,0.0,0.0,0,0,,,,False,True
CD25|PD-1|PD-L1,MAB,UNRESOLVED,0.646,VALIDATED,1,0.33,1,,UNRESOLVED_no_grounded_patents,0.0,0.0,0.0,0,0,,,,False,True
CD30,BISPECIFIC,UNRESOLVED,0.646,VALIDATED,1,0.33,1,,UNRESOLVED_no_grounded_patents,0.239,0.0,0.0,3,9,MAB,WO2025169056A1,SEAGEN INC.,False,True
CD38|CTLA-4|LAG-3|PD-1,MAB,UNRESOLVED,0.646,VALIDATED,1,0.33,1,,UNRESOLVED_no_grounded_patents,0.0,0.0,0.0,0,0,,,,False,True
CD40|PD-1,MAB,UNRESOLVED,0.646,VALIDATED,1,0.33,1,,UNRESOLVED_no_grounded_patents,0.0,0.0,0.0,0,0,,,,False,True
CLDN18.2|CTLA-4|PD-1|PD-L1,BISPECIFIC,UNRESOLVED,0.646,VALIDATED,1,0.33,1,,UNRESOLVED_no_grounded_patents,0.0,0.0,0.0,0,0,,,,False,True
CLDN18.2|PD-1,MAB,UNRESOLVED,0.646,VALIDATED,1,0.33,1,,UNRESOLVED_no_grounded_patents,0.0,0.0,0.0,0,0,,,,False,True
CLDN18.2|VEGF,MAB,UNRESOLVED,0.646,VALIDATED,1,0.33,1,,UNRESOLVED_no_grounded_patents,0.0,0.0,0.0,0,0,,,,False,True
CTLA-4|HER2|PD-1|PD-L1,BISPECIFIC,UNRESOLVED,0.646,VALIDATED,1,0.33,2,,UNRESOLVED_no_grounded_patents,0.0,0.0,0.0,0,0,,,,False,True
EGFR|HER2,MAB,UNRESOLVED,0.646,VALIDATED,1,0.33,18,,UNRESOLVED_no_grounded_patents,0.0,0.0,0.0,0,0,,,,False,True
HER2-DUO5,ADC,UNRESOLVED,0.646,VALIDATED,1,0.33,1,,UNRESOLVED_no_grounded_patents,0.0,0.0,0.0,0,0,,,,False,True
HER2-ERIBULIN,ADC,UNRESOLVED,0.646,VALIDATED,1,0.33,1,,UNRESOLVED_no_grounded_patents,0.0,0.0,0.0,0,0,,,,False,True
HER2|PD-1,BISPECIFIC,UNRESOLVED,0.646,VALIDATED,1,0.33,4,,UNRESOLVED_no_grounded_patents,0.0,0.0,0.0,0,0,,,,False,True
HER2|TROP-2,ADC,UNRESOLVED,0.646,VALIDATED,1,0.33,13,,UNRESOLVED_no_grounded_patents,0.239,0.0,0.0,3,3,BISPECIFIC,WO2024118931A2,BRIGHT BIOLOGICS LLC,False,True
HER2|TROP-2-KL610023,ADC,UNRESOLVED,0.646,VALIDATED,1,0.33,1,,UNRESOLVED_no_grounded_patents,0.0,0.0,0.0,0,0,,,,False,True
HER2|VEGF,ADC,UNRESOLVED,0.646,VALIDATED,1,0.33,6,,UNRESOLVED_no_grounded_patents,0.0,0.0,0.0,1,1,BISPECIFIC,WO2022104186A1,TAVOTEK BIOTHERAPEUTICS (HONG KONG) LIMITED,False,True
HER3|HER2,ADC,UNRESOLVED,0.646,VALIDATED,1,0.33,2,,UNRESOLVED_no_grounded_patents,0.239,0.0,0.0,3,5,BISPECIFIC,WO2023166098A1,BIOMUNEX PHARMACEUTICALS,False,True
HER3|HER2,MAB,UNRESOLVED,0.646,VALIDATED,1,0.33,3,,UNRESOLVED_no_grounded_patents,0.239,0.0,0.0,3,5,BISPECIFIC,WO2023166098A1,BIOMUNEX PHARMACEUTICALS,False,True
HER3|PD-1|VEGF,BISPECIFIC,UNRESOLVED,0.646,VALIDATED,1,0.33,1,,UNRESOLVED_no_grounded_patents,0.0,0.0,0.0,0,0,,,,False,True
PD-1|CD16|ER,MAB,UNRESOLVED,0.646,VALIDATED,1,0.33,1,,UNRESOLVED_no_grounded_patents,0.0,0.0,0.0,0,0,,,,False,True
PD-1|CD19,CAR-T,UNRESOLVED,0.646,VALIDATED,1,0.33,2,,UNRESOLVED_no_grounded_patents,0.0,0.0,0.0,0,0,,,,False,True
PD-1|CD19,MAB,UNRESOLVED,0.646,VALIDATED,1,0.33,4,,UNRESOLVED_no_grounded_patents,0.0,0.0,0.0,0,0,,,,False,True
PD-1|LAG-3,MAB,UNRESOLVED,0.646,VALIDATED,5,1.0,38,,UNRESOLVED_no_grounded_patents,0.349,0.0,0.0,5,7,BISPECIFIC,WO2024072893A1,INCYTE CORPORATION,False,True
PD-1|LAG-3|PD-L1|TIM-3,MAB,UNRESOLVED,0.646,VALIDATED,1,0.33,1,,UNRESOLVED_no_grounded_patents,0.0,0.0,0.0,0,0,,,,False,True
PD-1|PD-L1|PD-L2,MAB,UNRESOLVED,0.646,VALIDATED,1,0.33,1,,UNRESOLVED_no_grounded_patents,0.0,0.0,0.0,0,0,,,,False,True
PD-L1-TOP1I,ADC,UNRESOLVED,0.646,VALIDATED,1,0.33,4,,UNRESOLVED_no_grounded_patents,0.0,0.0,0.0,0,0,,,,False,True
ROR1|CD20,ADC,UNRESOLVED,0.646,VALIDATED,1,0.33,3,,UNRESOLVED_no_grounded_patents,0.0,0.0,0.0,0,0,,,,False,True
SEMA4D|PD-L1,MAB,UNRESOLVED,0.646,VALIDATED,1,0.33,1,,UNRESOLVED_no_grounded_patents,0.0,0.0,0.0,0,0,,,,False,True
TISSUE FACTOR|PD-1,ADC,UNRESOLVED,0.646,VALIDATED,1,0.33,1,,UNRESOLVED_no_grounded_patents,0.0,0.0,0.0,0,0,,,,False,True
TISSUE FACTOR|PD-1|VEGF,ADC,UNRESOLVED,0.646,VALIDATED,1,0.33,1,,UNRESOLVED_no_grounded_patents,0.0,0.0,0.0,0,0,,,,False,True
TROP-2|PD-1,ADC,UNRESOLVED,0.646,VALIDATED,1,0.33,23,,UNRESOLVED_no_grounded_patents,0.0,0.0,0.0,0,0,,,,False,True
VEGF|BCL-XL,MAB,UNRESOLVED,0.646,VALIDATED,1,0.33,1,,UNRESOLVED_no_grounded_patents,0.0,0.0,0.0,0,0,,,,False,True
VEGF|ER|HER2,MAB,UNRESOLVED,0.646,VALIDATED,1,0.33,7,,UNRESOLVED_no_grounded_patents,0.0,0.0,0.0,0,0,,,,False,True
WT1,CAR-T,UNRESOLVED,0.646,VALIDATED,1,0.33,9,,UNRESOLVED_no_grounded_patents,0.301,0.0,0.0,4,5,ADC|MAB,WO2026006495A1,"ALLOY THERAPEUTICS, INC.",False,True
CD20,BISPECIFIC,UNRESOLVED,0.622,VALIDATED,2,0.67,7,,UNRESOLVED_no_grounded_patents,0.477,0.0,0.0,9,39,MAB,WO2025253079A1,CENTRE NATIONAL DE LA RECHERCHE SCIENTIFIQUE,False,True
HER2|PD-1,ADC,UNRESOLVED,0.622,VALIDATED,3,1.0,44,,UNRESOLVED_no_grounded_patents,0.0,0.0,0.0,0,0,,,,False,True
PD-1|CD28,MAB,UNRESOLVED,0.622,VALIDATED,2,0.67,2,,UNRESOLVED_no_grounded_patents,0.151,0.0,0.0,2,3,BISPECIFIC,WO2020127618A1,F. HOFFMANN-LA ROCHE AG,False,True
CD3|GPRC5D,BISPECIFIC,UNRESOLVED,0.599,CONTESTED,2,0.67,3,,UNRESOLVED_no_grounded_patents,0.0,0.0,0.0,0,0,,,,False,True
HER2-AURISTATIN,ADC,UNRESOLVED,0.599,CONTESTED,3,1.0,6,,UNRESOLVED_no_grounded_patents,0.0,0.0,0.0,0,0,,,,False,True
PD-1|CD73,MAB,UNRESOLVED,0.599,CONTESTED,2,0.67,13,,UNRESOLVED_no_grounded_patents,0.0,0.0,0.0,0,0,,,,False,True
CD20|CD38,MAB,UNRESOLVED,0.574,CONTESTED,2,0.67,2,,UNRESOLVED_no_grounded_patents,0.0,0.0,0.0,0,0,,,,False,True
CD30|ALK,ADC,UNRESOLVED,0.574,CONTESTED,2,0.67,2,,UNRESOLVED_no_grounded_patents,0.0,0.0,0.0,0,0,,,,False,True
CD33-CALICHEAMICIN,ADC,UNRESOLVED,0.574,CONTESTED,2,0.67,4,,UNRESOLVED_no_grounded_patents,0.0,0.0,0.0,0,0,,,,False,True
HER2|EGFR,ADC,UNRESOLVED,0.574,CONTESTED,2,0.67,4,,UNRESOLVED_no_grounded_patents,0.301,0.0,0.0,4,4,BISPECIFIC,WO2017185177A1,ZYMEWORKS INC.,False,True
HER2|EGFR,MAB,UNRESOLVED,0.574,CONTESTED,2,0.67,18,,UNRESOLVED_no_grounded_patents,0.301,0.0,0.0,4,4,BISPECIFIC,WO2017185177A1,ZYMEWORKS INC.,False,True
HER2|HER3|AR|EGFR,BISPECIFIC,UNRESOLVED,0.574,CONTESTED,2,0.67,2,,UNRESOLVED_no_grounded_patents,0.0,0.0,0.0,0,0,,,,False,True
PD-1|CEA,MAB,UNRESOLVED,0.574,CONTESTED,2,0.67,2,,UNRESOLVED_no_grounded_patents,0.0,0.0,0.0,0,0,,,,False,True
VEGF|PD-1,MAB,UNRESOLVED,0.574,CONTESTED,2,0.67,51,,UNRESOLVED_no_grounded_patents,0.0,0.0,0.0,0,2,BISPECIFIC,WO2026067774A1,"HANX BIOPHARMACEUTICALS (WUHAN) CO., LTD.",False,True
CD137|CTLA-4,MAB,UNRESOLVED,0.55,CONTESTED,1,0.33,1,,UNRESOLVED_no_grounded_patents,0.0,0.0,0.0,0,0,,,,False,True
CD137|PD-1,MAB,UNRESOLVED,0.55,CONTESTED,1,0.33,4,,UNRESOLVED_no_grounded_patents,0.0,0.0,0.0,0,0,,,,False,True
CD19|CD3|BCL-2,BISPECIFIC,UNRESOLVED,0.55,CONTESTED,1,0.33,3,,UNRESOLVED_no_grounded_patents,0.0,0.0,0.0,0,0,,,,False,True
CD19|CD3|CD20|BCL-2,BISPECIFIC,UNRESOLVED,0.55,CONTESTED,1,0.33,1,,UNRESOLVED_no_grounded_patents,0.0,0.0,0.0,0,0,,,,False,True
CD19|CD3|CTLA-4|PD-1,BISPECIFIC,UNRESOLVED,0.55,CONTESTED,1,0.33,1,,UNRESOLVED_no_grounded_patents,0.0,0.0,0.0,0,0,,,,False,True
CD19|PD-1|PD-L1,MAB,UNRESOLVED,0.55,CONTESTED,1,0.33,1,,UNRESOLVED_no_grounded_patents,0.0,0.0,0.0,0,0,,,,False,True
CD20|CD3|CEA,BISPECIFIC,UNRESOLVED,0.55,CONTESTED,1,0.33,1,,UNRESOLVED_no_grounded_patents,0.0,0.0,0.0,0,0,,,,False,True
CD30|PD-1,MAB,UNRESOLVED,0.55,CONTESTED,1,0.33,2,,UNRESOLVED_no_grounded_patents,0.0,0.0,0.0,0,0,,,,False,True
CD33,CAR-T,UNRESOLVED,0.55,CONTESTED,3,1.0,16,,UNRESOLVED_no_grounded_patents,0.5,0.0,0.0,10,13,MAB,WO2023137335A2,"ACTINIUM PHARMACEUTICALS, INC.",False,True
CD3|CD30,BISPECIFIC,UNRESOLVED,0.55,CONTESTED,1,0.33,1,,UNRESOLVED_no_grounded_patents,0.0,0.0,0.0,0,0,,,,False,True
CD73|PD-1,MAB,UNRESOLVED,0.55,CONTESTED,1,0.33,1,,UNRESOLVED_no_grounded_patents,0.0,0.0,0.0,0,0,,,,False,True
CTLA-4|HER2|PD-1|TCR,MAB,UNRESOLVED,0.55,CONTESTED,1,0.33,1,,UNRESOLVED_no_grounded_patents,0.0,0.0,0.0,0,0,,,,False,True
DLL3|CD3,BITE,UNRESOLVED,0.55,CONTESTED,1,0.33,7,,UNRESOLVED_no_grounded_patents,0.452,0.0,0.0,8,10,BISPECIFIC,WO2025146127A1,"HAINAN SIMCERE ZAIMING PHARMACEUTICAL CO., LTD.",False,True
EGFR|HER2,ADC,UNRESOLVED,0.55,CONTESTED,1,0.33,2,,UNRESOLVED_no_grounded_patents,0.0,0.0,0.0,0,0,,,,False,True
EGFR|HER3,MAB,UNRESOLVED,0.55,CONTESTED,1,0.33,5,,UNRESOLVED_no_grounded_patents,0.151,0.0,0.0,2,2,BISPECIFIC,WO2023028548A2,"SYSTIMMUNE, INC.",False,True
FGFR-DM4,ADC,UNRESOLVED,0.55,CONTESTED,1,0.33,1,,UNRESOLVED_no_grounded_patents,0.0,0.0,0.0,0,0,,,,False,True
HER2|CD137,ADC,UNRESOLVED,0.55,CONTESTED,1,0.33,1,,UNRESOLVED_no_grounded_patents,0.239,0.0,0.0,3,6,BISPECIFIC,WO2025211753A1,YUHAN CORPORATION,False,True
HER2|IGF-1R,MAB,UNRESOLVED,0.55,CONTESTED,3,1.0,5,,UNRESOLVED_no_grounded_patents,0.0,0.0,0.0,0,0,,,,False,True
MET-TOP1I,ADC,UNRESOLVED,0.55,CONTESTED,1,0.33,2,,UNRESOLVED_no_grounded_patents,0.0,0.0,0.0,0,0,,,,False,True
MET|PSMA,MAB,UNRESOLVED,0.55,CONTESTED,1,0.33,2,,UNRESOLVED_no_grounded_patents,0.0,0.0,0.0,0,0,,,,False,True
PSMA|PD-1,MAB,UNRESOLVED,0.55,CONTESTED,1,0.33,1,,UNRESOLVED_no_grounded_patents,0.0,0.0,0.0,0,0,,,,False,True
EGFR|VEGF,MAB,UNRESOLVED,0.508,CONTESTED,5,1.0,19,,UNRESOLVED_no_grounded_patents,0.0,0.0,0.0,0,0,,,,False,True
PD-1|TIGIT|PD-L1,MAB,UNRESOLVED,0.508,CONTESTED,2,0.67,5,,UNRESOLVED_no_grounded_patents,0.0,0.0,0.0,0,0,,,,False,True
CD22|CD20,MAB,UNRESOLVED,0.5,CONTESTED,3,1.0,5,,UNRESOLVED_no_grounded_patents,0.0,0.0,0.0,0,0,,,,False,True
CTLA-4|PD-1|PD-L1,BISPECIFIC,UNRESOLVED,0.5,CONTESTED,2,0.67,11,,UNRESOLVED_no_grounded_patents,0.0,0.0,0.0,0,0,,,,False,True
HER2|PD-1|PD-L1,ADC,UNRESOLVED,0.5,CONTESTED,2,0.67,4,,UNRESOLVED_no_grounded_patents,0.0,0.0,0.0,0,0,,,,False,True
MESOTHELIN,CAR-T,UNRESOLVED,0.5,CONTESTED,5,1.0,41,,UNRESOLVED_no_grounded_patents,0.628,0.0,0.0,18,25,BISPECIFIC|MAB,WO2026095670A1,CELLENGENE INC,False,True
PD-L1|CTLA-4,MAB,UNRESOLVED,0.5,CONTESTED,2,0.67,4,,UNRESOLVED_no_grounded_patents,0.0,0.0,0.0,0,0,,,,False,True
5T4-AURISTATIN,ADC,UNRESOLVED,0.475,CONTESTED,1,0.33,1,,UNRESOLVED_no_grounded_patents,0.0,0.0,0.0,0,0,,,,False,True
AXL,CAR-T,UNRESOLVED,0.475,CONTESTED,1,0.33,1,,UNRESOLVED_no_grounded_patents,0.452,0.0,0.0,8,17,ADC|BISPECIFIC|MAB,WO2024263143A1,T.C. ANKARA UNIVERSITESI REKTORLUGU,False,True
B7-H3-REZETECAN,ADC,UNRESOLVED,0.475,CONTESTED,2,0.67,6,,UNRESOLVED_no_grounded_patents,0.0,0.0,0.0,0,0,,,,False,True
B7-H4-MMAE,ADC,UNRESOLVED,0.475,CONTESTED,1,0.33,1,,UNRESOLVED_no_grounded_patents,0.0,0.0,0.0,0,0,,,,False,True
BCL-2|CD137|CD19,CAR-T,UNRESOLVED,0.475,CONTESTED,1,0.33,1,,UNRESOLVED_no_grounded_patents,0.0,0.0,0.0,0,0,,,,False,True
BCL-2|CD33,MAB,UNRESOLVED,0.475,CONTESTED,1,0.33,1,,UNRESOLVED_no_grounded_patents,0.0,0.0,0.0,0,0,,,,False,True
BCL-2|CTLA-4|PD-1|PD-L1,MAB,UNRESOLVED,0.475,CONTESTED,1,0.33,1,,UNRESOLVED_no_grounded_patents,0.0,0.0,0.0,0,0,,,,False,True
BCMA-MAYTANSINOID,ADC,UNRESOLVED,0.475,CONTESTED,1,0.33,1,,UNRESOLVED_no_grounded_patents,0.0,0.0,0.0,0,0,,,,False,True
BCMA|CD123|CD19,CAR-T,UNRESOLVED,0.475,CONTESTED,1,0.33,2,,UNRESOLVED_no_grounded_patents,0.0,0.0,0.0,0,0,,,,False,True
BCMA|CD19,CAR-T,UNRESOLVED,0.475,CONTESTED,1,0.33,40,,UNRESOLVED_no_grounded_patents,0.0,0.0,0.0,0,0,,,,False,True
BCMA|CD19,UNCLASSIFIED,UNRESOLVED,0.475,CONTESTED,1,0.33,7,,UNRESOLVED_no_grounded_patents,0.0,0.0,0.0,0,0,,,,False,True
BCMA|CD38,MAB,UNRESOLVED,0.475,CONTESTED,1,0.33,4,,UNRESOLVED_no_grounded_patents,0.0,0.0,0.0,0,0,,,,False,True
BET|BRD4,UNCLASSIFIED,UNRESOLVED,0.475,CONTESTED,1,0.33,5,,UNRESOLVED_no_grounded_patents,0.0,0.0,0.0,0,0,,,,False,True
BET|BRD4|HER2,UNCLASSIFIED,UNRESOLVED,0.475,CONTESTED,1,0.33,1,,UNRESOLVED_no_grounded_patents,0.0,0.0,0.0,0,0,,,,False,True
BTK|CD19,CAR-T,UNRESOLVED,0.475,CONTESTED,1,0.33,2,,UNRESOLVED_no_grounded_patents,0.0,0.0,0.0,0,0,,,,False,True
BTK|CD19,UNCLASSIFIED,UNRESOLVED,0.475,CONTESTED,1,0.33,2,,UNRESOLVED_no_grounded_patents,0.0,0.0,0.0,0,0,,,,False,True
CD137|CD19,MAB,UNRESOLVED,0.475,CONTESTED,1,0.33,2,,UNRESOLVED_no_grounded_patents,0.0,0.0,0.0,0,0,,,,False,True
CD16|CD38,UNCLASSIFIED,UNRESOLVED,0.475,CONTESTED,1,0.33,2,,UNRESOLVED_no_grounded_patents,0.0,0.0,0.0,0,0,,,,False,True
CD19,BITE,UNRESOLVED,0.475,CONTESTED,1,0.33,2,,UNRESOLVED_no_grounded_patents,0.628,0.0,0.0,18,27,ADC|MAB,WO2025251008A1,"CABALETTA BIO, INC.",False,True
CD19|CD20|CD22,CAR-T,UNRESOLVED,0.475,CONTESTED,1,0.33,6,,UNRESOLVED_no_grounded_patents,0.0,0.0,0.0,0,0,,,,False,True
CD19|CD20|CD22,UNCLASSIFIED,UNRESOLVED,0.475,CONTESTED,1,0.33,1,,UNRESOLVED_no_grounded_patents,0.0,0.0,0.0,0,0,,,,False,True
CD19|CD20|NKG2D,CAR-T,UNRESOLVED,0.475,CONTESTED,1,0.33,1,,UNRESOLVED_no_grounded_patents,0.0,0.0,0.0,0,0,,,,False,True
CD19|EGFR,CAR-T,UNRESOLVED,0.475,CONTESTED,1,0.33,4,,UNRESOLVED_no_grounded_patents,0.0,0.0,0.0,0,0,,,,False,True
CD19|TCR,CAR-T,UNRESOLVED,0.475,CONTESTED,1,0.33,1,,UNRESOLVED_no_grounded_patents,0.0,0.0,0.0,0,0,,,,False,True
CD20|CD137,MAB,UNRESOLVED,0.475,CONTESTED,2,0.67,2,,UNRESOLVED_no_grounded_patents,0.0,0.0,0.0,0,0,,,,False,True
CD20|CD19|CD47|SIRP-ALPHA,MAB,UNRESOLVED,0.475,CONTESTED,1,0.33,1,,UNRESOLVED_no_grounded_patents,0.0,0.0,0.0,0,0,,,,False,True
CD20|CD40,MAB,UNRESOLVED,0.475,CONTESTED,2,0.67,2,,UNRESOLVED_no_grounded_patents,0.0,0.0,0.0,1,1,BISPECIFIC,WO2014076292A1,BALIOPHARM AG,False,True
CD20|CD47,UNCLASSIFIED,UNRESOLVED,0.475,CONTESTED,1,0.33,1,,UNRESOLVED_no_grounded_patents,0.0,0.0,0.0,0,0,,,,False,True
CD20|CD47|SIRP-ALPHA,MAB,UNRESOLVED,0.475,CONTESTED,1,0.33,3,,UNRESOLVED_no_grounded_patents,0.0,0.0,0.0,0,0,,,,False,True
CD20|CRBN,MAB,UNRESOLVED,0.475,CONTESTED,1,0.33,3,,UNRESOLVED_no_grounded_patents,0.0,0.0,0.0,0,0,,,,False,True
CD20|PD-L1,MAB,UNRESOLVED,0.475,CONTESTED,1,0.33,1,,UNRESOLVED_no_grounded_patents,0.0,0.0,0.0,0,0,,,,False,True
CD20|ROR1,CAR-T,UNRESOLVED,0.475,CONTESTED,1,0.33,1,,UNRESOLVED_no_grounded_patents,0.0,0.0,0.0,0,0,,,,False,True
CD24|ER|HER2,UNCLASSIFIED,UNRESOLVED,0.475,CONTESTED,1,0.33,1,,UNRESOLVED_no_grounded_patents,0.0,0.0,0.0,0,0,,,,False,True
CD25-PBD,ADC,UNRESOLVED,0.475,CONTESTED,1,0.33,1,,UNRESOLVED_no_grounded_patents,0.0,0.0,0.0,0,0,,,,False,True
CD25|CD40,UNCLASSIFIED,UNRESOLVED,0.475,CONTESTED,1,0.33,2,,UNRESOLVED_no_grounded_patents,0.0,0.0,0.0,0,0,,,,False,True
CD28,CAR-T,UNRESOLVED,0.475,CONTESTED,1,0.33,4,,UNRESOLVED_no_grounded_patents,0.389,0.0,0.0,6,7,BISPECIFIC|MAB,WO2026055433A1,REGENTS OF THE UNIVERSITY OF MINNESOTA,False,True
CD28|TCR,UNCLASSIFIED,UNRESOLVED,0.475,CONTESTED,1,0.33,1,,UNRESOLVED_no_grounded_patents,0.0,0.0,0.0,0,0,,,,False,True
CD33,BISPECIFIC,UNRESOLVED,0.475,CONTESTED,1,0.33,1,,UNRESOLVED_no_grounded_patents,0.5,0.0,0.0,10,13,MAB,WO2023137335A2,"ACTINIUM PHARMACEUTICALS, INC.",False,True
CD33|GD2,CAR-T,UNRESOLVED,0.475,CONTESTED,1,0.33,1,,UNRESOLVED_no_grounded_patents,0.0,0.0,0.0,0,0,,,,False,True
CD38,CAR-T,UNRESOLVED,0.475,CONTESTED,1,0.33,5,,UNRESOLVED_no_grounded_patents,0.588,0.0,0.0,15,26,BISPECIFIC|MAB,WO2025229158A1,COMMIT BIOLOGICS APS,False,True
CD38|CD47|SIRP-ALPHA,BISPECIFIC,UNRESOLVED,0.475,CONTESTED,1,0.33,1,,UNRESOLVED_no_grounded_patents,0.0,0.0,0.0,0,0,,,,False,True
CD38|CLL-1,CAR-T,UNRESOLVED,0.475,CONTESTED,1,0.33,2,,UNRESOLVED_no_grounded_patents,0.0,0.0,0.0,0,0,,,,False,True
CD3|CD33,BISPECIFIC,UNRESOLVED,0.475,CONTESTED,1,0.33,3,,UNRESOLVED_no_grounded_patents,0.0,0.0,0.0,0,0,,,,False,True
CD3|CD38,BISPECIFIC,UNRESOLVED,0.475,CONTESTED,1,0.33,4,,UNRESOLVED_no_grounded_patents,0.0,0.0,0.0,0,0,,,,False,True
CD3|CD38,UNCLASSIFIED,UNRESOLVED,0.475,CONTESTED,1,0.33,1,,UNRESOLVED_no_grounded_patents,0.0,0.0,0.0,0,0,,,,False,True
CD3|CLL-1,BISPECIFIC,UNRESOLVED,0.475,CONTESTED,1,0.33,1,,UNRESOLVED_no_grounded_patents,0.0,0.0,0.0,0,0,,,,False,True
CD3|PD-L1,BISPECIFIC,UNRESOLVED,0.475,CONTESTED,1,0.33,1,,UNRESOLVED_no_grounded_patents,0.0,0.0,0.0,0,0,,,,False,True
CD44,RADIOLIGAND,UNRESOLVED,0.475,CONTESTED,1,0.33,1,,UNRESOLVED_no_grounded_patents,0.389,0.0,0.0,6,8,MAB,WO2025099324A1,TIXAPHARM AG,False,True
CD47|HER2|SIRP-ALPHA,BISPECIFIC,UNRESOLVED,0.475,CONTESTED,1,0.33,1,,UNRESOLVED_no_grounded_patents,0.0,0.0,0.0,0,0,,,,False,True
CD47|PD-1|PD-L1|SIRP-ALPHA,UNCLASSIFIED,UNRESOLVED,0.475,CONTESTED,1,0.33,1,,UNRESOLVED_no_grounded_patents,0.0,0.0,0.0,0,0,,,,False,True
CD47|PD-L1|SIRP-ALPHA,BISPECIFIC,UNRESOLVED,0.475,CONTESTED,1,0.33,5,,UNRESOLVED_no_grounded_patents,0.0,0.0,0.0,0,0,,,,False,True
CD47|SIRP-ALPHA,UNCLASSIFIED,UNRESOLVED,0.475,CONTESTED,1,0.33,4,,UNRESOLVED_no_grounded_patents,0.0,0.0,0.0,1,2,BISPECIFIC,WO2022031680A1,"EXELIXIS, INC.",False,True
CD70,UNCLASSIFIED,UNRESOLVED,0.475,CONTESTED,1,0.33,9,,UNRESOLVED_no_grounded_patents,0.477,0.0,0.0,9,13,MAB,WO2024153016A1,"SHANGHAI HUAOTA BIOPHARMACEUTICAL CO., LTD.",False,True
CD73,UNCLASSIFIED,UNRESOLVED,0.475,CONTESTED,1,0.33,5,,UNRESOLVED_no_grounded_patents,0.681,0.0,0.0,23,41,BISPECIFIC|MAB,WO2026044039A2,"EISAI R&D MANAGEMENT CO., LTD.",False,True
CDH6-DM4,ADC,UNRESOLVED,0.475,CONTESTED,1,0.33,1,,UNRESOLVED_no_grounded_patents,0.0,0.0,0.0,0,0,,,,False,True
CEACAM5,UNCLASSIFIED,UNRESOLVED,0.475,CONTESTED,1,0.33,5,,UNRESOLVED_no_grounded_patents,0.477,0.0,0.0,9,12,ADC|BISPECIFIC|MAB,WO2026052013A1,"BEIJING TIDE PHARMACEUTICAL CO., LTD.",False,True
CEA|CEACAM5,MAB,UNRESOLVED,0.475,CONTESTED,1,0.33,2,,UNRESOLVED_no_grounded_patents,0.0,0.0,0.0,1,1,BISPECIFIC,WO2024165403A1,PHILOGEN S.P.A.,False,True
CEA|HER2,UNCLASSIFIED,UNRESOLVED,0.475,CONTESTED,1,0.33,1,,UNRESOLVED_no_grounded_patents,0.0,0.0,0.0,0,0,,,,False,True
CEA|MUC16,CAR-T,UNRESOLVED,0.475,CONTESTED,1,0.33,5,,UNRESOLVED_no_grounded_patents,0.0,0.0,0.0,0,0,,,,False,True
CLDN18.2,BITE,UNRESOLVED,0.475,CONTESTED,1,0.33,1,,UNRESOLVED_no_grounded_patents,0.651,0.0,0.0,20,27,ADC|BISPECIFIC|MAB,WO2025060679A1,"RENJI HOSPITAL, SHANGHAI JIAO TONG UNIVERSITY SCHOOL OF MEDICINE",False,True
CLL-1,CAR-T,UNRESOLVED,0.475,CONTESTED,1,0.33,10,,UNRESOLVED_no_grounded_patents,0.0,0.0,0.0,0,1,MAB,WO2023002390A1,ABL BIO INC.,False,True
CTLA-4,CAR-T,UNRESOLVED,0.475,CONTESTED,1,0.33,2,,UNRESOLVED_no_grounded_patents,0.477,0.0,0.0,9,35,MAB,WO2026057739A1,BIONTECH SE,False,True
CTLA-4|CD137,MAB,UNRESOLVED,0.475,CONTESTED,1,0.33,1,,UNRESOLVED_no_grounded_patents,0.0,0.0,0.0,0,0,,,,False,True
CTLA-4|LAG-3,MAB,UNRESOLVED,0.475,CONTESTED,1,0.33,1,,UNRESOLVED_no_grounded_patents,0.0,0.0,0.0,0,0,,,,False,True
CTLA-4|LAG-3|PD-1,BISPECIFIC,UNRESOLVED,0.475,CONTESTED,1,0.33,1,,UNRESOLVED_no_grounded_patents,0.0,0.0,0.0,0,0,,,,False,True
CTLA-4|MESOTHELIN,MAB,UNRESOLVED,0.475,CONTESTED,1,0.33,1,,UNRESOLVED_no_grounded_patents,0.0,0.0,0.0,0,0,,,,False,True
CTLA-4|PD-1|BET|BRD4,MAB,UNRESOLVED,0.475,CONTESTED,1,0.33,1,,UNRESOLVED_no_grounded_patents,0.0,0.0,0.0,0,0,,,,False,True
CTLA-4|PD-1|BTK,MAB,UNRESOLVED,0.475,CONTESTED,1,0.33,1,,UNRESOLVED_no_grounded_patents,0.0,0.0,0.0,0,0,,,,False,True
CTLA-4|PD-1|CD40,MAB,UNRESOLVED,0.475,CONTESTED,1,0.33,1,,UNRESOLVED_no_grounded_patents,0.0,0.0,0.0,0,0,,,,False,True
CTLA-4|PD-1|ER|HER2|TCR,MAB,UNRESOLVED,0.475,CONTESTED,1,0.33,1,,UNRESOLVED_no_grounded_patents,0.0,0.0,0.0,0,0,,,,False,True
CTLA-4|PD-1|PD-L1|TCR,MAB,UNRESOLVED,0.475,CONTESTED,1,0.33,1,,UNRESOLVED_no_grounded_patents,0.0,0.0,0.0,0,0,,,,False,True
CTLA-4|PD-1|PSMA,BISPECIFIC,UNRESOLVED,0.475,CONTESTED,1,0.33,1,,UNRESOLVED_no_grounded_patents,0.0,0.0,0.0,0,0,,,,False,True
CTLA-4|TCR,MAB,UNRESOLVED,0.475,CONTESTED,1,0.33,1,,UNRESOLVED_no_grounded_patents,0.0,0.0,0.0,1,1,BISPECIFIC,WO2020057610A1,"WUXI BIOLOGICS (SHANGHAI) CO., LTD.",False,True
EGFR|ALK,MAB,UNRESOLVED,0.475,CONTESTED,1,0.33,2,,UNRESOLVED_no_grounded_patents,0.0,0.0,0.0,0,0,,,,False,True
EGFR|BET|BRD4,MAB,UNRESOLVED,0.475,CONTESTED,1,0.33,1,,UNRESOLVED_no_grounded_patents,0.0,0.0,0.0,0,0,,,,False,True
EGFR|CD19|CD28,MAB,UNRESOLVED,0.475,CONTESTED,1,0.33,1,,UNRESOLVED_no_grounded_patents,0.0,0.0,0.0,0,0,,,,False,True
EGFR|CD20|SIRP-ALPHA,MAB,UNRESOLVED,0.475,CONTESTED,1,0.33,1,,UNRESOLVED_no_grounded_patents,0.0,0.0,0.0,0,0,,,,False,True
EGFR|HIF,UNCLASSIFIED,UNRESOLVED,0.475,CONTESTED,1,0.33,1,,UNRESOLVED_no_grounded_patents,0.0,0.0,0.0,0,0,,,,False,True
ER,CAR-T,UNRESOLVED,0.475,CONTESTED,1,0.33,1,,UNRESOLVED_no_grounded_patents,0.0,0.0,0.0,0,0,,,,False,True
ER,MAB,UNRESOLVED,0.475,CONTESTED,1,0.33,5,,UNRESOLVED_no_grounded_patents,0.0,0.0,0.0,0,0,,,,False,True
FGFR-AURISTATIN,ADC,UNRESOLVED,0.475,CONTESTED,1,0.33,1,,UNRESOLVED_no_grounded_patents,0.0,0.0,0.0,0,0,,,,False,True
FOLR1,CAR-T,UNRESOLVED,0.475,CONTESTED,1,0.33,4,,UNRESOLVED_no_grounded_patents,0.0,0.0,0.0,1,4,MAB,WO2023217133A1,"SORRENTO THERAPEUTICS, INC.",False,True
GD2,UNCLASSIFIED,UNRESOLVED,0.475,CONTESTED,1,0.33,12,,UNRESOLVED_no_grounded_patents,0.301,0.0,0.0,4,13,MAB,WO2025172525A1,MERCK PATENT GMBH,False,True
GSPT1|HER2,UNCLASSIFIED,UNRESOLVED,0.475,CONTESTED,1,0.33,2,,UNRESOLVED_no_grounded_patents,0.0,0.0,0.0,0,0,,,,False,True
HER2|CD25,MAB,UNRESOLVED,0.475,CONTESTED,1,0.33,3,,UNRESOLVED_no_grounded_patents,0.0,0.0,0.0,0,0,,,,False,True
HER2|GP100,CAR-T,UNRESOLVED,0.475,CONTESTED,1,0.33,1,,UNRESOLVED_no_grounded_patents,0.0,0.0,0.0,0,0,,,,False,True
HER2|LAG-3,UNCLASSIFIED,UNRESOLVED,0.475,CONTESTED,1,0.33,1,,UNRESOLVED_no_grounded_patents,0.0,0.0,0.0,0,0,,,,False,True
HER2|PD-1|VEGF|PD-L1|CTLA-4|EGFR,ADC,UNRESOLVED,0.475,CONTESTED,1,0.33,1,,UNRESOLVED_no_grounded_patents,0.0,0.0,0.0,0,0,,,,False,True
HER2|PD-L1|VEGF|ALK|ER,ADC,UNRESOLVED,0.475,CONTESTED,1,0.33,1,,UNRESOLVED_no_grounded_patents,0.0,0.0,0.0,0,0,,,,False,True
HER2|VEGF|EGFR|IGF-1R,MAB,UNRESOLVED,0.475,CONTESTED,1,0.33,1,,UNRESOLVED_no_grounded_patents,0.0,0.0,0.0,0,0,,,,False,True
ICAM1,UNCLASSIFIED,UNRESOLVED,0.475,CONTESTED,1,0.33,2,,UNRESOLVED_no_grounded_patents,0.0,0.0,0.0,0,1,MAB,WO2026038869A1,THE ASAN FOUNDATION,False,True
ITGA5|ITGB1,MAB,UNRESOLVED,0.475,CONTESTED,1,0.33,1,,UNRESOLVED_no_grounded_patents,0.0,0.0,0.0,0,0,,,,False,True
JAK3,UNCLASSIFIED,UNRESOLVED,0.475,CONTESTED,1,0.33,2,,UNRESOLVED_no_grounded_patents,0.0,0.0,0.0,0,0,,,,False,True
LILRB1|LILRB2,BISPECIFIC,UNRESOLVED,0.475,CONTESTED,1,0.33,1,,UNRESOLVED_no_grounded_patents,0.0,0.0,0.0,0,0,,,,False,True
MESOTHELIN-TOP1I,ADC,UNRESOLVED,0.475,CONTESTED,1,0.33,1,,UNRESOLVED_no_grounded_patents,0.0,0.0,0.0,0,0,,,,False,True
MESOTHELIN|TCR,CAR-T,UNRESOLVED,0.475,CONTESTED,1,0.33,1,,UNRESOLVED_no_grounded_patents,0.0,0.0,0.0,0,1,BISPECIFIC,WO2023115528A1,"ZHEJIANG SHIMAI PHARMACEUTICAL CO., LTD.",False,True
MET-MAYTANSINOID,ADC,UNRESOLVED,0.475,CONTESTED,1,0.33,1,,UNRESOLVED_no_grounded_patents,0.0,0.0,0.0,0,0,,,,False,True
MET-PBD,ADC,UNRESOLVED,0.475,CONTESTED,1,0.33,1,,UNRESOLVED_no_grounded_patents,0.0,0.0,0.0,0,0,,,,False,True
PABPC1,MAB,UNRESOLVED,0.475,CONTESTED,1,0.33,1,,UNRESOLVED_no_grounded_patents,0.0,0.0,0.0,0,0,,,,False,True
PD-1,BITE,UNRESOLVED,0.475,CONTESTED,1,0.33,1,,UNRESOLVED_no_grounded_patents,0.929,0.0,0.0,72,214,ADC|BISPECIFIC|MAB,WO2026059969A1,TRUSTEES OF TUFTS COLLEGE,False,True
PD-1,OUT_OF_SCOPE,UNRESOLVED,0.475,CONTESTED,1,0.33,9,,UNRESOLVED_no_grounded_patents,0.929,0.0,0.0,72,214,ADC|BISPECIFIC|MAB,WO2026059969A1,TRUSTEES OF TUFTS COLLEGE,False,True
PD-1|ALK,MAB,UNRESOLVED,0.475,CONTESTED,1,0.33,5,,UNRESOLVED_no_grounded_patents,0.0,0.0,0.0,0,0,,,,False,True
PD-1|BET|BRD4|PD-L1,MAB,UNRESOLVED,0.475,CONTESTED,1,0.33,1,,UNRESOLVED_no_grounded_patents,0.0,0.0,0.0,0,0,,,,False,True
PD-1|CD19|CD3,BITE,UNRESOLVED,0.475,CONTESTED,1,0.33,1,,UNRESOLVED_no_grounded_patents,0.0,0.0,0.0,0,0,,,,False,True
PD-1|CD20|CD47|SIRP-ALPHA,MAB,UNRESOLVED,0.475,CONTESTED,1,0.33,1,,UNRESOLVED_no_grounded_patents,0.0,0.0,0.0,0,0,,,,False,True
PD-1|CD20|HER2|CD38,MAB,UNRESOLVED,0.475,CONTESTED,1,0.33,1,,UNRESOLVED_no_grounded_patents,0.0,0.0,0.0,0,0,,,,False,True
PD-1|CEA|CEACAM5,MAB,UNRESOLVED,0.475,CONTESTED,1,0.33,3,,UNRESOLVED_no_grounded_patents,0.0,0.0,0.0,0,0,,,,False,True
PD-1|CEA|CEACAM5|MUC16,MAB,UNRESOLVED,0.475,CONTESTED,1,0.33,2,,UNRESOLVED_no_grounded_patents,0.0,0.0,0.0,0,0,,,,False,True
PD-1|EGFR|KRAS,MAB,UNRESOLVED,0.475,CONTESTED,1,0.33,22,,UNRESOLVED_no_grounded_patents,0.0,0.0,0.0,0,0,,,,False,True
PD-1|FGFR|PD-L1,MAB,UNRESOLVED,0.475,CONTESTED,1,0.33,2,,UNRESOLVED_no_grounded_patents,0.0,0.0,0.0,0,0,,,,False,True
PD-1|KRAS|TCR,MAB,UNRESOLVED,0.475,CONTESTED,1,0.33,2,,UNRESOLVED_no_grounded_patents,0.0,0.0,0.0,0,0,,,,False,True
PD-1|MAGE,MAB,UNRESOLVED,0.475,CONTESTED,1,0.33,4,,UNRESOLVED_no_grounded_patents,0.0,0.0,0.0,1,1,BISPECIFIC,WO2022266598A1,"REGENERON PHARMACEUTICALS, INC.",False,True
PD-1|PD-L1|HER2|EGFR|MET,MAB,UNRESOLVED,0.475,CONTESTED,1,0.33,1,,UNRESOLVED_no_grounded_patents,0.0,0.0,0.0,0,0,,,,False,True
PD-1|PSMA|CD3,BITE,UNRESOLVED,0.475,CONTESTED,1,0.33,1,,UNRESOLVED_no_grounded_patents,0.0,0.0,0.0,0,0,,,,False,True
PD-1|VEGF,OUT_OF_SCOPE,UNRESOLVED,0.475,CONTESTED,1,0.33,1,,UNRESOLVED_no_grounded_patents,0.0,0.0,0.0,1,2,BISPECIFIC,WO2026064650A1,"PARAGON THERAPEUTICS, INC.",False,True
PD-1|VEGF,UNCLASSIFIED,UNRESOLVED,0.475,CONTESTED,1,0.33,6,,UNRESOLVED_no_grounded_patents,0.0,0.0,0.0,1,2,BISPECIFIC,WO2026064650A1,"PARAGON THERAPEUTICS, INC.",False,True
PD-1|VEGFR2|CLDN18.2-MMAE,ADC,UNRESOLVED,0.475,CONTESTED,1,0.33,1,,UNRESOLVED_no_grounded_patents,0.0,0.0,0.0,0,0,,,,False,True
PD-1|VEGFR2|EGFR|VEGF,MAB,UNRESOLVED,0.475,CONTESTED,1,0.33,1,,UNRESOLVED_no_grounded_patents,0.0,0.0,0.0,0,0,,,,False,True
PD-1|VEGF|EGFR|ALK|KRAS,MAB,UNRESOLVED,0.475,CONTESTED,1,0.33,2,,UNRESOLVED_no_grounded_patents,0.0,0.0,0.0,0,0,,,,False,True
PD-L1,CAR-T,UNRESOLVED,0.475,CONTESTED,1,0.33,3,,UNRESOLVED_no_grounded_patents,0.923,0.0,0.0,70,150,BISPECIFIC|MAB,WO2026074471A1,JANSSEN PHARMACEUTICA NV,False,True
PD-L1-TLRAGONIST,ADC,UNRESOLVED,0.475,CONTESTED,1,0.33,1,,UNRESOLVED_no_grounded_patents,0.0,0.0,0.0,0,0,,,,False,True
PD-L1|BCL-2|CD137|CD19,MAB,UNRESOLVED,0.475,CONTESTED,1,0.33,1,,UNRESOLVED_no_grounded_patents,0.0,0.0,0.0,0,0,,,,False,True
PD-L1|CD20,MAB,UNRESOLVED,0.475,CONTESTED,1,0.33,5,,UNRESOLVED_no_grounded_patents,0.0,0.0,0.0,0,0,,,,False,True
PD-L1|CD20|CEA|CD3|CEACAM5,BISPECIFIC,UNRESOLVED,0.475,CONTESTED,1,0.33,1,,UNRESOLVED_no_grounded_patents,0.0,0.0,0.0,0,0,,,,False,True
PD-L1|CD40,MAB,UNRESOLVED,0.475,CONTESTED,1,0.33,2,,UNRESOLVED_no_grounded_patents,0.0,0.0,0.0,0,0,,,,False,True
PD-L1|HER2|ER,MAB,UNRESOLVED,0.475,CONTESTED,1,0.33,1,,UNRESOLVED_no_grounded_patents,0.0,0.0,0.0,0,0,,,,False,True
PD-L1|MESOTHELIN,ADC,UNRESOLVED,0.475,CONTESTED,1,0.33,1,,UNRESOLVED_no_grounded_patents,0.0,0.0,0.0,0,0,,,,False,True
PD-L1|TCR,MAB,UNRESOLVED,0.475,CONTESTED,2,0.67,3,,UNRESOLVED_no_grounded_patents,0.0,0.0,0.0,1,1,BISPECIFIC,WO2023143478A1,CROWN BIOSCIENCE INC.,False,True
PSCA|CD3,BITE,UNRESOLVED,0.475,CONTESTED,1,0.33,1,,UNRESOLVED_no_grounded_patents,0.0,0.0,0.0,0,0,,,,False,True
ROR1,CAR-T,UNRESOLVED,0.475,CONTESTED,1,0.33,1,,UNRESOLVED_no_grounded_patents,0.54,0.0,0.0,12,16,ADC|BISPECIFIC|MAB,WO2025019787A1,"EXELIXIS, INC.",False,True
ROR2,CAR-T,UNRESOLVED,0.475,CONTESTED,1,0.33,1,,UNRESOLVED_no_grounded_patents,0.151,0.0,0.0,2,3,MAB,WO2024182475A2,"PHANES THERAPEUTICS, INC.",False,True
SHP2,OUT_OF_SCOPE,UNRESOLVED,0.475,CONTESTED,1,0.33,1,,UNRESOLVED_no_grounded_patents,0.0,0.0,0.0,0,0,,,,False,True
TROP-2,UNCLASSIFIED,UNRESOLVED,0.475,CONTESTED,1,0.33,4,,UNRESOLVED_no_grounded_patents,0.557,0.0,0.0,13,22,BISPECIFIC|MAB,WO2026059880A1,"MODERNATX, INC.",False,True
TROP-2-AUR0101,ADC,UNRESOLVED,0.475,CONTESTED,1,0.33,1,,UNRESOLVED_no_grounded_patents,0.0,0.0,0.0,0,0,,,,False,True
VEGF,CAR-T,UNRESOLVED,0.475,CONTESTED,1,0.33,1,,UNRESOLVED_no_grounded_patents,0.477,0.0,0.0,9,24,BISPECIFIC|MAB,WO2025195479A1,"SUZHOU NEOLOGICS BIOSCIENCE CO., LTD.",False,True
VEGF|ALK,MAB,UNRESOLVED,0.475,CONTESTED,2,0.67,6,,UNRESOLVED_no_grounded_patents,0.0,0.0,0.0,0,0,,,,False,True
VEGF|ALK|MET,MAB,UNRESOLVED,0.475,CONTESTED,1,0.33,2,,UNRESOLVED_no_grounded_patents,0.0,0.0,0.0,0,0,,,,False,True
VEGF|EGFR|HIF,MAB,UNRESOLVED,0.475,CONTESTED,1,0.33,1,,UNRESOLVED_no_grounded_patents,0.0,0.0,0.0,0,0,,,,False,True
VEGF|FOLR1,ADC,UNRESOLVED,0.475,CONTESTED,1,0.33,1,,UNRESOLVED_no_grounded_patents,0.0,0.0,0.0,0,0,,,,False,True
CD123,CAR-T,UNRESOLVED,0.45,CONTESTED,2,0.67,16,,UNRESOLVED_no_grounded_patents,0.349,0.0,0.0,5,7,MAB,WO2025027472A2,ASTRAZENECA AB,False,True
CD123,UNCLASSIFIED,UNRESOLVED,0.45,CONTESTED,2,0.67,7,,UNRESOLVED_no_grounded_patents,0.349,0.0,0.0,5,7,MAB,WO2025027472A2,ASTRAZENECA AB,False,True
CD19|MESOTHELIN,CAR-T,UNRESOLVED,0.45,CONTESTED,1,0.33,2,,UNRESOLVED_no_grounded_patents,0.0,0.0,0.0,0,0,,,,False,True
CD20|CEA|CEACAM5,MAB,UNRESOLVED,0.45,CONTESTED,1,0.33,1,,UNRESOLVED_no_grounded_patents,0.0,0.0,0.0,0,0,,,,False,True
CD22,CAR-T,UNRESOLVED,0.45,CONTESTED,1,0.33,12,,UNRESOLVED_no_grounded_patents,0.239,0.0,0.0,3,7,MAB,WO2026078620A1,MEDIMMUNE LLC,False,True
CD38,ADC,UNRESOLVED,0.45,CONTESTED,2,0.67,5,,UNRESOLVED_no_grounded_patents,0.588,0.0,0.0,15,26,BISPECIFIC|MAB,WO2025229158A1,COMMIT BIOLOGICS APS,False,True
CD38|CD20,MAB,UNRESOLVED,0.45,CONTESTED,1,0.33,2,,UNRESOLVED_no_grounded_patents,0.0,0.0,0.0,0,0,,,,False,True
CD40|HER2,MAB,UNRESOLVED,0.45,CONTESTED,1,0.33,1,,UNRESOLVED_no_grounded_patents,0.0,0.0,0.0,0,0,,,,False,True
CD40|PSCA,CAR-T,UNRESOLVED,0.45,CONTESTED,1,0.33,1,,UNRESOLVED_no_grounded_patents,0.0,0.0,0.0,0,0,,,,False,True
CEACAM5,RADIOLIGAND,UNRESOLVED,0.45,CONTESTED,1,0.33,1,,UNRESOLVED_no_grounded_patents,0.477,0.0,0.0,9,12,ADC|BISPECIFIC|MAB,WO2026052013A1,"BEIJING TIDE PHARMACEUTICAL CO., LTD.",False,True
CTLA-4|PSCA,MAB,UNRESOLVED,0.45,CONTESTED,1,0.33,1,,UNRESOLVED_no_grounded_patents,0.0,0.0,0.0,0,0,,,,False,True
ITGB6-TOP1I,ADC,UNRESOLVED,0.45,CONTESTED,1,0.33,1,,UNRESOLVED_no_grounded_patents,0.0,0.0,0.0,0,0,,,,False,True
NAPI2B-MMAE,ADC,UNRESOLVED,0.45,CONTESTED,2,0.67,2,,UNRESOLVED_no_grounded_patents,0.0,0.0,0.0,0,0,,,,False,True
PD-1|AXL|PD-L1,MAB,UNRESOLVED,0.45,CONTESTED,1,0.33,3,,UNRESOLVED_no_grounded_patents,0.0,0.0,0.0,0,0,,,,False,True
PD-1|MUC1|TIM-3,MAB,UNRESOLVED,0.45,CONTESTED,1,0.33,2,,UNRESOLVED_no_grounded_patents,0.0,0.0,0.0,0,0,,,,False,True
PD-L1|HER2|PD-1,MAB,UNRESOLVED,0.45,CONTESTED,1,0.33,1,,UNRESOLVED_no_grounded_patents,0.0,0.0,0.0,0,0,,,,False,True
HER2|PD-L1,ADC,UNRESOLVED,0.434,CONTESTED,3,1.0,11,,UNRESOLVED_no_grounded_patents,0.0,0.0,0.0,1,1,BISPECIFIC,WO2021110107A1,"JIANGSU ALPHAMAB BIOPHARMACEUTICALS CO., LTD.",False,True
5T4,UNCLASSIFIED,UNRESOLVED,0.426,CONTESTED,1,0.33,2,,UNRESOLVED_no_grounded_patents,0.423,0.0,0.0,7,9,ADC|BISPECIFIC|MAB,WO2024208145A1,SOUND BIOPHARMACEUTICALS CO. LTD.,False,True
ALK,UNCLASSIFIED,UNRESOLVED,0.426,CONTESTED,1,0.33,11,,UNRESOLVED_no_grounded_patents,0.0,0.0,0.0,1,5,ADC|BISPECIFIC|MAB|PROTAC,WO2025165210A1,J2H BIOTECH INC.,False,True
ALK|MET,UNCLASSIFIED,UNRESOLVED,0.426,CONTESTED,1,0.33,3,,UNRESOLVED_no_grounded_patents,0.0,0.0,0.0,0,0,,,,False,True
AXL|ROR2,CAR-T,UNRESOLVED,0.426,CONTESTED,1,0.33,1,,UNRESOLVED_no_grounded_patents,0.0,0.0,0.0,0,0,,,,False,True
B7-H3|PD-1,ADC,UNRESOLVED,0.426,CONTESTED,1,0.33,2,,UNRESOLVED_no_grounded_patents,0.0,0.0,0.0,0,0,,,,False,True
B7-H3|PD-1|LAG-3,MAB,UNRESOLVED,0.426,CONTESTED,1,0.33,1,,UNRESOLVED_no_grounded_patents,0.0,0.0,0.0,0,0,,,,False,True
BCL-2|CD47,MAB,UNRESOLVED,0.426,CONTESTED,1,0.33,1,,UNRESOLVED_no_grounded_patents,0.0,0.0,0.0,0,0,,,,False,True
BCMA,UNCLASSIFIED,UNRESOLVED,0.426,CONTESTED,3,1.0,20,,UNRESOLVED_no_grounded_patents,0.602,0.0,0.0,16,25,ADC|BISPECIFIC|MAB,WO2025077315A1,"CARBIOGENE THERAPEUTICS CO., LTD.",False,True
BCMA|CD19|CD30,CAR-T,UNRESOLVED,0.426,CONTESTED,1,0.33,1,,UNRESOLVED_no_grounded_patents,0.0,0.0,0.0,0,0,,,,False,True
BCMA|CD38,CAR-T,UNRESOLVED,0.426,CONTESTED,1,0.33,4,,UNRESOLVED_no_grounded_patents,0.0,0.0,0.0,0,0,,,,False,True
CD123|CD16|CD38,UNCLASSIFIED,UNRESOLVED,0.426,CONTESTED,1,0.33,1,,UNRESOLVED_no_grounded_patents,0.0,0.0,0.0,0,0,,,,False,True
CD123|CD19|CD20|CD22,CAR-T,UNRESOLVED,0.426,CONTESTED,1,0.33,1,,UNRESOLVED_no_grounded_patents,0.0,0.0,0.0,0,0,,,,False,True
CD123|CD28|EGFR,UNCLASSIFIED,UNRESOLVED,0.426,CONTESTED,1,0.33,2,,UNRESOLVED_no_grounded_patents,0.0,0.0,0.0,0,0,,,,False,True
CD123|CD33|CD38|MUC1,CAR-T,UNRESOLVED,0.426,CONTESTED,1,0.33,1,,UNRESOLVED_no_grounded_patents,0.0,0.0,0.0,0,0,,,,False,True
CD137|PD-L1,BISPECIFIC,UNRESOLVED,0.426,CONTESTED,5,1.0,6,,UNRESOLVED_no_grounded_patents,0.0,0.0,0.0,0,0,,,,False,True
CD19|CD20,CAR-T,UNRESOLVED,0.426,CONTESTED,3,1.0,38,,UNRESOLVED_no_grounded_patents,0.151,0.0,0.0,2,2,BISPECIFIC,WO2026107318A1,"HINGE BIO, INC.",False,True
CD19|CD22,BITE,UNRESOLVED,0.426,CONTESTED,1,0.33,1,,UNRESOLVED_no_grounded_patents,0.0,0.0,0.0,0,0,,,,False,True
CD19|CD22|PD-1,CAR-T,UNRESOLVED,0.426,CONTESTED,1,0.33,1,,UNRESOLVED_no_grounded_patents,0.0,0.0,0.0,0,0,,,,False,True
CD19|CD47,MAB,UNRESOLVED,0.426,CONTESTED,1,0.33,1,,UNRESOLVED_no_grounded_patents,0.0,0.0,0.0,0,0,,,,False,True
CD20|BTK|CD79B,MAB,UNRESOLVED,0.426,CONTESTED,1,0.33,1,,UNRESOLVED_no_grounded_patents,0.0,0.0,0.0,0,0,,,,False,True
CD20|CD123,MAB,UNRESOLVED,0.426,CONTESTED,1,0.33,2,,UNRESOLVED_no_grounded_patents,0.0,0.0,0.0,0,0,,,,False,True
CD20|CD16|NKG2D,MAB,UNRESOLVED,0.426,CONTESTED,1,0.33,1,,UNRESOLVED_no_grounded_patents,0.0,0.0,0.0,0,0,,,,False,True
CD20|CD19|CD28,MAB,UNRESOLVED,0.426,CONTESTED,1,0.33,1,,UNRESOLVED_no_grounded_patents,0.0,0.0,0.0,0,0,,,,False,True
CD20|CD30,MAB,UNRESOLVED,0.426,CONTESTED,1,0.33,1,,UNRESOLVED_no_grounded_patents,0.0,0.0,0.0,0,0,,,,False,True
CD20|CD3|CD19|CD38|EZH2,BISPECIFIC,UNRESOLVED,0.426,CONTESTED,1,0.33,1,,UNRESOLVED_no_grounded_patents,0.0,0.0,0.0,0,0,,,,False,True
CD20|CD3|CD47,BISPECIFIC,UNRESOLVED,0.426,CONTESTED,1,0.33,1,,UNRESOLVED_no_grounded_patents,0.0,0.0,0.0,0,0,,,,False,True
CD20|CD3|EZH2,BISPECIFIC,UNRESOLVED,0.426,CONTESTED,1,0.33,3,,UNRESOLVED_no_grounded_patents,0.0,0.0,0.0,0,0,,,,False,True
CD20|TCR,MAB,UNRESOLVED,0.426,CONTESTED,1,0.33,5,,UNRESOLVED_no_grounded_patents,0.0,0.0,0.0,0,0,,,,False,True
CD20|WT1,MAB,UNRESOLVED,0.426,CONTESTED,1,0.33,1,,UNRESOLVED_no_grounded_patents,0.0,0.0,0.0,0,0,,,,False,True
CD24|EPCAM|VEGF,UNCLASSIFIED,UNRESOLVED,0.426,CONTESTED,1,0.33,1,,UNRESOLVED_no_grounded_patents,0.0,0.0,0.0,0,0,,,,False,True
CD3,CAR-T,UNRESOLVED,0.426,CONTESTED,1,0.33,2,,UNRESOLVED_no_grounded_patents,0.746,0.0,0.0,31,44,BISPECIFIC|MAB,WO2026006494A1,"ALLOY THERAPEUTICS, INC.",False,True
CD30,CAR-T,UNRESOLVED,0.426,CONTESTED,3,1.0,20,,UNRESOLVED_no_grounded_patents,0.239,0.0,0.0,3,9,MAB,WO2025169056A1,SEAGEN INC.,False,True
CD30|VEGF,ADC,UNRESOLVED,0.426,CONTESTED,1,0.33,1,,UNRESOLVED_no_grounded_patents,0.0,0.0,0.0,0,0,,,,False,True
CD38|BCL-2,MAB,UNRESOLVED,0.426,CONTESTED,1,0.33,5,,UNRESOLVED_no_grounded_patents,0.0,0.0,0.0,0,0,,,,False,True
CD38|BTK,MAB,UNRESOLVED,0.426,CONTESTED,1,0.33,3,,UNRESOLVED_no_grounded_patents,0.0,0.0,0.0,0,0,,,,False,True
CD38|PD-L1|PD-1,MAB,UNRESOLVED,0.426,CONTESTED,1,0.33,1,,UNRESOLVED_no_grounded_patents,0.0,0.0,0.0,0,0,,,,False,True
CD3|GD2,BISPECIFIC,UNRESOLVED,0.426,CONTESTED,1,0.33,1,,UNRESOLVED_no_grounded_patents,0.0,0.0,0.0,0,0,,,,False,True
CD3|MUC1,BISPECIFIC,UNRESOLVED,0.426,CONTESTED,1,0.33,1,,UNRESOLVED_no_grounded_patents,0.0,0.0,0.0,0,0,,,,False,True
CD47|TIM-3,MAB,UNRESOLVED,0.426,CONTESTED,1,0.33,1,,UNRESOLVED_no_grounded_patents,0.0,0.0,0.0,0,0,,,,False,True
CD73|CTLA-4|PD-1,BISPECIFIC,UNRESOLVED,0.426,CONTESTED,1,0.33,1,,UNRESOLVED_no_grounded_patents,0.0,0.0,0.0,0,0,,,,False,True
CD79B|CD20,ADC,UNRESOLVED,0.426,CONTESTED,1,0.33,6,,UNRESOLVED_no_grounded_patents,0.0,0.0,0.0,0,0,,,,False,True
CDH17,CAR-T,UNRESOLVED,0.426,CONTESTED,1,0.33,4,,UNRESOLVED_no_grounded_patents,0.349,0.0,0.0,5,6,BISPECIFIC|MAB,WO2026090578A1,ANTHARIS THERAPEUTICS INC.,False,True
CEA,UNCLASSIFIED,UNRESOLVED,0.426,CONTESTED,1,0.33,12,,UNRESOLVED_no_grounded_patents,0.423,0.0,0.0,7,11,ADC|MAB,WO2024110905A1,"BEIGENE, LTD.",False,True
CEACAM5|HSG,BISPECIFIC,UNRESOLVED,0.426,CONTESTED,1,0.33,1,,UNRESOLVED_no_grounded_patents,0.0,0.0,0.0,0,0,,,,False,True
CEACAM5|PD-1,ADC,UNRESOLVED,0.426,CONTESTED,1,0.33,1,,UNRESOLVED_no_grounded_patents,0.0,0.0,0.0,0,0,,,,False,True
CEACAM5|PD-1|CEA,ADC,UNRESOLVED,0.426,CONTESTED,1,0.33,1,,UNRESOLVED_no_grounded_patents,0.0,0.0,0.0,0,0,,,,False,True
CEACAM5|VEGFR2,ADC,UNRESOLVED,0.426,CONTESTED,1,0.33,1,,UNRESOLVED_no_grounded_patents,0.0,0.0,0.0,0,0,,,,False,True
CLDN6,CAR-T,UNRESOLVED,0.426,CONTESTED,1,0.33,2,,UNRESOLVED_no_grounded_patents,0.423,0.0,0.0,7,7,MAB,WO2024184812A1,BEIGENE SWITZERLAND GMBH,False,True
CLDN6,UNCLASSIFIED,UNRESOLVED,0.426,CONTESTED,1,0.33,4,,UNRESOLVED_no_grounded_patents,0.423,0.0,0.0,7,7,MAB,WO2024184812A1,BEIGENE SWITZERLAND GMBH,False,True
CTLA-4|CD25,MAB,UNRESOLVED,0.426,CONTESTED,1,0.33,2,,UNRESOLVED_no_grounded_patents,0.0,0.0,0.0,1,1,BISPECIFIC,WO2025129132A1,INVENRA INC.,False,True
CTLA-4|EGFR|PD-1,MAB,UNRESOLVED,0.426,CONTESTED,1,0.33,1,,UNRESOLVED_no_grounded_patents,0.0,0.0,0.0,0,0,,,,False,True
CTLA-4|LAG-3|PD-1,CAR-T,UNRESOLVED,0.426,CONTESTED,1,0.33,1,,UNRESOLVED_no_grounded_patents,0.0,0.0,0.0,0,0,,,,False,True
CTLA-4|MUC16,MAB,UNRESOLVED,0.426,CONTESTED,1,0.33,1,,UNRESOLVED_no_grounded_patents,0.0,0.0,0.0,0,0,,,,False,True
CTLA-4|PD-1|AXL|PD-L1|VEGF,MAB,UNRESOLVED,0.426,CONTESTED,1,0.33,1,,UNRESOLVED_no_grounded_patents,0.0,0.0,0.0,0,0,,,,False,True
CTLA-4|PD-1|CD24,MAB,UNRESOLVED,0.426,CONTESTED,1,0.33,1,,UNRESOLVED_no_grounded_patents,0.0,0.0,0.0,0,0,,,,False,True
CTLA-4|PD-1|ER|HER2,ADC,UNRESOLVED,0.426,CONTESTED,1,0.33,1,,UNRESOLVED_no_grounded_patents,0.0,0.0,0.0,0,0,,,,False,True
CTLA-4|PD-L1,BISPECIFIC,UNRESOLVED,0.426,CONTESTED,1,0.33,5,,UNRESOLVED_no_grounded_patents,0.0,0.0,0.0,0,0,,,,False,True
CTLA-4|PD-L1|CD20,MAB,UNRESOLVED,0.426,CONTESTED,1,0.33,1,,UNRESOLVED_no_grounded_patents,0.0,0.0,0.0,0,0,,,,False,True
CTLA-4|PD-L1|TCR,MAB,UNRESOLVED,0.426,CONTESTED,1,0.33,1,,UNRESOLVED_no_grounded_patents,0.0,0.0,0.0,0,0,,,,False,True
CTLA-4|PD-L1|TIM-3,MAB,UNRESOLVED,0.426,CONTESTED,1,0.33,1,,UNRESOLVED_no_grounded_patents,0.0,0.0,0.0,0,0,,,,False,True
CTLA-4|PSMA,RADIOLIGAND,UNRESOLVED,0.426,CONTESTED,1,0.33,1,,UNRESOLVED_no_grounded_patents,0.0,0.0,0.0,0,0,,,,False,True
DLL3,BITE,UNRESOLVED,0.426,CONTESTED,1,0.33,2,,UNRESOLVED_no_grounded_patents,0.54,0.0,0.0,12,17,ADC|BISPECIFIC|MAB,WO2026067620A1,"TJ BIOPHARMA (SHANGHAI) CO., LTD.",False,True
DLL3|CTLA-4|PD-1,ADC,UNRESOLVED,0.426,CONTESTED,1,0.33,1,,UNRESOLVED_no_grounded_patents,0.0,0.0,0.0,0,0,,,,False,True
EGFR,CAR-T,UNRESOLVED,0.426,CONTESTED,3,1.0,16,,UNRESOLVED_no_grounded_patents,0.796,0.0,0.0,39,76,ADC|BISPECIFIC|MAB,WO2026108369A1,"SHANGHAI RUOTUO BIOSCIENCES CO., LTD.",False,True
EGFR|ER|HER2,UNCLASSIFIED,UNRESOLVED,0.426,CONTESTED,1,0.33,1,,UNRESOLVED_no_grounded_patents,0.0,0.0,0.0,0,0,,,,False,True
EGFR|ER|IGF-1R,UNCLASSIFIED,UNRESOLVED,0.426,CONTESTED,1,0.33,1,,UNRESOLVED_no_grounded_patents,0.0,0.0,0.0,0,0,,,,False,True
EGFR|FGFR|VEGF,UNCLASSIFIED,UNRESOLVED,0.426,CONTESTED,1,0.33,2,,UNRESOLVED_no_grounded_patents,0.0,0.0,0.0,0,0,,,,False,True
EGFR|HER2|HER3,MAB,UNRESOLVED,0.426,CONTESTED,1,0.33,1,,UNRESOLVED_no_grounded_patents,0.0,0.0,0.0,0,0,,,,False,True
EGFR|HER2|KRAS,MAB,UNRESOLVED,0.426,CONTESTED,1,0.33,3,,UNRESOLVED_no_grounded_patents,0.0,0.0,0.0,0,0,,,,False,True
EGFR|HER3,ADC,UNRESOLVED,0.426,CONTESTED,1,0.33,3,,UNRESOLVED_no_grounded_patents,0.151,0.0,0.0,2,2,BISPECIFIC,WO2023028548A2,"SYSTIMMUNE, INC.",False,True
EGFR|HER3|HER2,MAB,UNRESOLVED,0.426,CONTESTED,1,0.33,1,,UNRESOLVED_no_grounded_patents,0.0,0.0,0.0,0,0,,,,False,True
EGFR|HER3|HER2|PD-1,OUT_OF_SCOPE,UNRESOLVED,0.426,CONTESTED,1,0.33,1,,UNRESOLVED_no_grounded_patents,0.0,0.0,0.0,0,0,,,,False,True
EGFR|IGF-1R|KRAS,MAB,UNRESOLVED,0.426,CONTESTED,1,0.33,5,,UNRESOLVED_no_grounded_patents,0.0,0.0,0.0,0,0,,,,False,True
EGFR|KRAS,UNCLASSIFIED,UNRESOLVED,0.426,CONTESTED,1,0.33,4,,UNRESOLVED_no_grounded_patents,0.0,0.0,0.0,0,0,,,,False,True
EGFR|KRAS|TCR,MAB,UNRESOLVED,0.426,CONTESTED,1,0.33,1,,UNRESOLVED_no_grounded_patents,0.0,0.0,0.0,0,0,,,,False,True
EGFR|MET,UNCLASSIFIED,UNRESOLVED,0.426,CONTESTED,1,0.33,2,,UNRESOLVED_no_grounded_patents,0.681,0.0,0.0,23,30,BISPECIFIC,WO2026086844A1,"CHIA TAI TIANQING PHARMACEUTICAL GROUP CO., LTD.",False,True
EGFR|PD-1,MAB,UNRESOLVED,0.426,CONTESTED,1,0.33,23,,UNRESOLVED_no_grounded_patents,0.0,0.0,0.0,1,1,BISPECIFIC,WO2019062755A1,"WUXI BIOLOGICS (SHANGHAI) CO., LTD.",False,True
EGFR|PD-L1|CD16|CEA|HER2|MUC1,MAB,UNRESOLVED,0.426,CONTESTED,1,0.33,1,,UNRESOLVED_no_grounded_patents,0.0,0.0,0.0,0,0,,,,False,True
EGFR|PD-L1|CD16|CEA|MUC1,MAB,UNRESOLVED,0.426,CONTESTED,1,0.33,1,,UNRESOLVED_no_grounded_patents,0.0,0.0,0.0,0,0,,,,False,True
EGFR|PD-L1|CD16|MUC1,MAB,UNRESOLVED,0.426,CONTESTED,1,0.33,1,,UNRESOLVED_no_grounded_patents,0.0,0.0,0.0,0,0,,,,False,True
EGFR|VEGF,UNCLASSIFIED,UNRESOLVED,0.426,CONTESTED,1,0.33,6,,UNRESOLVED_no_grounded_patents,0.0,0.0,0.0,0,0,,,,False,True
EGFR|VEGF|KRAS,MAB,UNRESOLVED,0.426,CONTESTED,1,0.33,6,,UNRESOLVED_no_grounded_patents,0.0,0.0,0.0,0,0,,,,False,True
EGFR|VEGF|PD-L1|CD16|CEA|HER2|MUC1|PD-1,MAB,UNRESOLVED,0.426,CONTESTED,1,0.33,1,,UNRESOLVED_no_grounded_patents,0.0,0.0,0.0,0,0,,,,False,True
EPCAM|HER2,UNCLASSIFIED,UNRESOLVED,0.426,CONTESTED,1,0.33,1,,UNRESOLVED_no_grounded_patents,0.0,0.0,0.0,0,0,,,,False,True
EPCAM|MUC1,MAB,UNRESOLVED,0.426,CONTESTED,1,0.33,1,,UNRESOLVED_no_grounded_patents,0.0,0.0,0.0,0,0,,,,False,True
ER|HER3|HER2,UNCLASSIFIED,UNRESOLVED,0.426,CONTESTED,1,0.33,1,,UNRESOLVED_no_grounded_patents,0.0,0.0,0.0,0,0,,,,False,True
ER|MET,UNCLASSIFIED,UNRESOLVED,0.426,CONTESTED,1,0.33,4,,UNRESOLVED_no_grounded_patents,0.0,0.0,0.0,0,0,,,,False,True
ER|MET|TCR,CAR-T,UNRESOLVED,0.426,CONTESTED,1,0.33,1,,UNRESOLVED_no_grounded_patents,0.0,0.0,0.0,0,0,,,,False,True
FGFR3,RADIOLIGAND,UNRESOLVED,0.426,CONTESTED,1,0.33,1,,UNRESOLVED_no_grounded_patents,0.151,0.0,0.0,2,2,MAB,WO2024107759A2,"REGENERON PHARMACEUTICALS, INC.",False,True
FGFR|HER2,MAB,UNRESOLVED,0.426,CONTESTED,1,0.33,1,,UNRESOLVED_no_grounded_patents,0.0,0.0,0.0,0,0,,,,False,True
FOLR1-AURISTATIN,ADC,UNRESOLVED,0.426,CONTESTED,1,0.33,1,,UNRESOLVED_no_grounded_patents,0.0,0.0,0.0,0,0,,,,False,True
FOLR1-TOP1I,ADC,UNRESOLVED,0.426,CONTESTED,1,0.33,1,,UNRESOLVED_no_grounded_patents,0.0,0.0,0.0,0,0,,,,False,True
FOLR1|MUC16,UNCLASSIFIED,UNRESOLVED,0.426,CONTESTED,1,0.33,1,,UNRESOLVED_no_grounded_patents,0.0,0.0,0.0,0,0,,,,False,True
FOLR1|VEGF,ADC,UNRESOLVED,0.426,CONTESTED,1,0.33,4,,UNRESOLVED_no_grounded_patents,0.0,0.0,0.0,0,0,,,,False,True
GD2,BISPECIFIC,UNRESOLVED,0.426,CONTESTED,1,0.33,2,,UNRESOLVED_no_grounded_patents,0.301,0.0,0.0,4,13,MAB,WO2025172525A1,MERCK PATENT GMBH,False,True
GP100|CD3,BISPECIFIC,UNRESOLVED,0.426,CONTESTED,1,0.33,5,,UNRESOLVED_no_grounded_patents,0.0,0.0,0.0,0,0,,,,False,True
HER2|BCL-2,ADC,UNRESOLVED,0.426,CONTESTED,1,0.33,1,,UNRESOLVED_no_grounded_patents,0.0,0.0,0.0,0,0,,,,False,True
HER2|BCL-XL,MAB,UNRESOLVED,0.426,CONTESTED,1,0.33,1,,UNRESOLVED_no_grounded_patents,0.0,0.0,0.0,0,0,,,,False,True
HER2|EGFR|HER3,MAB,UNRESOLVED,0.426,CONTESTED,1,0.33,2,,UNRESOLVED_no_grounded_patents,0.0,0.0,0.0,0,0,,,,False,True
HER2|EGFR|IGF-1R,MAB,UNRESOLVED,0.426,CONTESTED,1,0.33,1,,UNRESOLVED_no_grounded_patents,0.0,0.0,0.0,0,0,,,,False,True
HER2|ER|WT1,MAB,UNRESOLVED,0.426,CONTESTED,1,0.33,1,,UNRESOLVED_no_grounded_patents,0.0,0.0,0.0,0,0,,,,False,True
HER2|KRAS,MAB,UNRESOLVED,0.426,CONTESTED,1,0.33,2,,UNRESOLVED_no_grounded_patents,0.0,0.0,0.0,0,0,,,,False,True
HER2|PD-1|EGFR,MAB,UNRESOLVED,0.426,CONTESTED,1,0.33,2,,UNRESOLVED_no_grounded_patents,0.0,0.0,0.0,0,0,,,,False,True
HER2|TROP-2|NECTIN4|ALK,ADC,UNRESOLVED,0.426,CONTESTED,1,0.33,1,,UNRESOLVED_no_grounded_patents,0.0,0.0,0.0,0,0,,,,False,True
HER3,UNCLASSIFIED,UNRESOLVED,0.426,CONTESTED,1,0.33,9,,UNRESOLVED_no_grounded_patents,0.557,0.0,0.0,13,20,MAB,WO2026041029A1,"XADCERA BIOPHARMACEUTICAL (SUZHOU) CO., LTD.",False,True
HER3|EGFR|KRAS-DXD,ADC,UNRESOLVED,0.426,CONTESTED,1,0.33,1,,UNRESOLVED_no_grounded_patents,0.0,0.0,0.0,0,0,,,,False,True
HER3|ER|HER2,MAB,UNRESOLVED,0.426,CONTESTED,1,0.33,1,,UNRESOLVED_no_grounded_patents,0.0,0.0,0.0,0,0,,,,False,True
HIF|VEGF,UNCLASSIFIED,UNRESOLVED,0.426,CONTESTED,1,0.33,3,,UNRESOLVED_no_grounded_patents,0.0,0.0,0.0,0,0,,,,False,True
HIF|VHL,MAB,UNRESOLVED,0.426,CONTESTED,1,0.33,1,,UNRESOLVED_no_grounded_patents,0.0,0.0,0.0,0,0,,,,False,True
KRAS|PD-1,MAB,UNRESOLVED,0.426,CONTESTED,1,0.33,2,,UNRESOLVED_no_grounded_patents,0.0,0.0,0.0,0,0,,,,False,True
LAG-3|PD-1|PD-L1,MAB,UNRESOLVED,0.426,CONTESTED,1,0.33,1,,UNRESOLVED_no_grounded_patents,0.0,0.0,0.0,0,0,,,,False,True
LAG-3|TIGIT,MAB,UNRESOLVED,0.426,CONTESTED,1,0.33,1,,UNRESOLVED_no_grounded_patents,0.0,0.0,0.0,0,0,,,,False,True
MAGE,CAR-T,UNRESOLVED,0.426,CONTESTED,1,0.33,8,,UNRESOLVED_no_grounded_patents,0.151,0.0,0.0,2,5,BISPECIFIC|MAB,WO2025044168A1,"BEIJING WISDOMAB BIOTECHNOLOGY CO., LTD.",False,True
MAGE-A1,OUT_OF_SCOPE,UNRESOLVED,0.426,CONTESTED,1,0.33,1,,UNRESOLVED_no_grounded_patents,0.0,0.0,0.0,0,0,,,,False,True
MAGE|TCR,UNCLASSIFIED,UNRESOLVED,0.426,CONTESTED,1,0.33,1,,UNRESOLVED_no_grounded_patents,0.0,0.0,0.0,0,0,,,,False,True
MESOTHELIN,DAC,UNRESOLVED,0.426,CONTESTED,1,0.33,1,,UNRESOLVED_no_grounded_patents,0.628,0.0,0.0,18,25,BISPECIFIC|MAB,WO2026095670A1,CELLENGENE INC,False,True
MUC16|MESOTHELIN,MAB,UNRESOLVED,0.426,CONTESTED,1,0.33,1,,UNRESOLVED_no_grounded_patents,0.0,0.0,0.0,0,0,,,,False,True
NECTIN4|PD-1|AXL,ADC,UNRESOLVED,0.426,CONTESTED,1,0.33,1,,UNRESOLVED_no_grounded_patents,0.0,0.0,0.0,0,0,,,,False,True
NKG2A|CEA,MAB,UNRESOLVED,0.426,CONTESTED,1,0.33,1,,UNRESOLVED_no_grounded_patents,0.0,0.0,0.0,0,0,,,,False,True
NKG2A|CTLA-4|PD-1|PD-L1,BISPECIFIC,UNRESOLVED,0.426,CONTESTED,1,0.33,1,,UNRESOLVED_no_grounded_patents,0.0,0.0,0.0,0,0,,,,False,True
PD-1|5T4,MAB,UNRESOLVED,0.426,CONTESTED,1,0.33,1,,UNRESOLVED_no_grounded_patents,0.0,0.0,0.0,0,0,,,,False,True
PD-1|ALK|CD28|EGFR|MESOTHELIN,MAB,UNRESOLVED,0.426,CONTESTED,1,0.33,1,,UNRESOLVED_no_grounded_patents,0.0,0.0,0.0,0,0,,,,False,True
PD-1|ALK|EGFR|MET|PD-L1,MAB,UNRESOLVED,0.426,CONTESTED,1,0.33,1,,UNRESOLVED_no_grounded_patents,0.0,0.0,0.0,0,0,,,,False,True
PD-1|AXL|MET,MAB,UNRESOLVED,0.426,CONTESTED,1,0.33,1,,UNRESOLVED_no_grounded_patents,0.0,0.0,0.0,0,0,,,,False,True
PD-1|BTK,MAB,UNRESOLVED,0.426,CONTESTED,1,0.33,15,,UNRESOLVED_no_grounded_patents,0.0,0.0,0.0,0,0,,,,False,True
PD-1|CD20|BCL-2,MAB,UNRESOLVED,0.426,CONTESTED,1,0.33,2,,UNRESOLVED_no_grounded_patents,0.0,0.0,0.0,0,0,,,,False,True
PD-1|CD28|MESOTHELIN,MAB,UNRESOLVED,0.426,CONTESTED,1,0.33,1,,UNRESOLVED_no_grounded_patents,0.0,0.0,0.0,0,0,,,,False,True
PD-1|CLDN18.2|HER2|TCR,MAB,UNRESOLVED,0.426,CONTESTED,1,0.33,1,,UNRESOLVED_no_grounded_patents,0.0,0.0,0.0,0,0,,,,False,True
PD-1|CRBN,MAB,UNRESOLVED,0.426,CONTESTED,1,0.33,1,,UNRESOLVED_no_grounded_patents,0.0,0.0,0.0,0,0,,,,False,True
PD-1|CTLA-4,MAB,UNRESOLVED,0.426,CONTESTED,12,1.0,54,,UNRESOLVED_no_grounded_patents,0.151,0.0,0.0,2,3,BISPECIFIC,WO2025140535A1,FORTVITA BIOLOGICS (SINGAPORE) PTE. LTD.,False,True
PD-1|CTLA-4|LAG-3,MAB,UNRESOLVED,0.426,CONTESTED,1,0.33,5,,UNRESOLVED_no_grounded_patents,0.0,0.0,0.0,0,0,,,,False,True
PD-1|EGFR|BTK,MAB,UNRESOLVED,0.426,CONTESTED,1,0.33,1,,UNRESOLVED_no_grounded_patents,0.0,0.0,0.0,0,0,,,,False,True
PD-1|EGFR|CD47|SIRP-ALPHA,MAB,UNRESOLVED,0.426,CONTESTED,1,0.33,1,,UNRESOLVED_no_grounded_patents,0.0,0.0,0.0,0,0,,,,False,True
PD-1|EGFR|MET,MAB,UNRESOLVED,0.426,CONTESTED,1,0.33,1,,UNRESOLVED_no_grounded_patents,0.0,0.0,0.0,0,0,,,,False,True
PD-1|EZH2,MAB,UNRESOLVED,0.426,CONTESTED,1,0.33,2,,UNRESOLVED_no_grounded_patents,0.0,0.0,0.0,0,0,,,,False,True
PD-1|HER2|CD16,MAB,UNRESOLVED,0.426,CONTESTED,1,0.33,1,,UNRESOLVED_no_grounded_patents,0.0,0.0,0.0,0,0,,,,False,True
PD-1|HER2|FGFR,MAB,UNRESOLVED,0.426,CONTESTED,1,0.33,1,,UNRESOLVED_no_grounded_patents,0.0,0.0,0.0,0,0,,,,False,True
PD-1|HER2|NECTIN4,MAB,UNRESOLVED,0.426,CONTESTED,1,0.33,2,,UNRESOLVED_no_grounded_patents,0.0,0.0,0.0,0,0,,,,False,True
PD-1|ICAM1|PD-L1,MAB,UNRESOLVED,0.426,CONTESTED,1,0.33,1,,UNRESOLVED_no_grounded_patents,0.0,0.0,0.0,0,0,,,,False,True
PD-1|MESOTHELIN,MAB,UNRESOLVED,0.426,CONTESTED,1,0.33,1,,UNRESOLVED_no_grounded_patents,0.0,0.0,0.0,0,0,,,,False,True
PD-1|MESOTHELIN-TUBULYSIN,ADC,UNRESOLVED,0.426,CONTESTED,1,0.33,1,,UNRESOLVED_no_grounded_patents,0.0,0.0,0.0,0,0,,,,False,True
PD-1|MET,MAB,UNRESOLVED,0.426,CONTESTED,1,0.33,4,,UNRESOLVED_no_grounded_patents,0.0,0.0,0.0,0,0,,,,False,True
PD-1|NKG2A,MAB,UNRESOLVED,0.426,CONTESTED,1,0.33,2,,UNRESOLVED_no_grounded_patents,0.0,0.0,0.0,0,0,,,,False,True
PD-1|PD-L1|HER2,MAB,UNRESOLVED,0.426,CONTESTED,1,0.33,3,,UNRESOLVED_no_grounded_patents,0.0,0.0,0.0,0,0,,,,False,True
PD-1|PD-L1|PSMA,MAB,UNRESOLVED,0.426,CONTESTED,1,0.33,1,,UNRESOLVED_no_grounded_patents,0.0,0.0,0.0,0,0,,,,False,True
PD-1|PSMA,CAR-T,UNRESOLVED,0.426,CONTESTED,1,0.33,2,,UNRESOLVED_no_grounded_patents,0.0,0.0,0.0,0,0,,,,False,True
PD-1|TCR|VEGF,MAB,UNRESOLVED,0.426,CONTESTED,1,0.33,1,,UNRESOLVED_no_grounded_patents,0.0,0.0,0.0,0,0,,,,False,True
PD-1|TIGIT|CD40,MAB,UNRESOLVED,0.426,CONTESTED,1,0.33,1,,UNRESOLVED_no_grounded_patents,0.0,0.0,0.0,0,0,,,,False,True
PD-1|VEGFR2|CEA|CEACAM5,MAB,UNRESOLVED,0.426,CONTESTED,1,0.33,1,,UNRESOLVED_no_grounded_patents,0.0,0.0,0.0,0,0,,,,False,True
PD-1|VEGFR2|HER2,MAB,UNRESOLVED,0.426,CONTESTED,1,0.33,1,,UNRESOLVED_no_grounded_patents,0.0,0.0,0.0,0,0,,,,False,True
PD-1|WT1,MAB,UNRESOLVED,0.426,CONTESTED,1,0.33,6,,UNRESOLVED_no_grounded_patents,0.0,0.0,0.0,0,0,,,,False,True
PD-L1|ALK|EGFR|PD-1|VEGF,MAB,UNRESOLVED,0.426,CONTESTED,1,0.33,1,,UNRESOLVED_no_grounded_patents,0.0,0.0,0.0,0,0,,,,False,True
PD-L1|AR,MAB,UNRESOLVED,0.426,CONTESTED,1,0.33,3,,UNRESOLVED_no_grounded_patents,0.0,0.0,0.0,0,0,,,,False,True
PD-L1|AXL,MAB,UNRESOLVED,0.426,CONTESTED,1,0.33,3,,UNRESOLVED_no_grounded_patents,0.0,0.0,0.0,0,0,,,,False,True
PD-L1|CD137,MAB,UNRESOLVED,0.426,CONTESTED,1,0.33,1,,UNRESOLVED_no_grounded_patents,0.423,0.0,0.0,7,12,BISPECIFIC,WO2025242827A1,GENMAB A/S,False,True
PD-L1|CD137,MULTISPECIFIC,UNRESOLVED,0.426,CONTESTED,1,0.33,1,,UNRESOLVED_no_grounded_patents,0.423,0.0,0.0,7,12,BISPECIFIC,WO2025242827A1,GENMAB A/S,False,True
PD-L1|CD16,MAB,UNRESOLVED,0.426,CONTESTED,1,0.33,1,,UNRESOLVED_no_grounded_patents,0.0,0.0,0.0,0,0,,,,False,True
PD-L1|CD25|NKG2A|NKG2D,MAB,UNRESOLVED,0.426,CONTESTED,1,0.33,1,,UNRESOLVED_no_grounded_patents,0.0,0.0,0.0,0,0,,,,False,True
PD-L1|CD38,MAB,UNRESOLVED,0.426,CONTESTED,1,0.33,3,,UNRESOLVED_no_grounded_patents,0.0,0.0,0.0,0,0,,,,False,True
PD-L1|CD73,MAB,UNRESOLVED,0.426,CONTESTED,1,0.33,8,,UNRESOLVED_no_grounded_patents,0.0,0.0,0.0,0,0,,,,False,True
PD-L1|FAP,MAB,UNRESOLVED,0.426,CONTESTED,1,0.33,1,,UNRESOLVED_no_grounded_patents,0.0,0.0,0.0,0,0,,,,False,True
PD-L1|FGFR|TCR,MAB,UNRESOLVED,0.426,CONTESTED,1,0.33,1,,UNRESOLVED_no_grounded_patents,0.0,0.0,0.0,0,0,,,,False,True
PD-L1|GPC3,MAB,UNRESOLVED,0.426,CONTESTED,1,0.33,3,,UNRESOLVED_no_grounded_patents,0.0,0.0,0.0,0,0,,,,False,True
PD-L1|HER2|VEGF,MAB,UNRESOLVED,0.426,CONTESTED,1,0.33,1,,UNRESOLVED_no_grounded_patents,0.0,0.0,0.0,0,0,,,,False,True
PD-L1|MAGE|TCR,MAB,UNRESOLVED,0.426,CONTESTED,1,0.33,1,,UNRESOLVED_no_grounded_patents,0.0,0.0,0.0,0,0,,,,False,True
PD-L1|MUC1,MAB,UNRESOLVED,0.426,CONTESTED,1,0.33,1,,UNRESOLVED_no_grounded_patents,0.0,0.0,0.0,0,0,,,,False,True
PD-L1|VEGF|PD-1,MAB,UNRESOLVED,0.426,CONTESTED,1,0.33,3,,UNRESOLVED_no_grounded_patents,0.0,0.0,0.0,0,0,,,,False,True
PSMA,RADIOLIGAND,UNRESOLVED,0.426,CONTESTED,1,0.33,6,,UNRESOLVED_no_grounded_patents,0.557,0.0,0.0,13,25,ADC|BISPECIFIC|MAB,WO2026096557A2,"JANUX THERAPEUTICS, INC.",False,True
PSMA|CD3|AR|PD-1,BISPECIFIC,UNRESOLVED,0.426,CONTESTED,1,0.33,1,,UNRESOLVED_no_grounded_patents,0.0,0.0,0.0,0,0,,,,False,True
SSTR2|CD3,BISPECIFIC,UNRESOLVED,0.426,CONTESTED,1,0.33,1,,UNRESOLVED_no_grounded_patents,0.0,0.0,0.0,0,0,,,,False,True
TFR1-MMAE,ADC,UNRESOLVED,0.426,CONTESTED,1,0.33,1,,UNRESOLVED_no_grounded_patents,0.0,0.0,0.0,0,0,,,,False,True
TIGIT|CD96,BISPECIFIC,UNRESOLVED,0.426,CONTESTED,1,0.33,1,,UNRESOLVED_no_grounded_patents,0.0,0.0,0.0,0,0,,,,False,True
TIGIT|PD-1|PD-L1,MAB,UNRESOLVED,0.426,CONTESTED,1,0.33,1,,UNRESOLVED_no_grounded_patents,0.0,0.0,0.0,0,0,,,,False,True
TISSUE FACTOR,UNCLASSIFIED,UNRESOLVED,0.426,CONTESTED,1,0.33,4,,UNRESOLVED_no_grounded_patents,0.0,0.0,0.0,1,8,ADC|MAB,WO2024054821A2,"EXELIXIS, INC.",False,True
TROP-2|PD-1|TIGIT,ADC,UNRESOLVED,0.426,CONTESTED,1,0.33,3,,UNRESOLVED_no_grounded_patents,0.0,0.0,0.0,0,0,,,,False,True
TROP-2|PD-L1,ADC,UNRESOLVED,0.426,CONTESTED,1,0.33,6,,UNRESOLVED_no_grounded_patents,0.0,0.0,0.0,0,0,,,,False,True
TROP-2|PD-L1|TIGIT|VEGF|PD-1,ADC,UNRESOLVED,0.426,CONTESTED,1,0.33,1,,UNRESOLVED_no_grounded_patents,0.0,0.0,0.0,0,0,,,,False,True
VEGFR2,OUT_OF_SCOPE,UNRESOLVED,0.426,CONTESTED,1,0.33,1,,UNRESOLVED_no_grounded_patents,0.423,0.0,0.0,7,11,MAB,WO2023136648A1,PHARMABCINE INC.,False,True
VEGFR2|CTLA-4|PD-1,MAB,UNRESOLVED,0.426,CONTESTED,1,0.33,2,,UNRESOLVED_no_grounded_patents,0.0,0.0,0.0,0,0,,,,False,True
VEGFR2|FGFR|HER2|VEGF,MAB,UNRESOLVED,0.426,CONTESTED,1,0.33,1,,UNRESOLVED_no_grounded_patents,0.0,0.0,0.0,0,0,,,,False,True
VEGF|CD20|PD-L1|CD16|MUC1,MAB,UNRESOLVED,0.426,CONTESTED,1,0.33,1,,UNRESOLVED_no_grounded_patents,0.0,0.0,0.0,0,0,,,,False,True
VEGF|CEA,MAB,UNRESOLVED,0.426,CONTESTED,3,1.0,7,,UNRESOLVED_no_grounded_patents,0.0,0.0,0.0,0,0,,,,False,True
VEGF|EGFR|KRAS,MAB,UNRESOLVED,0.426,CONTESTED,1,0.33,14,,UNRESOLVED_no_grounded_patents,0.0,0.0,0.0,0,0,,,,False,True
VEGF|FGFR,MAB,UNRESOLVED,0.426,CONTESTED,1,0.33,1,,UNRESOLVED_no_grounded_patents,0.0,0.0,0.0,0,0,,,,False,True
VEGF|IGF-1R,MAB,UNRESOLVED,0.426,CONTESTED,1,0.33,2,,UNRESOLVED_no_grounded_patents,0.0,0.0,0.0,0,0,,,,False,True
VEGF|KRAS,MAB,UNRESOLVED,0.426,CONTESTED,1,0.33,9,,UNRESOLVED_no_grounded_patents,0.0,0.0,0.0,0,0,,,,False,True
VEGF|PD-1|PD-L1|CD16|CEA|ER|HER2|MUC1,MAB,UNRESOLVED,0.426,CONTESTED,1,0.33,1,,UNRESOLVED_no_grounded_patents,0.0,0.0,0.0,0,0,,,,False,True
VEGF|PD-1|PD-L1|CD16|CEA|MUC1,MAB,UNRESOLVED,0.426,CONTESTED,1,0.33,1,,UNRESOLVED_no_grounded_patents,0.0,0.0,0.0,0,0,,,,False,True
VEGF|PD-L1|CD16|CEA|ER|HER2|MUC1|PD-1,MAB,UNRESOLVED,0.426,CONTESTED,1,0.33,1,,UNRESOLVED_no_grounded_patents,0.0,0.0,0.0,0,0,,,,False,True
VEGF|PD-L1|CD16|ER|HER2|MUC1,MAB,UNRESOLVED,0.426,CONTESTED,1,0.33,1,,UNRESOLVED_no_grounded_patents,0.0,0.0,0.0,0,0,,,,False,True
VEGF|PD-L1|CD16|MUC1,MAB,UNRESOLVED,0.426,CONTESTED,1,0.33,1,,UNRESOLVED_no_grounded_patents,0.0,0.0,0.0,0,0,,,,False,True
VEGF|ER,MAB,UNRESOLVED,0.409,CONTESTED,2,0.67,3,,UNRESOLVED_no_grounded_patents,0.0,0.0,0.0,0,0,,,,False,True
AR,UNCLASSIFIED,UNRESOLVED,0.401,CONTESTED,2,0.67,10,,UNRESOLVED_no_grounded_patents,0.0,0.0,0.0,1,4,MAB|PROTAC,WO2024010818A2,UNIVERSITY OF TENNESSEE RESEARCH FOUNDATION,False,True
AXL,UNCLASSIFIED,UNRESOLVED,0.401,CONTESTED,2,0.67,3,,UNRESOLVED_no_grounded_patents,0.452,0.0,0.0,8,17,ADC|BISPECIFIC|MAB,WO2024263143A1,T.C. ANKARA UNIVERSITESI REKTORLUGU,False,True
BCL-2,UNCLASSIFIED,UNRESOLVED,0.401,CONTESTED,4,1.0,17,,UNRESOLVED_no_grounded_patents,0.239,0.0,0.0,3,8,MAB,WO2026044151A1,"SYNERGY IMT, INC.",False,True
CD19|BCL-2,MAB,UNRESOLVED,0.401,CONTESTED,2,0.67,3,,UNRESOLVED_no_grounded_patents,0.0,0.0,0.0,0,0,,,,False,True
CD19|CD22,UNCLASSIFIED,UNRESOLVED,0.401,CONTESTED,2,0.67,5,,UNRESOLVED_no_grounded_patents,0.0,0.0,0.0,0,0,,,,False,True
CD20,CAR-T,UNRESOLVED,0.401,CONTESTED,2,0.67,14,,UNRESOLVED_no_grounded_patents,0.477,0.0,0.0,9,39,MAB,WO2025253079A1,CENTRE NATIONAL DE LA RECHERCHE SCIENTIFIQUE,False,True
CD20|EZH2,MAB,UNRESOLVED,0.401,CONTESTED,2,0.67,4,,UNRESOLVED_no_grounded_patents,0.0,0.0,0.0,0,0,,,,False,True
CD22,UNCLASSIFIED,UNRESOLVED,0.401,CONTESTED,2,0.67,8,,UNRESOLVED_no_grounded_patents,0.239,0.0,0.0,3,7,MAB,WO2026078620A1,MEDIMMUNE LLC,False,True
CD28|PD-1,MAB,UNRESOLVED,0.401,CONTESTED,2,0.67,2,,UNRESOLVED_no_grounded_patents,0.0,0.0,0.0,0,0,,,,False,True
CD33|CLL-1,CAR-T,UNRESOLVED,0.401,CONTESTED,2,0.67,4,,UNRESOLVED_no_grounded_patents,0.0,0.0,0.0,0,0,,,,False,True
CD79B|CD20|BCL-2,ADC,UNRESOLVED,0.401,CONTESTED,2,0.67,6,,UNRESOLVED_no_grounded_patents,0.0,0.0,0.0,0,0,,,,False,True
CTLA-4,UNCLASSIFIED,UNRESOLVED,0.401,CONTESTED,2,0.67,6,,UNRESOLVED_no_grounded_patents,0.477,0.0,0.0,9,35,MAB,WO2026057739A1,BIONTECH SE,False,True
CTLA-4|PD-L1|PD-1,MAB,UNRESOLVED,0.401,CONTESTED,2,0.67,7,,UNRESOLVED_no_grounded_patents,0.0,0.0,0.0,0,0,,,,False,True
HER2-TLRAGONIST,ADC,UNRESOLVED,0.401,CONTESTED,2,0.67,2,,UNRESOLVED_no_grounded_patents,0.0,0.0,0.0,0,0,,,,False,True
NKG2D,CAR-T,UNRESOLVED,0.401,CONTESTED,2,0.67,22,,UNRESOLVED_no_grounded_patents,0.239,0.0,0.0,3,3,MAB,WO2022234571A2,IMMUNORIZON LTD.,False,True
PD-1,CAR-T,UNRESOLVED,0.401,CONTESTED,2,0.67,29,,UNRESOLVED_no_grounded_patents,0.929,0.0,0.0,72,214,ADC|BISPECIFIC|MAB,WO2026059969A1,TRUSTEES OF TUFTS COLLEGE,False,True
PD-1|CD40,MAB,UNRESOLVED,0.401,CONTESTED,2,0.67,14,,UNRESOLVED_no_grounded_patents,0.0,0.0,0.0,1,1,BISPECIFIC,WO2022078357A1,"BIOCYTOGEN PHARMACEUTICALS (BEIJING) CO., LTD",False,True
PD-1|CD47,MAB,UNRESOLVED,0.401,CONTESTED,2,0.67,4,,UNRESOLVED_no_grounded_patents,0.151,0.0,0.0,2,2,BISPECIFIC,WO2022147365A1,"ABVISION, INC.",False,True
PD-1|EZH2|PD-L1,MAB,UNRESOLVED,0.401,CONTESTED,2,0.67,2,,UNRESOLVED_no_grounded_patents,0.0,0.0,0.0,0,0,,,,False,True
PD-L1|ER,MAB,UNRESOLVED,0.401,CONTESTED,2,0.67,4,,UNRESOLVED_no_grounded_patents,0.0,0.0,0.0,0,0,,,,False,True
PSMA,UNCLASSIFIED,UNRESOLVED,0.401,CONTESTED,2,0.67,6,,UNRESOLVED_no_grounded_patents,0.557,0.0,0.0,13,25,ADC|BISPECIFIC|MAB,WO2026096557A2,"JANUX THERAPEUTICS, INC.",False,True
CD38,UNCLASSIFIED,UNRESOLVED,0.378,FAILED / CONTESTED (late),3,1.0,11,,UNRESOLVED_no_grounded_patents,0.588,0.0,0.0,15,26,BISPECIFIC|MAB,WO2025229158A1,COMMIT BIOLOGICS APS,False,True
NAPI2B-AURISTATIN,ADC,UNRESOLVED,0.378,FAILED / CONTESTED (late),3,1.0,4,,UNRESOLVED_no_grounded_patents,0.0,0.0,0.0,0,0,,,,False,True
PD-1|ER|HER2,MAB,UNRESOLVED,0.378,FAILED / CONTESTED (late),2,0.67,8,,UNRESOLVED_no_grounded_patents,0.0,0.0,0.0,0,0,,,,False,True
PD-L1,OUT_OF_SCOPE,UNRESOLVED,0.378,FAILED / CONTESTED (late),4,1.0,7,,UNRESOLVED_no_grounded_patents,0.923,0.0,0.0,70,150,BISPECIFIC|MAB,WO2026074471A1,JANSSEN PHARMACEUTICA NV,False,True
PD-L1|ER|HER2,MAB,UNRESOLVED,0.378,FAILED / CONTESTED (late),2,0.67,4,,UNRESOLVED_no_grounded_patents,0.0,0.0,0.0,0,0,,,,False,True
EGFR|PD-L1,MAB,UNRESOLVED,0.37,FAILED / CONTESTED (late),2,0.67,15,,UNRESOLVED_no_grounded_patents,0.151,0.0,0.0,2,2,BISPECIFIC,WO2023165813A1,TECHNISCHE UNIVERSITÄT DARMSTADT,False,True
ALK|EGFR|PD-1,UNCLASSIFIED,UNRESOLVED,0.362,FAILED / CONTESTED (late),1,0.33,2,,UNRESOLVED_no_grounded_patents,0.0,0.0,0.0,0,0,,,,False,True
B7-H3|LAG-3|PD-1,MAB,UNRESOLVED,0.362,FAILED / CONTESTED (late),1,0.33,1,,UNRESOLVED_no_grounded_patents,0.0,0.0,0.0,0,0,,,,False,True
BCMA|GPRC5D|CD3,BISPECIFIC,UNRESOLVED,0.362,FAILED / CONTESTED (late),1,0.33,1,,UNRESOLVED_no_grounded_patents,0.0,0.0,0.0,0,0,,,,False,True
CD19|CD3|CD22-CALICHEAMICIN,ADC,UNRESOLVED,0.362,FAILED / CONTESTED (late),1,0.33,1,,UNRESOLVED_no_grounded_patents,0.0,0.0,0.0,0,0,,,,False,True
CD20|PD-L1|CD137,MAB,UNRESOLVED,0.362,FAILED / CONTESTED (late),1,0.33,1,,UNRESOLVED_no_grounded_patents,0.0,0.0,0.0,0,0,,,,False,True
CD28,UNCLASSIFIED,UNRESOLVED,0.362,FAILED / CONTESTED (late),1,0.33,4,,UNRESOLVED_no_grounded_patents,0.389,0.0,0.0,6,7,BISPECIFIC|MAB,WO2026055433A1,REGENTS OF THE UNIVERSITY OF MINNESOTA,False,True
CEA|CEACAM5,UNCLASSIFIED,UNRESOLVED,0.362,FAILED / CONTESTED (late),1,0.33,3,,UNRESOLVED_no_grounded_patents,0.0,0.0,0.0,1,1,BISPECIFIC,WO2024165403A1,PHILOGEN S.P.A.,False,True
EGFR|MUC1,UNCLASSIFIED,UNRESOLVED,0.362,FAILED / CONTESTED (late),1,0.33,1,,UNRESOLVED_no_grounded_patents,0.0,0.0,0.0,1,1,BISPECIFIC,WO2021247798A1,MERCK PATENT GMBH,False,True
ER|MUC16,UNCLASSIFIED,UNRESOLVED,0.362,FAILED / CONTESTED (late),1,0.33,1,,UNRESOLVED_no_grounded_patents,0.0,0.0,0.0,0,0,,,,False,True
HER2|ER,ADC,UNRESOLVED,0.362,FAILED / CONTESTED (late),1,0.33,5,,UNRESOLVED_no_grounded_patents,0.0,0.0,0.0,0,0,,,,False,True
LAG-3|PD-1,MAB,UNRESOLVED,0.362,FAILED / CONTESTED (late),4,1.0,29,,UNRESOLVED_no_grounded_patents,0.0,0.0,0.0,1,1,BISPECIFIC,WO2014008218A1,BRISTOL-MYERS SQUIBB COMPANY,False,True
MET|EGFR,ADC,UNRESOLVED,0.362,FAILED / CONTESTED (late),1,0.33,1,,UNRESOLVED_no_grounded_patents,0.0,0.0,0.0,0,0,,,,False,True
PD-1|CTLA-4|PD-L1,MAB,UNRESOLVED,0.362,FAILED / CONTESTED (late),1,0.33,9,,UNRESOLVED_no_grounded_patents,0.0,0.0,0.0,0,0,,,,False,True
ALK|EGFR,UNCLASSIFIED,UNRESOLVED,0.354,FAILED / CONTESTED (late),2,0.67,5,,UNRESOLVED_no_grounded_patents,0.0,0.0,0.0,0,0,,,,False,True
ANG2,UNCLASSIFIED,UNRESOLVED,0.354,FAILED / CONTESTED (late),2,0.67,4,,UNRESOLVED_no_grounded_patents,0.0,0.0,0.0,0,2,MAB,WO2015179166A1,ELI LILLY AND COMPANY,False,True
APOH,MAB,UNRESOLVED,0.354,FAILED / CONTESTED (late),1,0.33,1,,UNRESOLVED_no_grounded_patents,0.0,0.0,0.0,0,0,,,,False,True
CD19|CD3|BTK,BISPECIFIC,UNRESOLVED,0.354,FAILED / CONTESTED (late),1,0.33,1,,UNRESOLVED_no_grounded_patents,0.0,0.0,0.0,0,0,,,,False,True
CD20|CD22,MAB,UNRESOLVED,0.354,FAILED / CONTESTED (late),2,0.67,7,,UNRESOLVED_no_grounded_patents,0.0,0.0,0.0,0,0,,,,False,True
CD22|CD19|CD3|BCL-2,ADC,UNRESOLVED,0.354,FAILED / CONTESTED (late),1,0.33,3,,UNRESOLVED_no_grounded_patents,0.0,0.0,0.0,0,0,,,,False,True
CD3|HER2,BISPECIFIC,UNRESOLVED,0.354,FAILED / CONTESTED (late),6,1.0,8,,UNRESOLVED_no_grounded_patents,0.0,0.0,0.0,0,0,,,,False,True
CD40|GP100,CAR-T,UNRESOLVED,0.354,FAILED / CONTESTED (late),1,0.33,1,,UNRESOLVED_no_grounded_patents,0.0,0.0,0.0,0,0,,,,False,True
CD73|PD-1,BISPECIFIC,UNRESOLVED,0.354,FAILED / CONTESTED (late),1,0.33,2,,UNRESOLVED_no_grounded_patents,0.0,0.0,0.0,0,0,,,,False,True
CEA|CEACAM5,CAR-T,UNRESOLVED,0.354,FAILED / CONTESTED (late),4,1.0,9,,UNRESOLVED_no_grounded_patents,0.0,0.0,0.0,1,1,BISPECIFIC,WO2024165403A1,PHILOGEN S.P.A.,False,True
CEA|HER2,BISPECIFIC,UNRESOLVED,0.354,FAILED / CONTESTED (late),1,0.33,1,,UNRESOLVED_no_grounded_patents,0.0,0.0,0.0,0,0,,,,False,True
CRBN,UNCLASSIFIED,UNRESOLVED,0.354,FAILED / CONTESTED (late),2,0.67,4,,UNRESOLVED_no_grounded_patents,0.0,0.0,0.0,0,1,MAB,WO2020197227A1,UNIVERSITY OF ULSAN FOUNDATION FOR INDUSTRY COOPERATION,False,True
CTLA-4|ER|HER2|PD-L1|TCR,MAB,UNRESOLVED,0.354,FAILED / CONTESTED (late),1,0.33,1,,UNRESOLVED_no_grounded_patents,0.0,0.0,0.0,0,0,,,,False,True
CTLA-4|PD-1|CEA|CEACAM5,MAB,UNRESOLVED,0.354,FAILED / CONTESTED (late),1,0.33,1,,UNRESOLVED_no_grounded_patents,0.0,0.0,0.0,0,0,,,,False,True
CTLA-4|PD-L1,UNCLASSIFIED,UNRESOLVED,0.354,FAILED / CONTESTED (late),2,0.67,2,,UNRESOLVED_no_grounded_patents,0.0,0.0,0.0,0,0,,,,False,True
EGFL7,MAB,UNRESOLVED,0.354,FAILED / CONTESTED (late),1,0.33,1,,UNRESOLVED_no_grounded_patents,0.0,0.0,0.0,0,0,,,,False,True
EGFR|HER2|VEGF,MAB,UNRESOLVED,0.354,FAILED / CONTESTED (late),1,0.33,1,,UNRESOLVED_no_grounded_patents,0.0,0.0,0.0,0,0,,,,False,True
ER-MMAE,ADC,UNRESOLVED,0.354,FAILED / CONTESTED (late),1,0.33,1,,UNRESOLVED_no_grounded_patents,0.0,0.0,0.0,0,0,,,,False,True
GD2|HER2,MAB,UNRESOLVED,0.354,FAILED / CONTESTED (late),1,0.33,1,,UNRESOLVED_no_grounded_patents,0.0,0.0,0.0,0,0,,,,False,True
GP100,CAR-T,UNRESOLVED,0.354,FAILED / CONTESTED (late),2,0.67,4,,UNRESOLVED_no_grounded_patents,0.0,0.0,0.0,0,1,MAB,WO2020128612A2,NOVARTIS AG,False,True
HER2|VEGFR2,MAB,UNRESOLVED,0.354,FAILED / CONTESTED (late),2,0.67,4,,UNRESOLVED_no_grounded_patents,0.0,0.0,0.0,0,0,,,,False,True
HER3,ADC,UNRESOLVED,0.354,FAILED / CONTESTED (late),2,0.67,11,,UNRESOLVED_no_grounded_patents,0.557,0.0,0.0,13,20,MAB,WO2026041029A1,"XADCERA BIOPHARMACEUTICAL (SUZHOU) CO., LTD.",False,True
HGF,MAB,UNRESOLVED,0.354,FAILED / CONTESTED (late),1,0.33,1,,UNRESOLVED_no_grounded_patents,0.0,0.0,0.0,0,0,,,,False,True
IGF-1R,UNCLASSIFIED,UNRESOLVED,0.354,FAILED / CONTESTED (late),2,0.67,6,,UNRESOLVED_no_grounded_patents,0.349,0.0,0.0,5,7,BISPECIFIC|MAB,WO2016174053A1,PIERRE FABRE MEDICAMENT,False,True
MESOTHELIN|PD-1,MAB,UNRESOLVED,0.354,FAILED / CONTESTED (late),1,0.33,1,,UNRESOLVED_no_grounded_patents,0.0,0.0,0.0,0,0,,,,False,True
MET,CAR-T,UNRESOLVED,0.354,FAILED / CONTESTED (late),2,0.67,9,,UNRESOLVED_no_grounded_patents,0.661,0.0,0.0,21,33,ADC|BISPECIFIC|MAB,WO2025146620A1,CHONG KUN DANG PHARMACEUTICAL CORP.,False,True
MET|TCR,CAR-T,UNRESOLVED,0.354,FAILED / CONTESTED (late),2,0.67,5,,UNRESOLVED_no_grounded_patents,0.0,0.0,0.0,0,0,,,,False,True
MUC16|MESOTHELIN|VEGF,MAB,UNRESOLVED,0.354,FAILED / CONTESTED (late),1,0.33,1,,UNRESOLVED_no_grounded_patents,0.0,0.0,0.0,0,0,,,,False,True
PD-1|ALK|EGFR|PD-L1,MAB,UNRESOLVED,0.354,FAILED / CONTESTED (late),2,0.67,7,,UNRESOLVED_no_grounded_patents,0.0,0.0,0.0,0,0,,,,False,True
PD-1|AR,MAB,UNRESOLVED,0.354,FAILED / CONTESTED (late),2,0.67,7,,UNRESOLVED_no_grounded_patents,0.0,0.0,0.0,0,0,,,,False,True
PD-1|ER,MAB,UNRESOLVED,0.354,FAILED / CONTESTED (late),2,0.67,3,,UNRESOLVED_no_grounded_patents,0.0,0.0,0.0,0,0,,,,False,True
PD-1|FGFR|PD-L1|VEGF,MAB,UNRESOLVED,0.354,FAILED / CONTESTED (late),2,0.67,4,,UNRESOLVED_no_grounded_patents,0.0,0.0,0.0,0,0,,,,False,True
PD-1|HER2-REZETECAN,ADC,UNRESOLVED,0.354,FAILED / CONTESTED (late),1,0.33,1,,UNRESOLVED_no_grounded_patents,0.0,0.0,0.0,0,0,,,,False,True
PD-1|HER2|PD-L1,MAB,UNRESOLVED,0.354,FAILED / CONTESTED (late),2,0.67,10,,UNRESOLVED_no_grounded_patents,0.0,0.0,0.0,0,0,,,,False,True
PD-1|KRAS,MAB,UNRESOLVED,0.354,FAILED / CONTESTED (late),2,0.67,16,,UNRESOLVED_no_grounded_patents,0.0,0.0,0.0,0,0,,,,False,True
PD-1|TIGIT|NECTIN4,MAB,UNRESOLVED,0.354,FAILED / CONTESTED (late),1,0.33,1,,UNRESOLVED_no_grounded_patents,0.0,0.0,0.0,0,0,,,,False,True
PD-1|TROP-2,MAB,UNRESOLVED,0.354,FAILED / CONTESTED (late),1,0.33,7,,UNRESOLVED_no_grounded_patents,0.0,0.0,0.0,0,0,,,,False,True
PD-1|VEGF|MUC16,MAB,UNRESOLVED,0.354,FAILED / CONTESTED (late),1,0.33,3,,UNRESOLVED_no_grounded_patents,0.0,0.0,0.0,0,0,,,,False,True
PD-L1|ALK,MAB,UNRESOLVED,0.354,FAILED / CONTESTED (late),2,0.67,4,,UNRESOLVED_no_grounded_patents,0.0,0.0,0.0,0,0,,,,False,True
PD-L1|CD16|CEA|MUC1,MAB,UNRESOLVED,0.354,FAILED / CONTESTED (late),2,0.67,2,,UNRESOLVED_no_grounded_patents,0.0,0.0,0.0,0,0,,,,False,True
PD-L1|CD25|HER2,MAB,UNRESOLVED,0.354,FAILED / CONTESTED (late),1,0.33,1,,UNRESOLVED_no_grounded_patents,0.0,0.0,0.0,0,0,,,,False,True
PD-L1|CD73|PD-1,MAB,UNRESOLVED,0.354,FAILED / CONTESTED (late),2,0.67,3,,UNRESOLVED_no_grounded_patents,0.0,0.0,0.0,0,0,,,,False,True
PD-L1|MUC16|VEGF,MAB,UNRESOLVED,0.354,FAILED / CONTESTED (late),1,0.33,1,,UNRESOLVED_no_grounded_patents,0.0,0.0,0.0,0,0,,,,False,True
PDGFRA,MAB,UNRESOLVED,0.354,FAILED / CONTESTED (late),1,0.33,1,,UNRESOLVED_no_grounded_patents,0.0,0.0,0.0,0,0,,,,False,True
TROP-2|CTLA-4|PD-L1,ADC,UNRESOLVED,0.354,FAILED / CONTESTED (late),1,0.33,1,,UNRESOLVED_no_grounded_patents,0.0,0.0,0.0,0,0,,,,False,True
TROP-2|PD-L1|TCR,MAB,UNRESOLVED,0.354,FAILED / CONTESTED (late),1,0.33,1,,UNRESOLVED_no_grounded_patents,0.0,0.0,0.0,0,0,,,,False,True
VEGFR2,CAR-T,UNRESOLVED,0.354,FAILED / CONTESTED (late),1,0.33,1,,UNRESOLVED_no_grounded_patents,0.423,0.0,0.0,7,11,MAB,WO2023136648A1,PHARMABCINE INC.,False,True
VEGFR2|EGFR,MAB,UNRESOLVED,0.354,FAILED / CONTESTED (late),1,0.33,2,,UNRESOLVED_no_grounded_patents,0.0,0.0,0.0,0,0,,,,False,True
VEGF|HIF,MAB,UNRESOLVED,0.354,FAILED / CONTESTED (late),1,0.33,3,,UNRESOLVED_no_grounded_patents,0.0,0.0,0.0,0,0,,,,False,True
VEGF|PD-1|EGFR|PD-L1|CD16|CEA|ER|HER2|MUC1,MAB,UNRESOLVED,0.354,FAILED / CONTESTED (late),2,0.67,2,,UNRESOLVED_no_grounded_patents,0.0,0.0,0.0,0,0,,,,False,True
VEGF|PD-L1|CD16|CEA,MAB,UNRESOLVED,0.354,FAILED / CONTESTED (late),2,0.67,2,,UNRESOLVED_no_grounded_patents,0.0,0.0,0.0,0,0,,,,False,True
VEGF|PD-L1|CD16|CEA|HER2|MUC1,MAB,UNRESOLVED,0.354,FAILED / CONTESTED (late),2,0.67,2,,UNRESOLVED_no_grounded_patents,0.0,0.0,0.0,0,0,,,,False,True
VEGF|PD-L1|CD16|CEA|MUC1,MAB,UNRESOLVED,0.354,FAILED / CONTESTED (late),2,0.67,2,,UNRESOLVED_no_grounded_patents,0.0,0.0,0.0,0,0,,,,False,True
VEGF|PD-L1|CEA,MAB,UNRESOLVED,0.354,FAILED / CONTESTED (late),2,0.67,2,,UNRESOLVED_no_grounded_patents,0.0,0.0,0.0,0,0,,,,False,True
CTLA-4|PD-1|PD-L1,UNCLASSIFIED,UNRESOLVED,0.339,FAILED / CONTESTED (late),1,0.33,22,,UNRESOLVED_no_grounded_patents,0.0,0.0,0.0,0,0,,,,False,True
PD-L1|VEGF|TCR,MAB,UNRESOLVED,0.339,FAILED / CONTESTED (late),1,0.33,2,,UNRESOLVED_no_grounded_patents,0.0,0.0,0.0,0,0,,,,False,True
BCMA|GPRC5D,CAR-T,UNRESOLVED,0.332,FAILED / CONTESTED (late),3,1.0,19,,UNRESOLVED_no_grounded_patents,0.0,0.0,0.0,0,0,,,,False,True
CD19|CD20,MAB,UNRESOLVED,0.332,FAILED / CONTESTED (late),2,0.67,9,,UNRESOLVED_no_grounded_patents,0.151,0.0,0.0,2,2,BISPECIFIC,WO2026107318A1,"HINGE BIO, INC.",False,True
CD19|CD20,UNCLASSIFIED,UNRESOLVED,0.332,FAILED / CONTESTED (late),3,1.0,20,,UNRESOLVED_no_grounded_patents,0.151,0.0,0.0,2,2,BISPECIFIC,WO2026107318A1,"HINGE BIO, INC.",False,True
CD3,UNCLASSIFIED,UNRESOLVED,0.332,FAILED / CONTESTED (late),3,1.0,15,,UNRESOLVED_no_grounded_patents,0.746,0.0,0.0,31,44,BISPECIFIC|MAB,WO2026006494A1,"ALLOY THERAPEUTICS, INC.",False,True
CD30,UNCLASSIFIED,UNRESOLVED,0.332,FAILED / CONTESTED (late),8,1.0,19,,UNRESOLVED_no_grounded_patents,0.239,0.0,0.0,3,9,MAB,WO2025169056A1,SEAGEN INC.,False,True
CLDN18.2,UNCLASSIFIED,UNRESOLVED,0.332,FAILED / CONTESTED (late),3,1.0,14,,UNRESOLVED_no_grounded_patents,0.651,0.0,0.0,20,27,ADC|BISPECIFIC|MAB,WO2025060679A1,"RENJI HOSPITAL, SHANGHAI JIAO TONG UNIVERSITY SCHOOL OF MEDICINE",False,True
GD2,CAR-T,UNRESOLVED,0.332,FAILED / CONTESTED (late),3,1.0,27,,UNRESOLVED_no_grounded_patents,0.301,0.0,0.0,4,13,MAB,WO2025172525A1,MERCK PATENT GMBH,False,True
HER2,CAR-T,UNRESOLVED,0.332,FAILED / CONTESTED (late),4,1.0,18,,UNRESOLVED_no_grounded_patents,0.812,0.0,0.0,42,77,ADC|BISPECIFIC|MAB,WO2025237420A1,"UTC THERAPEUTICS (SHANGHAI) CO., LTD.",False,True
HER2|PD-1|PD-L1,MAB,UNRESOLVED,0.332,FAILED / CONTESTED (late),2,0.67,5,,UNRESOLVED_no_grounded_patents,0.0,0.0,0.0,0,0,,,,False,True
HER2|PD-L1,MAB,UNRESOLVED,0.332,FAILED / CONTESTED (late),2,0.67,17,,UNRESOLVED_no_grounded_patents,0.0,0.0,0.0,1,1,BISPECIFIC,WO2021110107A1,"JIANGSU ALPHAMAB BIOPHARMACEUTICALS CO., LTD.",False,True
PD-1|BCL-2|TCR,MAB,UNRESOLVED,0.332,FAILED / CONTESTED (late),2,0.67,2,,UNRESOLVED_no_grounded_patents,0.0,0.0,0.0,0,0,,,,False,True
PD-1|CD137|PD-L1,BISPECIFIC,UNRESOLVED,0.332,FAILED / CONTESTED (late),3,1.0,4,,UNRESOLVED_no_grounded_patents,0.0,0.0,0.0,0,0,,,,False,True
PD-L1|KRAS,MAB,UNRESOLVED,0.332,FAILED / CONTESTED (late),3,1.0,6,,UNRESOLVED_no_grounded_patents,0.0,0.0,0.0,0,0,,,,False,True
CD25,CAR-T,UNRESOLVED,0.31,FAILED / CONTESTED (late),5,1.0,8,,UNRESOLVED_no_grounded_patents,0.573,0.0,0.0,14,27,ADC|MAB,WO2026002198A1,"BIO-THERA SOLUTIONS, LTD.",False,True
EZH2,UNCLASSIFIED,UNRESOLVED,0.31,FAILED / CONTESTED (late),4,1.0,19,,UNRESOLVED_no_grounded_patents,0.0,0.0,0.0,0,5,ADC|MAB|PROTAC,WO2025121807A1,INJE UNIVERSITY INDUSTRY-ACADEMIC COOPERATION FOUNDATION,False,True
GPC3,CAR-T,UNRESOLVED,0.31,FAILED / CONTESTED (late),6,1.0,40,,UNRESOLVED_no_grounded_patents,0.54,0.0,0.0,12,16,ADC|BISPECIFIC|MAB,WO2025207909A1,"THE UNITED STATES OF AMERICA, AS REPRESENTED BY THE SECRETARY",False,True
PD-1|BET|BRD4,MAB,UNRESOLVED,0.31,FAILED / CONTESTED (late),3,1.0,4,,UNRESOLVED_no_grounded_patents,0.0,0.0,0.0,0,0,,,,False,True
PD-1|CD20,MAB,UNRESOLVED,0.31,FAILED / CONTESTED (late),7,1.0,19,,UNRESOLVED_no_grounded_patents,0.0,0.0,0.0,0,0,,,,False,True
PD-1|CD25,MAB,UNRESOLVED,0.31,FAILED / CONTESTED (late),3,1.0,8,,UNRESOLVED_no_grounded_patents,0.0,0.0,0.0,0,0,,,,False,True
CD19|CD3|CD20,BISPECIFIC,UNRESOLVED,0.303,FAILED / CONTESTED (late),3,1.0,5,,UNRESOLVED_no_grounded_patents,0.0,0.0,0.0,0,0,,,,False,True
CD30|PD-1,ADC,UNRESOLVED,0.296,FAILED / CONTESTED (late),2,0.67,21,,UNRESOLVED_no_grounded_patents,0.0,0.0,0.0,0,0,,,,False,True
HER2|HER3,MAB,UNRESOLVED,0.296,FAILED / CONTESTED (late),2,0.67,8,,UNRESOLVED_no_grounded_patents,0.349,0.0,0.0,5,5,BISPECIFIC,WO2025117871A1,"SYSTIMMUNE, INC.",False,True
VEGF|ANG2,MAB,UNRESOLVED,0.296,FAILED / CONTESTED (late),2,0.67,4,,UNRESOLVED_no_grounded_patents,0.301,0.0,0.0,4,6,BISPECIFIC,WO2023201197A2,"UNITY BIOTECHNOLOGY, INC.",False,True
CD20|BCL-2|BTK,MAB,UNRESOLVED,0.289,FAILED / CONTESTED (late),3,1.0,18,,UNRESOLVED_no_grounded_patents,0.0,0.0,0.0,0,0,,,,False,True
FOLR1-ERIBULIN,ADC,UNRESOLVED,0.289,FAILED / CONTESTED (late),3,1.0,5,,UNRESOLVED_no_grounded_patents,0.0,0.0,0.0,0,0,,,,False,True
MESOTHELIN,ADC,UNRESOLVED,0.289,FAILED / CONTESTED (late),2,0.67,6,,UNRESOLVED_no_grounded_patents,0.628,0.0,0.0,18,25,BISPECIFIC|MAB,WO2026095670A1,CELLENGENE INC,False,True
MESOTHELIN,UNCLASSIFIED,UNRESOLVED,0.289,FAILED / CONTESTED (late),7,1.0,15,,UNRESOLVED_no_grounded_patents,0.628,0.0,0.0,18,25,BISPECIFIC|MAB,WO2026095670A1,CELLENGENE INC,False,True
PD-1|AXL,MAB,UNRESOLVED,0.289,FAILED / CONTESTED (late),3,1.0,8,,UNRESOLVED_no_grounded_patents,0.0,0.0,0.0,0,0,,,,False,True
PD-1|CD38,MAB,UNRESOLVED,0.289,FAILED / CONTESTED (late),3,1.0,5,,UNRESOLVED_no_grounded_patents,0.0,0.0,0.0,0,0,,,,False,True
PD-1|PD-L1|TCR,MAB,UNRESOLVED,0.289,FAILED / CONTESTED (late),3,1.0,9,,UNRESOLVED_no_grounded_patents,0.0,0.0,0.0,0,0,,,,False,True
PD-1|VEGFR2,MAB,UNRESOLVED,0.289,FAILED / CONTESTED (late),2,0.67,12,,UNRESOLVED_no_grounded_patents,0.0,0.0,0.0,0,0,,,,False,True
PD-L1|EGFR,MAB,UNRESOLVED,0.289,FAILED / CONTESTED (late),3,1.0,9,,UNRESOLVED_no_grounded_patents,0.0,0.0,0.0,0,1,BISPECIFIC,WO2021244554A1,"ZEDA BIOPHARMACEUTICALS, INC.",False,True
PSMA,CAR-T,UNRESOLVED,0.289,FAILED / CONTESTED (late),5,1.0,16,,UNRESOLVED_no_grounded_patents,0.557,0.0,0.0,13,25,ADC|BISPECIFIC|MAB,WO2026096557A2,"JANUX THERAPEUTICS, INC.",False,True
PD-1|MUC16,MAB,UNRESOLVED,0.282,FAILED / CONTESTED (late),4,1.0,6,,UNRESOLVED_no_grounded_patents,0.0,0.0,0.0,0,0,,,,False,True
CTLA-4|PD-1|PD-L1,MAB,UNRESOLVED,0.276,FAILED / CONTESTED (late),8,1.0,36,,UNRESOLVED_no_grounded_patents,0.0,0.0,0.0,0,0,,,,False,True
PD-1|ALK|EGFR,MAB,UNRESOLVED,0.276,FAILED / CONTESTED (late),2,0.67,6,,UNRESOLVED_no_grounded_patents,0.0,0.0,0.0,0,0,,,,False,True
WT1,UNCLASSIFIED,UNRESOLVED,0.269,FAILED / CONTESTED (late),4,1.0,10,,UNRESOLVED_no_grounded_patents,0.301,0.0,0.0,4,5,ADC|MAB,WO2026006495A1,"ALLOY THERAPEUTICS, INC.",False,True
CEA,CAR-T,UNRESOLVED,0.256,FAILED / CONTESTED (late),4,1.0,18,,UNRESOLVED_no_grounded_patents,0.423,0.0,0.0,7,11,ADC|MAB,WO2024110905A1,"BEIGENE, LTD.",False,True
TCR,CAR-T,UNRESOLVED,0.25,FAILED / CONTESTED (late),5,1.0,14,,UNRESOLVED_no_grounded_patents,0.521,0.0,0.0,11,23,BISPECIFIC|MAB,WO2025045018A1,"NANJING LEGEND BIOTECH CO., LTD.",False,True
VEGF|HER2,MAB,UNRESOLVED,0.25,FAILED / CONTESTED (late),6,1.0,38,,UNRESOLVED_no_grounded_patents,0.0,0.0,0.0,0,0,,,,False,True
CD19|CD38,MAB,UNRESOLVED,0.244,FAILED / CONTESTED (late),1,0.33,1,,UNRESOLVED_no_grounded_patents,0.0,0.0,0.0,1,2,BISPECIFIC,WO2026064774A1,"BIOGRAPH 55, INC.",False,True
CD20|CD19|CD25,MAB,UNRESOLVED,0.244,FAILED / CONTESTED (late),1,0.33,1,,UNRESOLVED_no_grounded_patents,0.0,0.0,0.0,0,0,,,,False,True
CD20|CD79B,MAB,UNRESOLVED,0.244,FAILED / CONTESTED (late),1,0.33,2,,UNRESOLVED_no_grounded_patents,0.0,0.0,0.0,0,0,,,,False,True
CD22|CD20,ADC,UNRESOLVED,0.244,FAILED / CONTESTED (late),2,0.67,5,,UNRESOLVED_no_grounded_patents,0.0,0.0,0.0,0,0,,,,False,True
EGFR|HER3|HER2|PD-1|PD-L1-TOP1I,ADC,UNRESOLVED,0.244,FAILED / CONTESTED (late),1,0.33,1,,UNRESOLVED_no_grounded_patents,0.0,0.0,0.0,0,0,,,,False,True
ITGB6,MAB,UNRESOLVED,0.244,FAILED / CONTESTED (late),1,0.33,1,,UNRESOLVED_no_grounded_patents,0.0,0.0,0.0,0,0,,,,False,True
VEGF|CD20,MAB,UNRESOLVED,0.237,FAILED / CONTESTED (late),3,1.0,6,,UNRESOLVED_no_grounded_patents,0.0,0.0,0.0,0,0,,,,False,True
FGFR|VEGF,UNCLASSIFIED,UNRESOLVED,0.231,FAILED / CONTESTED (late),4,1.0,9,,UNRESOLVED_no_grounded_patents,0.0,0.0,0.0,0,0,,,,False,True
LEWISY-DOXORUBICIN,ADC,UNRESOLVED,0.231,FAILED / CONTESTED (late),2,0.67,2,,UNRESOLVED_no_grounded_patents,0.0,0.0,0.0,0,0,,,,False,True
MUC16,UNCLASSIFIED,UNRESOLVED,0.231,FAILED / CONTESTED (late),4,1.0,20,,UNRESOLVED_no_grounded_patents,0.389,0.0,0.0,6,7,BISPECIFIC|MAB,WO2026044055A1,"MODERNATX, INC.",False,True
CD47|SIRP-ALPHA,MAB,UNRESOLVED,0.22,FAILED / CONTESTED (late),4,1.0,10,,UNRESOLVED_no_grounded_patents,0.0,0.0,0.0,1,2,BISPECIFIC,WO2022031680A1,"EXELIXIS, INC.",False,True
CD33,ADC,UNRESOLVED,0.209,FAILED / CONTESTED (late),3,1.0,13,,UNRESOLVED_no_grounded_patents,0.5,0.0,0.0,10,13,MAB,WO2023137335A2,"ACTINIUM PHARMACEUTICALS, INC.",False,True
FOLR1,ADC,UNRESOLVED,0.203,FAILED / CONTESTED (late),6,1.0,23,,UNRESOLVED_no_grounded_patents,0.0,0.0,0.0,1,4,MAB,WO2023217133A1,"SORRENTO THERAPEUTICS, INC.",False,True
VEGF|PD-L1,MAB,UNRESOLVED,0.203,FAILED / CONTESTED (late),4,1.0,16,,UNRESOLVED_no_grounded_patents,0.151,0.0,0.0,2,2,BISPECIFIC,WO2025185161A1,BIOTHEUS INC.,False,True
FGFR,UNCLASSIFIED,UNRESOLVED,0.182,FAILED / CONTESTED (late),5,1.0,16,,UNRESOLVED_no_grounded_patents,0.0,0.0,0.0,1,4,MAB,WO2021233037A1,SHANDONG FIRST MEDICAL UNIVERSITY & SHANDONG ACADEMY OF MEDICAL SCIENCES,False,True
ITGB6-MMAE,ADC,UNRESOLVED,0.178,FAILED / CONTESTED (late),3,1.0,3,,UNRESOLVED_no_grounded_patents,0.0,0.0,0.0,0,0,,,,False,True
CD25,UNCLASSIFIED,UNRESOLVED,0.168,FAILED / CONTESTED (late),9,1.0,19,,UNRESOLVED_no_grounded_patents,0.573,0.0,0.0,14,27,ADC|MAB,WO2026002198A1,"BIO-THERA SOLUTIONS, LTD.",False,True
PD-L1,UNCLASSIFIED,UNRESOLVED,0.154,FAILED / CONTESTED (late),6,1.0,65,,UNRESOLVED_no_grounded_patents,0.923,0.0,0.0,70,150,BISPECIFIC|MAB,WO2026074471A1,JANSSEN PHARMACEUTICA NV,False,True
CD19|CD3,BITE,UNRESOLVED,0.146,FAILED / CONTESTED (late),7,1.0,22,,UNRESOLVED_no_grounded_patents,0.5,0.0,0.0,10,14,BISPECIFIC,WO2026037330A1,LEADS BIOLABS INC.,False,True
BCMA,CAR-T,UNRESOLVED,0.142,FAILED / CONTESTED (late),13,1.0,115,,UNRESOLVED_no_grounded_patents,0.602,0.0,0.0,16,25,ADC|BISPECIFIC|MAB,WO2025077315A1,"CARBIOGENE THERAPEUTICS CO., LTD.",False,True
CD3|MUC1|PD-1,BISPECIFIC,UNRESOLVED,0.142,FAILED / CONTESTED (late),6,1.0,6,,UNRESOLVED_no_grounded_patents,0.0,0.0,0.0,0,0,,,,False,True
DLL3-PBD,ADC,UNRESOLVED,0.142,FAILED / CONTESTED (late),6,1.0,6,,UNRESOLVED_no_grounded_patents,0.0,0.0,0.0,0,0,,,,False,True
EGFR|HER2,UNCLASSIFIED,UNRESOLVED,0.142,FAILED / CONTESTED (late),6,1.0,20,,UNRESOLVED_no_grounded_patents,0.0,0.0,0.0,0,0,,,,False,True
CD20|BCL-2,MAB,UNRESOLVED,0.134,FAILED / CONTESTED (late),6,1.0,35,,UNRESOLVED_no_grounded_patents,0.0,0.0,0.0,0,0,,,,False,True
PD-1|EGFR,MAB,UNRESOLVED,0.134,FAILED / CONTESTED (late),6,1.0,67,,UNRESOLVED_no_grounded_patents,0.0,0.0,0.0,1,1,BISPECIFIC,WO2019179390A1,"WUXI BIOLOGICS (SHANGHAI) CO., LTD.",False,True
CD19,UNCLASSIFIED,UNRESOLVED,0.13,FAILED / CONTESTED (late),11,1.0,81,,UNRESOLVED_no_grounded_patents,0.628,0.0,0.0,18,27,ADC|MAB,WO2025251008A1,"CABALETTA BIO, INC.",False,True
HER2|VEGF,MAB,UNRESOLVED,0.116,FAILED / CONTESTED (late),5,1.0,27,,UNRESOLVED_no_grounded_patents,0.0,0.0,0.0,1,1,BISPECIFIC,WO2022104186A1,TAVOTEK BIOTHERAPEUTICS (HONG KONG) LIMITED,False,True
PD-L1|TIGIT,MAB,UNRESOLVED,0.112,FAILED / CONTESTED (late),6,1.0,25,,UNRESOLVED_no_grounded_patents,0.0,0.0,0.0,0,0,,,,False,True
PD-L1|PD-1,MAB,UNRESOLVED,0.109,FAILED / CONTESTED (late),11,1.0,41,,UNRESOLVED_no_grounded_patents,0.301,0.0,0.0,4,5,BISPECIFIC,WO2022217019A1,"CELLDEX THERAPEUTICS, INC.",False,True
CD30,ADC,UNRESOLVED,0.106,FAILED / CONTESTED (late),22,1.0,86,,UNRESOLVED_no_grounded_patents,0.239,0.0,0.0,3,9,MAB,WO2025169056A1,SEAGEN INC.,False,True
ER,UNCLASSIFIED,UNRESOLVED,0.091,FAILED / CONTESTED (late),9,1.0,59,,UNRESOLVED_no_grounded_patents,0.0,0.0,0.0,0,0,,,,False,True
KRAS,UNCLASSIFIED,UNRESOLVED,0.091,FAILED / CONTESTED (late),9,1.0,40,,UNRESOLVED_no_grounded_patents,0.423,0.0,0.0,7,9,ADC|MAB,WO2024259398A2,DUKE UNIVERSITY,False,True
VEGF|VEGFR2,MAB,UNRESOLVED,0.088,FAILED / CONTESTED (late),3,1.0,5,,UNRESOLVED_no_grounded_patents,0.0,0.0,0.0,0,0,,,,False,True
PD-1|PD-L1,UNCLASSIFIED,UNRESOLVED,0.086,FAILED / CONTESTED (late),8,1.0,84,,UNRESOLVED_no_grounded_patents,0.301,0.0,0.0,4,6,BISPECIFIC,WO2025185733A1,BIOTHEUS INC.,False,True
TCR,UNCLASSIFIED,UNRESOLVED,0.076,FAILED / CONTESTED (late),11,1.0,30,,UNRESOLVED_no_grounded_patents,0.521,0.0,0.0,11,23,BISPECIFIC|MAB,WO2025045018A1,"NANJING LEGEND BIOTECH CO., LTD.",False,True
PD-1|HER2,MAB,UNRESOLVED,0.071,FAILED / CONTESTED (late),14,1.0,102,,UNRESOLVED_no_grounded_patents,0.0,0.0,0.0,1,1,BISPECIFIC,WO2019155408A1,"BEIJING HANMI PHARMACEUTICAL CO., LTD.",False,True
PD-1|TCR,MAB,UNRESOLVED,0.052,FAILED / CONTESTED (late),11,1.0,33,,UNRESOLVED_no_grounded_patents,0.301,0.0,0.0,4,7,BISPECIFIC,WO2024215978A1,INCYTE CORPORATION,False,True
PD-1|TIGIT,MAB,UNRESOLVED,0.046,FAILED / CONTESTED (late),14,1.0,42,,UNRESOLVED_no_grounded_patents,0.0,0.0,0.0,1,1,BISPECIFIC,WO2022229919A2,"MEDIMMUNE, LLC",False,True
EGFR|KRAS,MAB,UNRESOLVED,0.045,FAILED / CONTESTED (late),15,1.0,88,,UNRESOLVED_no_grounded_patents,0.0,0.0,0.0,0,0,,,,False,True
ER|HER2,UNCLASSIFIED,UNRESOLVED,0.036,FAILED / CONTESTED (late),11,1.0,55,,UNRESOLVED_no_grounded_patents,0.0,0.0,0.0,0,0,,,,False,True
EGFR|MET,MAB,UNRESOLVED,0.026,FAILED / CONTESTED (late),7,1.0,13,,UNRESOLVED_no_grounded_patents,0.681,0.0,0.0,23,30,BISPECIFIC,WO2026086844A1,"CHIA TAI TIANQING PHARMACEUTICAL GROUP CO., LTD.",False,True
CD19,CAR-T,UNRESOLVED,0.011,FAILED / CONTESTED (late),33,1.0,393,,UNRESOLVED_no_grounded_patents,0.628,0.0,0.0,18,27,ADC|MAB,WO2025251008A1,"CABALETTA BIO, INC.",False,True
CTLA-4|PD-L1,MAB,UNRESOLVED,0.005,FAILED / CONTESTED (late),18,1.0,86,,UNRESOLVED_no_grounded_patents,0.0,0.0,0.0,0,0,,,,False,True
MET,UNCLASSIFIED,UNRESOLVED,0.004,FAILED / CONTESTED (late),16,1.0,104,,UNRESOLVED_no_grounded_patents,0.661,0.0,0.0,21,33,ADC|BISPECIFIC|MAB,WO2025146620A1,CHONG KUN DANG PHARMACEUTICAL CORP.,False,True
PD-1,UNCLASSIFIED,UNRESOLVED,0.004,FAILED / CONTESTED (late),24,1.0,189,,UNRESOLVED_no_grounded_patents,0.929,0.0,0.0,72,214,ADC|BISPECIFIC|MAB,WO2026059969A1,TRUSTEES OF TUFTS COLLEGE,False,True
VEGF,UNCLASSIFIED,UNRESOLVED,0.004,FAILED / CONTESTED (late),16,1.0,70,,UNRESOLVED_no_grounded_patents,0.477,0.0,0.0,9,24,BISPECIFIC|MAB,WO2025195479A1,"SUZHOU NEOLOGICS BIOSCIENCE CO., LTD.",False,True
CD20,UNCLASSIFIED,UNRESOLVED,0.002,FAILED / CONTESTED (late),22,1.0,49,,UNRESOLVED_no_grounded_patents,0.477,0.0,0.0,9,39,MAB,WO2025253079A1,CENTRE NATIONAL DE LA RECHERCHE SCIENTIFIQUE,False,True
4-1BBL,MAB,UNRESOLVED,,ABSTAIN - no decisive readout,0,0.0,0,0.042,weighted_fto_deterministic,0.0,0.167,0.0,1,2,MAB,WO2020244574A1,ADAGENE PTE. LTD.,True,False
5T4,ADC,UNRESOLVED,,ABSTAIN - no decisive readout,0,0.0,0,0.423,weighted_fto_deterministic,0.423,0.0,0.0,7,9,ADC|BISPECIFIC|MAB,WO2024208145A1,SOUND BIOPHARMACEUTICALS CO. LTD.,True,False
5T4,BISPECIFIC,UNRESOLVED,,ABSTAIN - no decisive readout,0,0.0,0,0.423,weighted_fto_deterministic,0.423,0.0,0.0,7,9,ADC|BISPECIFIC|MAB,WO2024208145A1,SOUND BIOPHARMACEUTICALS CO. LTD.,True,False
5T4,MAB,UNRESOLVED,,ABSTAIN - no decisive readout,0,0.0,0,0.423,weighted_fto_deterministic,0.423,0.469,0.0,7,9,ADC|BISPECIFIC|MAB,WO2024208145A1,SOUND BIOPHARMACEUTICALS CO. LTD.,True,False
5T4-DUOCARMYCIN,ADC,UNRESOLVED,,ABSTAIN - no decisive readout,0,0.0,1,,UNRESOLVED_no_grounded_patents,0.0,0.0,0.0,0,0,,,,False,False
5T4-EXATECAN,ADC,UNRESOLVED,,ABSTAIN - no decisive readout,0,0.0,1,,UNRESOLVED_no_grounded_patents,0.0,0.0,0.0,0,0,,,,False,False
5T4-MMAE,ADC,UNRESOLVED,,ABSTAIN - no decisive readout,0,0.0,1,,UNRESOLVED_no_grounded_patents,0.0,0.0,0.0,1,1,BISPECIFIC,WO2024197151A2,"SALUBRIS BIOTHERAPEUTICS, INC.",False,False
5T4-MMAE,BISPECIFIC,UNRESOLVED,,ABSTAIN - no decisive readout,0,0.0,0,0.0,weighted_fto_deterministic,0.0,0.0,0.0,1,1,BISPECIFIC,WO2024197151A2,"SALUBRIS BIOTHERAPEUTICS, INC.",True,False
5T4-MMAF,ADC,UNRESOLVED,,ABSTAIN - no decisive readout,0,0.0,1,,UNRESOLVED_no_grounded_patents,0.0,0.0,0.0,1,1,BISPECIFIC,WO2024197151A2,"SALUBRIS BIOTHERAPEUTICS, INC.",False,False
5T4-MMAF,BISPECIFIC,UNRESOLVED,,ABSTAIN - no decisive readout,0,0.0,0,0.0,weighted_fto_deterministic,0.0,0.0,0.0,1,1,BISPECIFIC,WO2024197151A2,"SALUBRIS BIOTHERAPEUTICS, INC.",True,False
5T4|CD137,BISPECIFIC,UNRESOLVED,,ABSTAIN - no decisive readout,0,0.0,2,,UNRESOLVED_no_grounded_patents,0.0,0.0,0.0,0,0,,,,False,False
5T4|CD19,CAR-T,UNRESOLVED,,ABSTAIN - no decisive readout,0,0.0,2,,UNRESOLVED_no_grounded_patents,0.0,0.0,0.0,0,0,,,,False,False
A2AR|A2BR,OUT_OF_SCOPE,UNRESOLVED,,ABSTAIN - no decisive readout,0,0.0,1,,UNRESOLVED_no_grounded_patents,0.0,0.0,0.0,0,0,,,,False,False
ABCG2,MAB,UNRESOLVED,,ABSTAIN - no decisive readout,0,0.0,0,0.0,weighted_fto_deterministic,0.0,0.0,0.0,0,1,MAB,WO2018050066A1,PEKING UNIVERSITY,True,False
ACTH,MAB,UNRESOLVED,,ABSTAIN - no decisive readout,0,0.0,0,0.0,weighted_fto_deterministic,0.0,0.0,0.0,1,1,MAB,WO2015127288A1,"ALDER BIOPHARMACEUTICALS, INC.",True,False
ACTIVIN,MAB,UNRESOLVED,,ABSTAIN - no decisive readout,0,0.0,0,0.151,weighted_fto_deterministic,0.151,0.167,0.0,2,2,MAB,WO2022140670A2,PHENOMIC AI,True,False
ACTIVIN A,MAB,UNRESOLVED,,ABSTAIN - no decisive readout,0,0.0,0,0.0,weighted_fto_deterministic,0.0,0.0,0.0,1,1,MAB,WO2014121221A1,"SANTA MARIA BIOTHERAPEUTICS, INC.",True,False
ACTN4,MAB,UNRESOLVED,,ABSTAIN - no decisive readout,0,0.0,0,0.0,weighted_fto_deterministic,0.0,0.0,0.0,1,1,MAB,WO2012092175A1,"ALPER BIOTECH, LLC",True,False
ADAM10,MAB,UNRESOLVED,,ABSTAIN - no decisive readout,0,0.0,0,0.0,weighted_fto_deterministic,0.0,0.0,0.0,1,1,MAB,WO2024092263A2,MEMORIAL SLOAN KETTERING CANCER CENTER,True,False
ADAM12,MAB,UNRESOLVED,,ABSTAIN - no decisive readout,0,0.0,0,0.151,weighted_fto_deterministic,0.151,0.167,0.0,2,2,MAB,WO2015028027A1,UNIVERSITY OF COPENHAGEN,True,False
ADAM17,MAB,UNRESOLVED,,ABSTAIN - no decisive readout,0,0.0,0,0.151,weighted_fto_deterministic,0.151,0.167,0.0,2,2,MAB,WO2015097287A1,PIERRE FABRE MEDICAMENT,True,False
ADAM28,MAB,UNRESOLVED,,ABSTAIN - no decisive readout,0,0.0,0,0.0,weighted_fto_deterministic,0.0,0.0,0.0,1,1,MAB,WO2014073292A1,GENEFRONTIER CORPORATION,True,False
ADAM9,MAB,UNRESOLVED,,ABSTAIN - no decisive readout,0,0.0,0,0.0,weighted_fto_deterministic,0.0,0.0,0.0,1,1,MAB,WO2025064990A1,"AGILENT TECHNOLOGIES, INC.",True,False
ADAM9-EXATECAN,ADC,UNRESOLVED,,ABSTAIN - no decisive readout,0,0.0,1,,UNRESOLVED_no_grounded_patents,0.0,0.0,0.0,0,0,,,,False,False
ADGRE2,MAB,UNRESOLVED,,ABSTAIN - no decisive readout,0,0.0,0,0.151,weighted_fto_deterministic,0.151,0.167,0.0,2,2,MAB,WO2022232035A1,"MILLENNIUM PHARMACEUTICALS, INC.",True,False
ADRENOMEDULLIN,MAB,UNRESOLVED,,ABSTAIN - no decisive readout,0,0.0,0,0.0,weighted_fto_deterministic,0.0,0.0,0.0,0,1,MAB,WO2026046978A1,PAM THERAGNOSTICS GMBH,True,False
ADVANCED GLYCATION END-PRODUCTS (AGE),MAB,UNRESOLVED,,ABSTAIN - no decisive readout,0,0.0,0,0.0,weighted_fto_deterministic,0.0,0.0,0.0,0,1,MAB,WO2017065837A1,SIWA CORPORATION,True,False
AGR2,MAB,UNRESOLVED,,ABSTAIN - no decisive readout,0,0.0,0,0.151,weighted_fto_deterministic,0.151,0.265,0.0,2,3,MAB,WO2025109043A2,INSTITUT NATIONAL DE LA SANTÉ ET DE LA RECHERCHE MÉDICALE,True,False
AIMP2-DX2,MAB,UNRESOLVED,,ABSTAIN - no decisive readout,0,0.0,0,0.0,weighted_fto_deterministic,0.0,0.0,0.0,1,1,MAB,WO2017155355A1,MEDICINAL BIOCONVERGENCE RESEARCH CENTER,True,False
ALK,ADC,UNRESOLVED,,ABSTAIN - no decisive readout,0,0.0,0,0.0,weighted_fto_deterministic,0.0,0.0,0.0,1,5,ADC|BISPECIFIC|MAB|PROTAC,WO2025165210A1,J2H BIOTECH INC.,True,False
ALK,BISPECIFIC,UNRESOLVED,,ABSTAIN - no decisive readout,0,0.0,0,0.0,weighted_fto_deterministic,0.0,0.0,0.0,1,5,ADC|BISPECIFIC|MAB|PROTAC,WO2025165210A1,J2H BIOTECH INC.,True,False
ALK,PROTAC,UNRESOLVED,,ABSTAIN - no decisive readout,0,0.0,0,0.0,weighted_fto_deterministic,0.0,0.0,0.0,1,5,ADC|BISPECIFIC|MAB|PROTAC,WO2025165210A1,J2H BIOTECH INC.,True,False
ALK|AXL|EGFR|PD-1-MMAE,ADC,UNRESOLVED,,ABSTAIN - no decisive readout,0,0.0,1,,UNRESOLVED_no_grounded_patents,0.0,0.0,0.0,0,0,,,,False,False
ALK|CD20|CD3,BISPECIFIC,UNRESOLVED,,ABSTAIN - no decisive readout,0,0.0,1,,UNRESOLVED_no_grounded_patents,0.0,0.0,0.0,0,0,,,,False,False
ALK|CD25,MAB,UNRESOLVED,,ABSTAIN - no decisive readout,0,0.0,1,,UNRESOLVED_no_grounded_patents,0.0,0.0,0.0,0,0,,,,False,False
ALK|CD30,CAR-T,UNRESOLVED,,ABSTAIN - no decisive readout,0,0.0,1,,UNRESOLVED_no_grounded_patents,0.0,0.0,0.0,0,0,,,,False,False
ALK|CD30,UNCLASSIFIED,UNRESOLVED,,ABSTAIN - no decisive readout,0,0.0,1,,UNRESOLVED_no_grounded_patents,0.0,0.0,0.0,0,0,,,,False,False
ALK|CD30-MMAE,ADC,UNRESOLVED,,ABSTAIN - no decisive readout,0,0.0,1,,UNRESOLVED_no_grounded_patents,0.0,0.0,0.0,0,0,,,,False,False
ALK|CLDN18.2|EGFR,BISPECIFIC,UNRESOLVED,,ABSTAIN - no decisive readout,0,0.0,1,,UNRESOLVED_no_grounded_patents,0.0,0.0,0.0,0,0,,,,False,False
ALK|CTLA-4|EGFR|PD-1,MAB,UNRESOLVED,,ABSTAIN - no decisive readout,0,0.0,1,,UNRESOLVED_no_grounded_patents,0.0,0.0,0.0,0,0,,,,False,False
ALK|CTLA-4|EGFR|PD-1,UNCLASSIFIED,UNRESOLVED,,ABSTAIN - no decisive readout,0,0.0,1,,UNRESOLVED_no_grounded_patents,0.0,0.0,0.0,0,0,,,,False,False
ALK|CTLA-4|EGFR|PD-L1,MAB,UNRESOLVED,,ABSTAIN - no decisive readout,0,0.0,1,,UNRESOLVED_no_grounded_patents,0.0,0.0,0.0,0,0,,,,False,False
ALK|EGFR,ADC,UNRESOLVED,,ABSTAIN - no decisive readout,0,0.0,1,,UNRESOLVED_no_grounded_patents,0.0,0.0,0.0,0,0,,,,False,False
ALK|EGFR,MAB,UNRESOLVED,,ABSTAIN - no decisive readout,0,0.0,3,,UNRESOLVED_no_grounded_patents,0.0,0.0,0.0,0,0,,,,False,False
ALK|EGFR|HER2|KRAS,UNCLASSIFIED,UNRESOLVED,,ABSTAIN - no decisive readout,0,0.0,1,,UNRESOLVED_no_grounded_patents,0.0,0.0,0.0,0,0,,,,False,False
ALK|EGFR|HER2|KRAS|PD-1|PD-L1,BISPECIFIC,UNRESOLVED,,ABSTAIN - no decisive readout,0,0.0,1,,UNRESOLVED_no_grounded_patents,0.0,0.0,0.0,0,0,,,,False,False
ALK|EGFR|MET,UNCLASSIFIED,UNRESOLVED,,ABSTAIN - no decisive readout,0,0.0,1,,UNRESOLVED_no_grounded_patents,0.0,0.0,0.0,0,0,,,,False,False
ALK|EGFR|MET|PD-1,MAB,UNRESOLVED,,ABSTAIN - no decisive readout,0,0.0,1,,UNRESOLVED_no_grounded_patents,0.0,0.0,0.0,0,0,,,,False,False
ALK|EGFR|PD-1,BISPECIFIC,UNRESOLVED,,ABSTAIN - no decisive readout,0,0.0,1,,UNRESOLVED_no_grounded_patents,0.0,0.0,0.0,0,0,,,,False,False
ALK|EGFR|PD-1|PD-L1,UNCLASSIFIED,UNRESOLVED,,ABSTAIN - no decisive readout,0,0.0,5,,UNRESOLVED_no_grounded_patents,0.0,0.0,0.0,0,0,,,,False,False
ALK|EGFR|PD-1|PD-L1|TCR,BISPECIFIC,UNRESOLVED,,ABSTAIN - no decisive readout,0,0.0,1,,UNRESOLVED_no_grounded_patents,0.0,0.0,0.0,0,0,,,,False,False
ALK|EGFR|PD-1|PD-L1|VEGF,MAB,UNRESOLVED,,ABSTAIN - no decisive readout,0,0.0,1,,UNRESOLVED_no_grounded_patents,0.0,0.0,0.0,0,0,,,,False,False
ALK|EGFR|PD-1|PD-L1|VEGF,UNCLASSIFIED,UNRESOLVED,,ABSTAIN - no decisive readout,0,0.0,1,,UNRESOLVED_no_grounded_patents,0.0,0.0,0.0,0,0,,,,False,False
ALK|EGFR|PD-L1,MAB,UNRESOLVED,,ABSTAIN - no decisive readout,0,0.0,1,,UNRESOLVED_no_grounded_patents,0.0,0.0,0.0,0,0,,,,False,False
ALK|EGFR|PD-L1,UNCLASSIFIED,UNRESOLVED,,ABSTAIN - no decisive readout,0,0.0,1,,UNRESOLVED_no_grounded_patents,0.0,0.0,0.0,0,0,,,,False,False
ALK|EGFR|TROP-2-KL610023,ADC,UNRESOLVED,,ABSTAIN - no decisive readout,0,0.0,1,,UNRESOLVED_no_grounded_patents,0.0,0.0,0.0,0,0,,,,False,False
ALK|GD2,MAB,UNRESOLVED,,ABSTAIN - no decisive readout,0,0.0,1,,UNRESOLVED_no_grounded_patents,0.0,0.0,0.0,0,0,,,,False,False
ALK|PD-1,MAB,UNRESOLVED,,ABSTAIN - no decisive readout,0,0.0,1,,UNRESOLVED_no_grounded_patents,0.0,0.0,0.0,0,0,,,,False,False
ALK|VEGF,BISPECIFIC,UNRESOLVED,,ABSTAIN - no decisive readout,0,0.0,0,0.0,weighted_fto_deterministic,0.0,0.0,0.0,0,1,BISPECIFIC,WO2023030433A1,"KINTOR PHARMACEUTICAL (GUANGDONG) CO., LTD.",True,False
ALPP|ALPPL2,MAB,UNRESOLVED,,ABSTAIN - no decisive readout,0,0.0,0,0.0,weighted_fto_deterministic,0.0,0.0,0.0,0,1,MAB,WO2022197890A1,SEAGEN INC.,True,False
ALPP|CD3,BISPECIFIC,UNRESOLVED,,ABSTAIN - no decisive readout,0,0.0,0,0.0,weighted_fto_deterministic,0.0,0.0,0.0,1,1,BISPECIFIC,WO2021154534A1,"PROMAB BIOTECHNOLOGIES, INC.",True,False
AMH,MAB,UNRESOLVED,,ABSTAIN - no decisive readout,0,0.0,0,0.0,weighted_fto_deterministic,0.0,0.0,0.0,1,1,MAB,WO2021058763A1,INSERM (INSTITUT NATIONAL DE LA SANTÉ ET DE LA RECHERCHE MÉDICALE),True,False
AMPHIREGULIN,MAB,UNRESOLVED,,ABSTAIN - no decisive readout,0,0.0,0,0.0,weighted_fto_deterministic,0.0,0.0,0.0,1,1,MAB,WO2016147194A1,YEDA RESEARCH AND DEVELOPMENT CO. LTD.,True,False
ANG2|VEGF,BISPECIFIC,UNRESOLVED,,ABSTAIN - no decisive readout,0,0.0,0,0.389,weighted_fto_deterministic,0.389,0.432,0.0,6,6,BISPECIFIC,WO2026016974A1,"QUAERITE BIOPHARM RESEARCH (BEIJING) CO., LTD.",True,False
ANGIOSTATIN,MAB,UNRESOLVED,,ABSTAIN - no decisive readout,0,0.0,0,0.0,weighted_fto_deterministic,0.0,0.0,0.0,0,1,MAB,WO2012062072A1,"SUZHOU INDUSTRIAL PARK HUMAN ANTIBODOMICS DEVELOPMENT CO., LTD.",True,False
ANGPTL4,MAB,UNRESOLVED,,ABSTAIN - no decisive readout,0,0.0,0,0.042,weighted_fto_deterministic,0.0,0.167,0.0,1,2,MAB,WO2021221565A1,NANYANG TECHNOLOGICAL UNIVERSITY,True,False
ANPEP,MAB,UNRESOLVED,,ABSTAIN - no decisive readout,0,0.0,0,0.0,weighted_fto_deterministic,0.0,0.0,0.0,1,1,MAB,WO2026068794A1,ROCHE DIAGNOSTICS INTERNATIONAL AG,True,False
ANXA2,OUT_OF_SCOPE,UNRESOLVED,,ABSTAIN - no decisive readout,0,0.0,1,,UNRESOLVED_no_grounded_patents,0.0,0.0,0.0,0,0,,,,False,False
APELIN,MAB,UNRESOLVED,,ABSTAIN - no decisive readout,0,0.0,0,0.0,weighted_fto_deterministic,0.0,0.0,0.0,1,1,MAB,WO2019040390A1,"PHANES THERAPEUTICS, INC.",True,False
API5,MAB,UNRESOLVED,,ABSTAIN - no decisive readout,0,0.0,0,0.042,weighted_fto_deterministic,0.0,0.167,0.0,0,2,MAB,WO2023191470A1,"NEX-I, INC.",True,False
APLP2|HER2-DM1,BISPECIFIC,UNRESOLVED,,ABSTAIN - no decisive readout,0,0.0,0,0.0,weighted_fto_deterministic,0.0,0.0,0.0,1,1,BISPECIFIC,WO2019212965A1,"REGENERON PHARMACEUTICALS, INC.",True,False
APLP2|HER2-DM4,BISPECIFIC,UNRESOLVED,,ABSTAIN - no decisive readout,0,0.0,0,0.0,weighted_fto_deterministic,0.0,0.0,0.0,1,1,BISPECIFIC,WO2019212965A1,"REGENERON PHARMACEUTICALS, INC.",True,False
APRIL,MAB,UNRESOLVED,,ABSTAIN - no decisive readout,0,0.0,0,0.0,weighted_fto_deterministic,0.0,0.0,0.0,1,1,MAB,WO2010100056A2,STICHTING TOP INSTITUTE PHARMA,True,False
AQP3,MAB,UNRESOLVED,,ABSTAIN - no decisive readout,0,0.0,0,0.0,weighted_fto_deterministic,0.0,0.0,0.0,0,1,MAB,WO2024014523A1,KEIO UNIVERSITY,True,False
AR,MAB,UNRESOLVED,,ABSTAIN - no decisive readout,0,0.0,4,0.066,weighted_fto_deterministic,0.0,0.265,0.0,1,4,MAB|PROTAC,WO2024010818A2,UNIVERSITY OF TENNESSEE RESEARCH FOUNDATION,True,False
AR,PROTAC,UNRESOLVED,,ABSTAIN - no decisive readout,0,0.0,1,0.0,weighted_fto_deterministic,0.0,0.0,0.0,1,4,MAB|PROTAC,WO2024010818A2,UNIVERSITY OF TENNESSEE RESEARCH FOUNDATION,True,False
ARTEMIN,MAB,UNRESOLVED,,ABSTAIN - no decisive readout,0,0.0,0,0.0,weighted_fto_deterministic,0.0,0.0,0.0,1,1,MAB,WO2025087317A1,SUZHOU INSTITUTE OF SYSTEMS MEDICINE,True,False
AR|EZH2,UNCLASSIFIED,UNRESOLVED,,ABSTAIN - no decisive readout,0,0.0,1,,UNRESOLVED_no_grounded_patents,0.0,0.0,0.0,0,0,,,,False,False
AR|HER3|HER2,MAB,UNRESOLVED,,ABSTAIN - no decisive readout,0,0.0,1,,UNRESOLVED_no_grounded_patents,0.0,0.0,0.0,0,0,,,,False,False
AR|MET,MAB,UNRESOLVED,,ABSTAIN - no decisive readout,0,0.0,1,,UNRESOLVED_no_grounded_patents,0.0,0.0,0.0,0,0,,,,False,False
AR|MET,UNCLASSIFIED,UNRESOLVED,,ABSTAIN - no decisive readout,0,0.0,2,,UNRESOLVED_no_grounded_patents,0.0,0.0,0.0,0,0,,,,False,False
AR|MET-MMAE,ADC,UNRESOLVED,,ABSTAIN - no decisive readout,0,0.0,1,,UNRESOLVED_no_grounded_patents,0.0,0.0,0.0,0,0,,,,False,False
AR|PSMA,ADC,UNRESOLVED,,ABSTAIN - no decisive readout,0,0.0,1,,UNRESOLVED_no_grounded_patents,0.0,0.0,0.0,0,0,,,,False,False
AR|PSMA,MAB,UNRESOLVED,,ABSTAIN - no decisive readout,0,0.0,1,,UNRESOLVED_no_grounded_patents,0.0,0.0,0.0,0,0,,,,False,False
AR|PSMA,UNCLASSIFIED,UNRESOLVED,,ABSTAIN - no decisive readout,0,0.0,4,,UNRESOLVED_no_grounded_patents,0.0,0.0,0.0,0,0,,,,False,False
ASPH,MAB,UNRESOLVED,,ABSTAIN - no decisive readout,0,0.0,0,0.042,weighted_fto_deterministic,0.0,0.167,0.0,1,2,MAB,WO2019041036A1,NEXT PHARMA INC.,True,False
ATRN,MAB,UNRESOLVED,,ABSTAIN - no decisive readout,0,0.0,0,0.0,weighted_fto_deterministic,0.0,0.0,0.0,0,1,MAB,WO2026021622A2,UNIVERSITY OF SCIENCE AND TECHNOLOGY OF CHINA,True,False
AUTOTAXIN,MAB,UNRESOLVED,,ABSTAIN - no decisive readout,0,0.0,0,0.0,weighted_fto_deterministic,0.0,0.0,0.0,1,1,MAB,WO2013138241A1,"JANSSEN BIOTECH, INC.",True,False
AXL,ADC,UNRESOLVED,,ABSTAIN - no decisive readout,0,0.0,0,0.452,weighted_fto_deterministic,0.452,0.0,0.0,8,17,ADC|BISPECIFIC|MAB,WO2024263143A1,T.C. ANKARA UNIVERSITESI REKTORLUGU,True,False
AXL,BISPECIFIC,UNRESOLVED,,ABSTAIN - no decisive readout,0,0.0,0,0.452,weighted_fto_deterministic,0.452,0.0,0.0,8,17,ADC|BISPECIFIC|MAB,WO2024263143A1,T.C. ANKARA UNIVERSITESI REKTORLUGU,True,False
AXL-PBD,ADC,UNRESOLVED,,ABSTAIN - no decisive readout,0,0.0,0,0.088,weighted_fto_deterministic,0.0,0.167,0.232,1,2,ADC,WO2023156321A1,OXSONICS LIMITED,True,False
AXL|B7-H3|CTLA-4|GPC3|HER2|MUC1|MESOTHELIN|PSCA|ROR1,CAR-T,UNRESOLVED,,ABSTAIN - no decisive readout,0,0.0,1,,UNRESOLVED_no_grounded_patents,0.0,0.0,0.0,0,0,,,,False,False
AXL|B7-H3|CTLA-4|GPC3|MUC1|MESOTHELIN|PSCA|PSMA|TIGIT,CAR-T,UNRESOLVED,,ABSTAIN - no decisive readout,0,0.0,1,,UNRESOLVED_no_grounded_patents,0.0,0.0,0.0,0,0,,,,False,False
AXL|CD73,CAR-T,UNRESOLVED,,ABSTAIN - no decisive readout,0,0.0,2,,UNRESOLVED_no_grounded_patents,0.0,0.0,0.0,0,0,,,,False,False
AXL|CLDN6|CTLA-4|GPC3|LAG-3|MESOTHELIN|PD-1|PD-L1,CAR-T,UNRESOLVED,,ABSTAIN - no decisive readout,0,0.0,1,,UNRESOLVED_no_grounded_patents,0.0,0.0,0.0,0,0,,,,False,False
AXL|EGFR,UNCLASSIFIED,UNRESOLVED,,ABSTAIN - no decisive readout,0,0.0,1,,UNRESOLVED_no_grounded_patents,0.0,0.0,0.0,0,0,,,,False,False
AXL|EGFR|HER3,UNCLASSIFIED,UNRESOLVED,,ABSTAIN - no decisive readout,0,0.0,1,,UNRESOLVED_no_grounded_patents,0.0,0.0,0.0,0,0,,,,False,False
AXL|EPCAM,UNCLASSIFIED,UNRESOLVED,,ABSTAIN - no decisive readout,0,0.0,1,,UNRESOLVED_no_grounded_patents,0.0,0.0,0.0,0,0,,,,False,False
AXL|PD-1-MMAE,ADC,UNRESOLVED,,ABSTAIN - no decisive readout,0,0.0,1,,UNRESOLVED_no_grounded_patents,0.0,0.0,0.0,0,0,,,,False,False
AXL|PD-L1-DOXORUBICIN,BISPECIFIC,UNRESOLVED,,ABSTAIN - no decisive readout,0,0.0,0,0.0,weighted_fto_deterministic,0.0,0.0,0.0,1,1,BISPECIFIC,WO2025080151A1,CELON PHARMA S.A.,True,False
AXL|PD-L1-MMAE,BISPECIFIC,UNRESOLVED,,ABSTAIN - no decisive readout,0,0.0,0,0.0,weighted_fto_deterministic,0.0,0.0,0.0,1,1,BISPECIFIC,WO2025080151A1,CELON PHARMA S.A.,True,False
AXL|PD-L1-MMAF,BISPECIFIC,UNRESOLVED,,ABSTAIN - no decisive readout,0,0.0,0,0.0,weighted_fto_deterministic,0.0,0.0,0.0,1,1,BISPECIFIC,WO2025080151A1,CELON PHARMA S.A.,True,False
AXL|PD-L1-PBD,BISPECIFIC,UNRESOLVED,,ABSTAIN - no decisive readout,0,0.0,0,0.0,weighted_fto_deterministic,0.0,0.0,0.0,1,1,BISPECIFIC,WO2025080151A1,CELON PHARMA S.A.,True,False
AXL|PD-L1-SN38,BISPECIFIC,UNRESOLVED,,ABSTAIN - no decisive readout,0,0.0,0,0.0,weighted_fto_deterministic,0.0,0.0,0.0,1,1,BISPECIFIC,WO2025080151A1,CELON PHARMA S.A.,True,False
B7-H3,ADC,UNRESOLVED,,ABSTAIN - no decisive readout,0,0.0,11,,UNRESOLVED_no_grounded_patents,0.477,0.0,0.0,9,20,MAB,WO2026026847A1,ZHENGZHOU UNIVERSITY,False,False
B7-H3,CAR-T,UNRESOLVED,,ABSTAIN - no decisive readout,0,0.0,35,,UNRESOLVED_no_grounded_patents,0.477,0.0,0.0,9,20,MAB,WO2026026847A1,ZHENGZHOU UNIVERSITY,False,False
B7-H3,UNCLASSIFIED,UNRESOLVED,,ABSTAIN - no decisive readout,0,0.0,3,,UNRESOLVED_no_grounded_patents,0.477,0.0,0.0,9,20,MAB,WO2026026847A1,ZHENGZHOU UNIVERSITY,False,False
B7-H3-AMANITIN,ADC,UNRESOLVED,,ABSTAIN - no decisive readout,0,0.0,0,0.151,weighted_fto_deterministic,0.151,0.167,0.0,2,2,ADC,WO2026011391A1,"BLISS BIOPHARMACEUTICAL (HANGZHOU) CO., LTD.",True,False
B7-H3-CALICHEAMICIN,ADC,UNRESOLVED,,ABSTAIN - no decisive readout,0,0.0,0,0.239,weighted_fto_deterministic,0.239,0.167,0.0,3,3,ADC|BISPECIFIC,WO2026011391A1,"BLISS BIOPHARMACEUTICAL (HANGZHOU) CO., LTD.",True,False
B7-H3-CALICHEAMICIN,BISPECIFIC,UNRESOLVED,,ABSTAIN - no decisive readout,0,0.0,0,0.239,weighted_fto_deterministic,0.239,0.0,0.0,3,3,ADC|BISPECIFIC,WO2026011391A1,"BLISS BIOPHARMACEUTICAL (HANGZHOU) CO., LTD.",True,False
B7-H3-DM1,ADC,UNRESOLVED,,ABSTAIN - no decisive readout,0,0.0,0,0.239,weighted_fto_deterministic,0.239,0.167,0.0,3,3,ADC|BISPECIFIC,WO2026011391A1,"BLISS BIOPHARMACEUTICAL (HANGZHOU) CO., LTD.",True,False
B7-H3-DM1,BISPECIFIC,UNRESOLVED,,ABSTAIN - no decisive readout,0,0.0,0,0.239,weighted_fto_deterministic,0.239,0.0,0.0,3,3,ADC|BISPECIFIC,WO2026011391A1,"BLISS BIOPHARMACEUTICAL (HANGZHOU) CO., LTD.",True,False
B7-H3-DM4,ADC,UNRESOLVED,,ABSTAIN - no decisive readout,0,0.0,0,0.239,weighted_fto_deterministic,0.239,0.167,0.0,3,3,ADC|BISPECIFIC,WO2026011391A1,"BLISS BIOPHARMACEUTICAL (HANGZHOU) CO., LTD.",True,False
B7-H3-DM4,BISPECIFIC,UNRESOLVED,,ABSTAIN - no decisive readout,0,0.0,0,0.239,weighted_fto_deterministic,0.239,0.0,0.0,3,3,ADC|BISPECIFIC,WO2026011391A1,"BLISS BIOPHARMACEUTICAL (HANGZHOU) CO., LTD.",True,False
B7-H3-DOXORUBICIN,ADC,UNRESOLVED,,ABSTAIN - no decisive readout,0,0.0,0,0.151,weighted_fto_deterministic,0.151,0.167,0.0,2,2,ADC,WO2026011391A1,"BLISS BIOPHARMACEUTICAL (HANGZHOU) CO., LTD.",True,False
B7-H3-DUOCARMYCIN,BISPECIFIC,UNRESOLVED,,ABSTAIN - no decisive readout,0,0.0,0,0.239,weighted_fto_deterministic,0.239,0.0,0.0,3,3,ADC|BISPECIFIC,WO2026011391A1,"BLISS BIOPHARMACEUTICAL (HANGZHOU) CO., LTD.",True,False
B7-H3-ERIBULIN,ADC,UNRESOLVED,,ABSTAIN - no decisive readout,0,0.0,1,0.151,weighted_fto_deterministic,0.151,0.167,0.0,2,2,ADC,WO2026011391A1,"BLISS BIOPHARMACEUTICAL (HANGZHOU) CO., LTD.",True,False
B7-H3-EXATECAN,ADC,UNRESOLVED,,ABSTAIN - no decisive readout,0,0.0,0,0.151,weighted_fto_deterministic,0.151,0.167,0.0,2,2,ADC,WO2026011391A1,"BLISS BIOPHARMACEUTICAL (HANGZHOU) CO., LTD.",True,False
B7-H3-MMAE,ADC,UNRESOLVED,,ABSTAIN - no decisive readout,0,0.0,0,0.239,weighted_fto_deterministic,0.239,0.167,0.0,3,3,ADC|BISPECIFIC,WO2026011391A1,"BLISS BIOPHARMACEUTICAL (HANGZHOU) CO., LTD.",True,False
B7-H3-MMAE,BISPECIFIC,UNRESOLVED,,ABSTAIN - no decisive readout,0,0.0,0,0.239,weighted_fto_deterministic,0.239,0.0,0.0,3,3,ADC|BISPECIFIC,WO2026011391A1,"BLISS BIOPHARMACEUTICAL (HANGZHOU) CO., LTD.",True,False
B7-H3-MMAF,ADC,UNRESOLVED,,ABSTAIN - no decisive readout,0,0.0,0,0.239,weighted_fto_deterministic,0.239,0.167,0.0,3,3,ADC|BISPECIFIC,WO2026011391A1,"BLISS BIOPHARMACEUTICAL (HANGZHOU) CO., LTD.",True,False
B7-H3-MMAF,BISPECIFIC,UNRESOLVED,,ABSTAIN - no decisive readout,0,0.0,0,0.239,weighted_fto_deterministic,0.239,0.0,0.0,3,3,ADC|BISPECIFIC,WO2026011391A1,"BLISS BIOPHARMACEUTICAL (HANGZHOU) CO., LTD.",True,False
B7-H3-PBD,ADC,UNRESOLVED,,ABSTAIN - no decisive readout,0,0.0,0,0.301,weighted_fto_deterministic,0.301,0.265,0.0,4,4,ADC|BISPECIFIC,WO2026011391A1,"BLISS BIOPHARMACEUTICAL (HANGZHOU) CO., LTD.",True,False
B7-H3-PBD,BISPECIFIC,UNRESOLVED,,ABSTAIN - no decisive readout,0,0.0,0,0.301,weighted_fto_deterministic,0.301,0.0,0.0,4,4,ADC|BISPECIFIC,WO2026011391A1,"BLISS BIOPHARMACEUTICAL (HANGZHOU) CO., LTD.",True,False
B7-H3-SN38,ADC,UNRESOLVED,,ABSTAIN - no decisive readout,0,0.0,0,0.151,weighted_fto_deterministic,0.151,0.167,0.0,2,2,ADC,WO2026011391A1,"BLISS BIOPHARMACEUTICAL (HANGZHOU) CO., LTD.",True,False
B7-H3-TOP1I,ADC,UNRESOLVED,,ABSTAIN - no decisive readout,0,0.0,8,,UNRESOLVED_no_grounded_patents,0.0,0.0,0.0,0,0,,,,False,False
B7-H3-TUBULYSIN,BISPECIFIC,UNRESOLVED,,ABSTAIN - no decisive readout,0,0.0,0,0.0,weighted_fto_deterministic,0.0,0.0,0.0,1,1,BISPECIFIC,WO2017180813A1,"MACROGENICS, INC.",True,False
B7-H3|AR,ADC,UNRESOLVED,,ABSTAIN - no decisive readout,0,0.0,1,,UNRESOLVED_no_grounded_patents,0.0,0.0,0.0,0,0,,,,False,False
B7-H3|CD16,MAB,UNRESOLVED,,ABSTAIN - no decisive readout,0,0.0,1,,UNRESOLVED_no_grounded_patents,0.0,0.0,0.0,0,0,,,,False,False
B7-H3|CD19,CAR-T,UNRESOLVED,,ABSTAIN - no decisive readout,0,0.0,1,,UNRESOLVED_no_grounded_patents,0.0,0.0,0.0,0,0,,,,False,False
B7-H3|CD28,BISPECIFIC,UNRESOLVED,,ABSTAIN - no decisive readout,0,0.0,1,0.042,weighted_fto_deterministic,0.0,0.167,0.0,1,2,BISPECIFIC,WO2026002282A1,"ST PHI THERAPEUTICS CO., LTD.",True,False
B7-H3|CD28-AMANITIN,BISPECIFIC,UNRESOLVED,,ABSTAIN - no decisive readout,0,0.0,0,0.0,weighted_fto_deterministic,0.0,0.0,0.0,1,1,BISPECIFIC,WO2025131053A1,FORTVITA BIOLOGICS INC.,True,False
B7-H3|CD28-AURISTATIN,BISPECIFIC,UNRESOLVED,,ABSTAIN - no decisive readout,0,0.0,0,0.151,weighted_fto_deterministic,0.151,0.167,0.0,2,2,BISPECIFIC,WO2025131063A1,FORTVITA BIOLOGICS INC.,True,False
B7-H3|CD28-CALICHEAMICIN,BISPECIFIC,UNRESOLVED,,ABSTAIN - no decisive readout,0,0.0,0,0.0,weighted_fto_deterministic,0.0,0.0,0.0,1,1,BISPECIFIC,WO2025131053A1,FORTVITA BIOLOGICS INC.,True,False
B7-H3|CD28-DM1,BISPECIFIC,UNRESOLVED,,ABSTAIN - no decisive readout,0,0.0,0,0.0,weighted_fto_deterministic,0.0,0.0,0.0,1,1,BISPECIFIC,WO2025131053A1,FORTVITA BIOLOGICS INC.,True,False
B7-H3|CD28-DUOCARMYCIN,BISPECIFIC,UNRESOLVED,,ABSTAIN - no decisive readout,0,0.0,0,0.0,weighted_fto_deterministic,0.0,0.0,0.0,1,1,BISPECIFIC,WO2025131053A1,FORTVITA BIOLOGICS INC.,True,False
B7-H3|CD28-DXD,BISPECIFIC,UNRESOLVED,,ABSTAIN - no decisive readout,0,0.0,0,0.0,weighted_fto_deterministic,0.0,0.0,0.0,1,1,BISPECIFIC,WO2025131053A1,FORTVITA BIOLOGICS INC.,True,False
B7-H3|CD28-EXATECAN,BISPECIFIC,UNRESOLVED,,ABSTAIN - no decisive readout,0,0.0,0,0.0,weighted_fto_deterministic,0.0,0.0,0.0,1,1,BISPECIFIC,WO2025131053A1,FORTVITA BIOLOGICS INC.,True,False
B7-H3|CD28-MAYTANSINOID,BISPECIFIC,UNRESOLVED,,ABSTAIN - no decisive readout,0,0.0,0,0.151,weighted_fto_deterministic,0.151,0.167,0.0,2,2,BISPECIFIC,WO2025131063A1,FORTVITA BIOLOGICS INC.,True,False
B7-H3|CD28-MMAE,BISPECIFIC,UNRESOLVED,,ABSTAIN - no decisive readout,0,0.0,0,0.0,weighted_fto_deterministic,0.0,0.0,0.0,1,1,BISPECIFIC,WO2025131053A1,FORTVITA BIOLOGICS INC.,True,False
B7-H3|CD28-TOP1I,BISPECIFIC,UNRESOLVED,,ABSTAIN - no decisive readout,0,0.0,0,0.151,weighted_fto_deterministic,0.151,0.167,0.0,2,2,BISPECIFIC,WO2025131063A1,FORTVITA BIOLOGICS INC.,True,False
B7-H3|CD28-TUBULYSIN,BISPECIFIC,UNRESOLVED,,ABSTAIN - no decisive readout,0,0.0,0,0.151,weighted_fto_deterministic,0.151,0.167,0.0,2,2,BISPECIFIC,WO2025131054A1,"INNOVENT BIOLOGICS (SUZHOU) CO., LTD.",True,False
B7-H3|CTLA-4,MAB,UNRESOLVED,,ABSTAIN - no decisive readout,0,0.0,1,,UNRESOLVED_no_grounded_patents,0.0,0.0,0.0,0,0,,,,False,False
B7-H3|CTLA-4|PD-1,ADC,UNRESOLVED,,ABSTAIN - no decisive readout,0,0.0,1,,UNRESOLVED_no_grounded_patents,0.0,0.0,0.0,0,0,,,,False,False
B7-H3|EGFR,CAR-T,UNRESOLVED,,ABSTAIN - no decisive readout,0,0.0,2,,UNRESOLVED_no_grounded_patents,0.0,0.0,0.0,0,0,,,,False,False
B7-H3|GD2,BISPECIFIC,UNRESOLVED,,ABSTAIN - no decisive readout,0,0.0,0,0.0,weighted_fto_deterministic,0.0,0.0,0.0,1,1,BISPECIFIC,WO2023245022A2,INVENRA INC.,True,False
B7-H3|GD2,CAR-T,UNRESOLVED,,ABSTAIN - no decisive readout,0,0.0,1,,UNRESOLVED_no_grounded_patents,0.0,0.0,0.0,1,1,BISPECIFIC,WO2023245022A2,INVENRA INC.,False,False
B7-H3|GD2|HER2,CAR-T,UNRESOLVED,,ABSTAIN - no decisive readout,0,0.0,1,,UNRESOLVED_no_grounded_patents,0.0,0.0,0.0,0,0,,,,False,False
B7-H3|GD2|PSMA,CAR-T,UNRESOLVED,,ABSTAIN - no decisive readout,0,0.0,1,,UNRESOLVED_no_grounded_patents,0.0,0.0,0.0,0,0,,,,False,False
B7-H3|GPC3,CAR-T,UNRESOLVED,,ABSTAIN - no decisive readout,0,0.0,1,,UNRESOLVED_no_grounded_patents,0.0,0.0,0.0,0,0,,,,False,False
B7-H3|HER2,CAR-T,UNRESOLVED,,ABSTAIN - no decisive readout,0,0.0,1,,UNRESOLVED_no_grounded_patents,0.0,0.0,0.0,0,0,,,,False,False
B7-H3|NKG2D,BISPECIFIC,UNRESOLVED,,ABSTAIN - no decisive readout,0,0.0,0,0.0,weighted_fto_deterministic,0.0,0.0,0.0,1,1,BISPECIFIC,WO2023086772A1,"XENCOR, INC.",True,False
B7-H3|PD-1-DUOCARMYCIN,BISPECIFIC,UNRESOLVED,,ABSTAIN - no decisive readout,0,0.0,0,0.171,weighted_fto_deterministic,0.151,0.167,0.232,2,2,BISPECIFIC,WO2023154784A1,"MACROGENICS, INC.",True,False
B7-H3|PD-1|PD-L1|TIGIT|VEGF,ADC,UNRESOLVED,,ABSTAIN - no decisive readout,0,0.0,1,,UNRESOLVED_no_grounded_patents,0.0,0.0,0.0,0,0,,,,False,False
B7-H3|PD-1|TIGIT|HER3,ADC,UNRESOLVED,,ABSTAIN - no decisive readout,0,0.0,1,,UNRESOLVED_no_grounded_patents,0.0,0.0,0.0,0,0,,,,False,False
B7-H3|PD-L1,ADC,UNRESOLVED,,ABSTAIN - no decisive readout,0,0.0,1,,UNRESOLVED_no_grounded_patents,0.0,0.0,0.0,0,0,,,,False,False
B7-H3|PD-L1,UNCLASSIFIED,UNRESOLVED,,ABSTAIN - no decisive readout,0,0.0,1,,UNRESOLVED_no_grounded_patents,0.0,0.0,0.0,0,0,,,,False,False
B7-H3|PD-L1-TOP1I,ADC,UNRESOLVED,,ABSTAIN - no decisive readout,0,0.0,1,,UNRESOLVED_no_grounded_patents,0.0,0.0,0.0,0,0,,,,False,False
B7-H3|PD-L1|DLL3,ADC,UNRESOLVED,,ABSTAIN - no decisive readout,0,0.0,1,,UNRESOLVED_no_grounded_patents,0.0,0.0,0.0,0,0,,,,False,False
B7-H3|PD-L1|VEGF-DXD,ADC,UNRESOLVED,,ABSTAIN - no decisive readout,0,0.0,1,,UNRESOLVED_no_grounded_patents,0.0,0.0,0.0,0,0,,,,False,False
B7-H3|PSMA,MAB,UNRESOLVED,,ABSTAIN - no decisive readout,0,0.0,1,,UNRESOLVED_no_grounded_patents,0.0,0.0,0.0,0,0,,,,False,False
B7-H3|PTK7,UNCLASSIFIED,UNRESOLVED,,ABSTAIN - no decisive readout,0,0.0,1,,UNRESOLVED_no_grounded_patents,0.0,0.0,0.0,0,0,,,,False,False
B7-H3|ROR1,ADC,UNRESOLVED,,ABSTAIN - no decisive readout,0,0.0,1,,UNRESOLVED_no_grounded_patents,0.0,0.0,0.0,0,0,,,,False,False
B7-H3|TCR,BISPECIFIC,UNRESOLVED,,ABSTAIN - no decisive readout,0,0.0,0,0.0,weighted_fto_deterministic,0.0,0.0,0.0,1,1,BISPECIFIC,WO2022237820A1,"ANTENGENE (HANGZHOU) BIOLOGICS CO., LTD.",True,False
B7-H3|WT1,CAR-T,UNRESOLVED,,ABSTAIN - no decisive readout,0,0.0,1,,UNRESOLVED_no_grounded_patents,0.0,0.0,0.0,0,0,,,,False,False
B7-H4,MAB,UNRESOLVED,,ABSTAIN - no decisive readout,0,0.0,0,0.359,weighted_fto_deterministic,0.349,0.669,0.0,5,16,MAB,WO2025128735A2,"NEXTCURE, INC.",True,False
B7-H4-TOP1I,ADC,UNRESOLVED,,ABSTAIN - no decisive readout,0,0.0,1,,UNRESOLVED_no_grounded_patents,0.0,0.0,0.0,0,0,,,,False,False
B7-H6,MAB,UNRESOLVED,,ABSTAIN - no decisive readout,0,0.0,0,0.042,weighted_fto_deterministic,0.0,0.167,0.0,1,2,MAB,WO2023104062A1,"HEFEI TG IMMUNOPHARMA CO., LTD.",True,False
B7-H7,MAB,UNRESOLVED,,ABSTAIN - no decisive readout,0,0.0,0,0.042,weighted_fto_deterministic,0.0,0.167,0.0,1,2,MAB,WO2025241703A1,"HEFEI TG IMMUNOPHARMA CO., LTD.",True,False
BAFF,MAB,UNRESOLVED,,ABSTAIN - no decisive readout,0,0.0,0,0.042,weighted_fto_deterministic,0.0,0.167,0.0,0,2,MAB,WO2021168169A1,YINNUOLAI BIOTECH LTD.,True,False
BAFF-R,MAB,UNRESOLVED,,ABSTAIN - no decisive readout,0,0.0,0,0.151,weighted_fto_deterministic,0.151,0.265,0.0,2,3,MAB,WO2023056243A1,"DRAGONFLY THERAPEUTICS, INC.",True,False
BAG2,MAB,UNRESOLVED,,ABSTAIN - no decisive readout,0,0.0,0,0.042,weighted_fto_deterministic,0.0,0.167,0.0,0,2,MAB,WO2020165794A1,"MEDPACTO, INC.",True,False
BAX,MAB,UNRESOLVED,,ABSTAIN - no decisive readout,0,0.0,0,0.0,weighted_fto_deterministic,0.0,0.0,0.0,0,1,MAB,WO2017044308A1,"ALBERT EINSTEIN COLLEGE OF MEDICINE, INC.",True,False
BCAM,MAB,UNRESOLVED,,ABSTAIN - no decisive readout,0,0.0,0,0.0,weighted_fto_deterministic,0.0,0.0,0.0,1,1,MAB,WO2022244908A1,GENOME AND COMPANY,True,False
BCL-2,MAB,UNRESOLVED,,ABSTAIN - no decisive readout,0,0.0,4,0.257,weighted_fto_deterministic,0.239,0.502,0.0,3,8,MAB,WO2026044151A1,"SYNERGY IMT, INC.",True,False
BCL-2|BCL-XL|CD19,MAB,UNRESOLVED,,ABSTAIN - no decisive readout,0,0.0,1,,UNRESOLVED_no_grounded_patents,0.0,0.0,0.0,0,0,,,,False,False
BCL-2|BTK,UNCLASSIFIED,UNRESOLVED,,ABSTAIN - no decisive readout,0,0.0,7,,UNRESOLVED_no_grounded_patents,0.0,0.0,0.0,0,0,,,,False,False
BCL-2|CD123,UNCLASSIFIED,UNRESOLVED,,ABSTAIN - no decisive readout,0,0.0,1,,UNRESOLVED_no_grounded_patents,0.0,0.0,0.0,0,0,,,,False,False
BCL-2|CD19,CAR-T,UNRESOLVED,,ABSTAIN - no decisive readout,0,0.0,3,,UNRESOLVED_no_grounded_patents,0.0,0.0,0.0,0,0,,,,False,False
BCL-2|CD19,UNCLASSIFIED,UNRESOLVED,,ABSTAIN - no decisive readout,0,0.0,2,,UNRESOLVED_no_grounded_patents,0.0,0.0,0.0,0,0,,,,False,False
BCL-2|CD20,UNCLASSIFIED,UNRESOLVED,,ABSTAIN - no decisive readout,0,0.0,1,,UNRESOLVED_no_grounded_patents,0.0,0.0,0.0,0,0,,,,False,False
BCL-2|CD47|SIRP-ALPHA,UNCLASSIFIED,UNRESOLVED,,ABSTAIN - no decisive readout,0,0.0,1,,UNRESOLVED_no_grounded_patents,0.0,0.0,0.0,0,0,,,,False,False
BCL-2|CD70,MAB,UNRESOLVED,,ABSTAIN - no decisive readout,0,0.0,1,,UNRESOLVED_no_grounded_patents,0.0,0.0,0.0,0,0,,,,False,False
BCL-2|JAK3|TCR,MAB,UNRESOLVED,,ABSTAIN - no decisive readout,0,0.0,1,,UNRESOLVED_no_grounded_patents,0.0,0.0,0.0,0,0,,,,False,False
BCL-2|PD-1,UNCLASSIFIED,UNRESOLVED,,ABSTAIN - no decisive readout,0,0.0,1,,UNRESOLVED_no_grounded_patents,0.0,0.0,0.0,0,0,,,,False,False
BCL-6,MAB,UNRESOLVED,,ABSTAIN - no decisive readout,0,0.0,0,0.0,weighted_fto_deterministic,0.0,0.0,0.0,1,1,MAB,WO2022256739A2,NONAGEN THERAPEUTICS CORPORATION,True,False
BCL-XL,PROTAC,UNRESOLVED,,ABSTAIN - no decisive readout,0,0.0,2,,UNRESOLVED_no_grounded_patents,0.0,0.0,0.0,0,0,,,,False,False
BCL-XL,UNCLASSIFIED,UNRESOLVED,,ABSTAIN - no decisive readout,0,0.0,1,,UNRESOLVED_no_grounded_patents,0.0,0.0,0.0,0,0,,,,False,False
BCL-XL|BTK,UNCLASSIFIED,UNRESOLVED,,ABSTAIN - no decisive readout,0,0.0,1,,UNRESOLVED_no_grounded_patents,0.0,0.0,0.0,0,0,,,,False,False
BCL-XL|CD70|GD2|MAGE,CAR-T,UNRESOLVED,,ABSTAIN - no decisive readout,0,0.0,1,,UNRESOLVED_no_grounded_patents,0.0,0.0,0.0,0,0,,,,False,False
BCMA-AMANITIN,ADC,UNRESOLVED,,ABSTAIN - no decisive readout,0,0.0,0,0.0,weighted_fto_deterministic,0.0,0.0,0.0,1,1,ADC,WO2023078021A1,"HANGZHOU DAC BIOTECH CO., LTD.",True,False
BCMA-CALICHEAMICIN,ADC,UNRESOLVED,,ABSTAIN - no decisive readout,0,0.0,0,0.0,weighted_fto_deterministic,0.0,0.0,0.0,1,1,ADC,WO2023078021A1,"HANGZHOU DAC BIOTECH CO., LTD.",True,False
BCMA-DM1,ADC,UNRESOLVED,,ABSTAIN - no decisive readout,0,0.0,0,0.0,weighted_fto_deterministic,0.0,0.0,0.0,1,1,ADC,WO2023078021A1,"HANGZHOU DAC BIOTECH CO., LTD.",True,False
BCMA-DM4,ADC,UNRESOLVED,,ABSTAIN - no decisive readout,0,0.0,0,0.0,weighted_fto_deterministic,0.0,0.0,0.0,1,1,ADC,WO2023078021A1,"HANGZHOU DAC BIOTECH CO., LTD.",True,False
BCMA-DOXORUBICIN,ADC,UNRESOLVED,,ABSTAIN - no decisive readout,0,0.0,0,0.0,weighted_fto_deterministic,0.0,0.0,0.0,1,1,ADC,WO2023078021A1,"HANGZHOU DAC BIOTECH CO., LTD.",True,False
BCMA-DUOCARMYCIN,ADC,UNRESOLVED,,ABSTAIN - no decisive readout,0,0.0,0,0.0,weighted_fto_deterministic,0.0,0.0,0.0,1,1,ADC,WO2023078021A1,"HANGZHOU DAC BIOTECH CO., LTD.",True,False
BCMA-DXD,ADC,UNRESOLVED,,ABSTAIN - no decisive readout,0,0.0,0,0.0,weighted_fto_deterministic,0.0,0.0,0.0,1,1,ADC,WO2023078021A1,"HANGZHOU DAC BIOTECH CO., LTD.",True,False
BCMA-ERIBULIN,ADC,UNRESOLVED,,ABSTAIN - no decisive readout,0,0.0,0,0.0,weighted_fto_deterministic,0.0,0.0,0.0,1,1,ADC,WO2023078021A1,"HANGZHOU DAC BIOTECH CO., LTD.",True,False
BCMA-EXATECAN,ADC,UNRESOLVED,,ABSTAIN - no decisive readout,0,0.0,0,0.0,weighted_fto_deterministic,0.0,0.0,0.0,1,1,ADC,WO2023078021A1,"HANGZHOU DAC BIOTECH CO., LTD.",True,False
BCMA-MMAE,ADC,UNRESOLVED,,ABSTAIN - no decisive readout,0,0.0,0,0.0,weighted_fto_deterministic,0.0,0.0,0.0,1,1,ADC,WO2023078021A1,"HANGZHOU DAC BIOTECH CO., LTD.",True,False
BCMA-PBD,ADC,UNRESOLVED,,ABSTAIN - no decisive readout,0,0.0,0,0.0,weighted_fto_deterministic,0.0,0.0,0.0,1,1,ADC,WO2023078021A1,"HANGZHOU DAC BIOTECH CO., LTD.",True,False
BCMA-SN38,ADC,UNRESOLVED,,ABSTAIN - no decisive readout,0,0.0,0,0.0,weighted_fto_deterministic,0.0,0.0,0.0,1,1,ADC,WO2023078021A1,"HANGZHOU DAC BIOTECH CO., LTD.",True,False
BCMA-TOPOTECAN,ADC,UNRESOLVED,,ABSTAIN - no decisive readout,0,0.0,0,0.0,weighted_fto_deterministic,0.0,0.0,0.0,1,1,ADC,WO2023078021A1,"HANGZHOU DAC BIOTECH CO., LTD.",True,False
BCMA-TUBULYSIN,ADC,UNRESOLVED,,ABSTAIN - no decisive readout,0,0.0,0,0.0,weighted_fto_deterministic,0.0,0.0,0.0,1,1,ADC,WO2023078021A1,"HANGZHOU DAC BIOTECH CO., LTD.",True,False
BCMA|CD123|CD19|CD20|CD22|CD33|CD38|CLL-1|GPRC5D,CAR-T,UNRESOLVED,,ABSTAIN - no decisive readout,0,0.0,1,,UNRESOLVED_no_grounded_patents,0.0,0.0,0.0,0,0,,,,False,False
BCMA|CD123|CD19|CD22|CD30,CAR-T,UNRESOLVED,,ABSTAIN - no decisive readout,0,0.0,1,,UNRESOLVED_no_grounded_patents,0.0,0.0,0.0,0,0,,,,False,False
BCMA|CD137,BISPECIFIC,UNRESOLVED,,ABSTAIN - no decisive readout,0,0.0,0,0.196,weighted_fto_deterministic,0.151,0.265,0.232,2,3,BISPECIFIC,WO2021136323A1,"SALUBRIS (CHENGDU) BIOTECH CO., LTD.",True,False
BCMA|CD19|CD20,CAR-T,UNRESOLVED,,ABSTAIN - no decisive readout,0,0.0,1,,UNRESOLVED_no_grounded_patents,0.0,0.0,0.0,0,0,,,,False,False
BCMA|CD19|CD20|CD22,CAR-T,UNRESOLVED,,ABSTAIN - no decisive readout,0,0.0,2,,UNRESOLVED_no_grounded_patents,0.0,0.0,0.0,0,0,,,,False,False
BCMA|CD19|CD22,CAR-T,UNRESOLVED,,ABSTAIN - no decisive readout,0,0.0,2,,UNRESOLVED_no_grounded_patents,0.0,0.0,0.0,0,0,,,,False,False
BCMA|CD19|CD38,CAR-T,UNRESOLVED,,ABSTAIN - no decisive readout,0,0.0,1,,UNRESOLVED_no_grounded_patents,0.0,0.0,0.0,0,0,,,,False,False
BCMA|CD19|CLDN18.2|GPC3,CAR-T,UNRESOLVED,,ABSTAIN - no decisive readout,0,0.0,1,,UNRESOLVED_no_grounded_patents,0.0,0.0,0.0,0,0,,,,False,False
BCMA|CD19|CLDN18.2|MESOTHELIN,CAR-T,UNRESOLVED,,ABSTAIN - no decisive readout,0,0.0,1,,UNRESOLVED_no_grounded_patents,0.0,0.0,0.0,0,0,,,,False,False
BCMA|CD19|GPRC5D,CAR-T,UNRESOLVED,,ABSTAIN - no decisive readout,0,0.0,2,,UNRESOLVED_no_grounded_patents,0.0,0.0,0.0,0,0,,,,False,False
BCMA|CD19|GPRC5D|HER2,CAR-T,UNRESOLVED,,ABSTAIN - no decisive readout,0,0.0,1,,UNRESOLVED_no_grounded_patents,0.0,0.0,0.0,0,0,,,,False,False
BCMA|CD19|TCR,CAR-T,UNRESOLVED,,ABSTAIN - no decisive readout,0,0.0,1,,UNRESOLVED_no_grounded_patents,0.0,0.0,0.0,0,0,,,,False,False
BCMA|CD20,CAR-T,UNRESOLVED,,ABSTAIN - no decisive readout,0,0.0,1,,UNRESOLVED_no_grounded_patents,0.0,0.0,0.0,0,0,,,,False,False
BCMA|CD28,BISPECIFIC,UNRESOLVED,,ABSTAIN - no decisive readout,0,0.0,0,0.0,weighted_fto_deterministic,0.0,0.0,0.0,1,1,BISPECIFIC,WO2024246083A1,F. HOFFMANN-LA ROCHE AG,True,False
BCMA|CD3,BITE,UNRESOLVED,,ABSTAIN - no decisive readout,0,0.0,2,,UNRESOLVED_no_grounded_patents,0.573,0.0,0.0,14,18,BISPECIFIC,WO2026037336A1,LEADS BIOLABS INC.,False,False
BCMA|CD3,MAB,UNRESOLVED,,ABSTAIN - no decisive readout,0,0.0,1,,UNRESOLVED_no_grounded_patents,0.573,0.0,0.0,14,18,BISPECIFIC,WO2026037336A1,LEADS BIOLABS INC.,False,False
BCMA|CD30,CAR-T,UNRESOLVED,,ABSTAIN - no decisive readout,0,0.0,1,,UNRESOLVED_no_grounded_patents,0.0,0.0,0.0,0,0,,,,False,False
BCMA|CD38|CD47,ADC,UNRESOLVED,,ABSTAIN - no decisive readout,0,0.0,1,,UNRESOLVED_no_grounded_patents,0.0,0.0,0.0,0,0,,,,False,False
BCMA|CD38|CRBN,MAB,UNRESOLVED,,ABSTAIN - no decisive readout,0,0.0,1,,UNRESOLVED_no_grounded_patents,0.0,0.0,0.0,0,0,,,,False,False
BCMA|CD38|FGFR|KRAS,ADC,UNRESOLVED,,ABSTAIN - no decisive readout,0,0.0,1,,UNRESOLVED_no_grounded_patents,0.0,0.0,0.0,0,0,,,,False,False
BCMA|CD3|CD28|CD38,BISPECIFIC,UNRESOLVED,,ABSTAIN - no decisive readout,0,0.0,1,,UNRESOLVED_no_grounded_patents,0.0,0.0,0.0,0,0,,,,False,False
BCMA|CD3|CD28|GPRC5D,BISPECIFIC,UNRESOLVED,,ABSTAIN - no decisive readout,0,0.0,1,,UNRESOLVED_no_grounded_patents,0.0,0.0,0.0,0,0,,,,False,False
BCMA|CD3|CD38,BISPECIFIC,UNRESOLVED,,ABSTAIN - no decisive readout,0,0.0,10,,UNRESOLVED_no_grounded_patents,0.0,0.0,0.0,0,0,,,,False,False
BCMA|CD3|CD38,BITE,UNRESOLVED,,ABSTAIN - no decisive readout,0,0.0,1,,UNRESOLVED_no_grounded_patents,0.0,0.0,0.0,0,0,,,,False,False
BCMA|CD3|CD38,MAB,UNRESOLVED,,ABSTAIN - no decisive readout,0,0.0,3,,UNRESOLVED_no_grounded_patents,0.0,0.0,0.0,0,0,,,,False,False
BCMA|CD3|CD38|PD-1|FCRH5|LAG-3,BISPECIFIC,UNRESOLVED,,ABSTAIN - no decisive readout,0,0.0,1,,UNRESOLVED_no_grounded_patents,0.0,0.0,0.0,0,0,,,,False,False
BCMA|CD3|CD47|SIRP-ALPHA,BISPECIFIC,UNRESOLVED,,ABSTAIN - no decisive readout,0,0.0,1,,UNRESOLVED_no_grounded_patents,0.0,0.0,0.0,0,0,,,,False,False
BCMA|CD3|CRBN,BISPECIFIC,UNRESOLVED,,ABSTAIN - no decisive readout,0,0.0,1,,UNRESOLVED_no_grounded_patents,0.0,0.0,0.0,0,0,,,,False,False
BCMA|CD3|CRBN,MAB,UNRESOLVED,,ABSTAIN - no decisive readout,0,0.0,1,,UNRESOLVED_no_grounded_patents,0.0,0.0,0.0,0,0,,,,False,False
BCMA|CD3|GPRC5D,BISPECIFIC,UNRESOLVED,,ABSTAIN - no decisive readout,0,0.0,8,,UNRESOLVED_no_grounded_patents,0.0,0.0,0.0,0,0,,,,False,False
BCMA|CD3|GPRC5D|CD38,BISPECIFIC,UNRESOLVED,,ABSTAIN - no decisive readout,0,0.0,1,,UNRESOLVED_no_grounded_patents,0.0,0.0,0.0,0,0,,,,False,False
BCMA|CD3|GPRC5D|PD-1,BISPECIFIC,UNRESOLVED,,ABSTAIN - no decisive readout,0,0.0,1,,UNRESOLVED_no_grounded_patents,0.0,0.0,0.0,0,0,,,,False,False
BCMA|CD70,CAR-T,UNRESOLVED,,ABSTAIN - no decisive readout,0,0.0,3,,UNRESOLVED_no_grounded_patents,0.0,0.0,0.0,0,0,,,,False,False
BCMA|CRBN,BISPECIFIC,UNRESOLVED,,ABSTAIN - no decisive readout,0,0.0,1,,UNRESOLVED_no_grounded_patents,0.0,0.0,0.0,0,0,,,,False,False
BCMA|CRBN,UNCLASSIFIED,UNRESOLVED,,ABSTAIN - no decisive readout,0,0.0,1,,UNRESOLVED_no_grounded_patents,0.0,0.0,0.0,0,0,,,,False,False
BCMA|DLL3|FCRH5|GPRC5D,CAR-T,UNRESOLVED,,ABSTAIN - no decisive readout,0,0.0,1,,UNRESOLVED_no_grounded_patents,0.0,0.0,0.0,0,0,,,,False,False
BCMA|EGFR,ADC,UNRESOLVED,,ABSTAIN - no decisive readout,0,0.0,1,,UNRESOLVED_no_grounded_patents,0.0,0.0,0.0,0,0,,,,False,False
BCMA|GPRC5D,BISPECIFIC,UNRESOLVED,,ABSTAIN - no decisive readout,0,0.0,4,,UNRESOLVED_no_grounded_patents,0.0,0.0,0.0,0,0,,,,False,False
BCMA|GPRC5D,UNCLASSIFIED,UNRESOLVED,,ABSTAIN - no decisive readout,0,0.0,1,,UNRESOLVED_no_grounded_patents,0.0,0.0,0.0,0,0,,,,False,False
BCMA|NKG2D,BISPECIFIC,UNRESOLVED,,ABSTAIN - no decisive readout,0,0.0,0,0.0,weighted_fto_deterministic,0.0,0.0,0.0,1,1,BISPECIFIC,WO2020033630A1,"DRAGONFLY THERAPEUTICS, INC.",True,False
BCMA|PD-1,CAR-T,UNRESOLVED,,ABSTAIN - no decisive readout,0,0.0,3,,UNRESOLVED_no_grounded_patents,0.0,0.0,0.0,0,0,,,,False,False
BCMA|PD-1|CD38,ADC,UNRESOLVED,,ABSTAIN - no decisive readout,0,0.0,1,,UNRESOLVED_no_grounded_patents,0.0,0.0,0.0,0,0,,,,False,False
BDCA2,MAB,UNRESOLVED,,ABSTAIN - no decisive readout,0,0.0,0,0.0,weighted_fto_deterministic,0.0,0.0,0.0,0,1,MAB,WO2017103521A1,LABORATOIRE FRANCAIS DU FRACTIONNEMENT ET DES BIOTECHNOLOGIES,True,False
BETA-CATENIN,MAB,UNRESOLVED,,ABSTAIN - no decisive readout,0,0.0,0,0.0,weighted_fto_deterministic,0.0,0.0,0.0,1,1,MAB,WO2021015419A1,KOREA RESEARCH INSTITUTE OF BIOSCIENCE AND BIOTECHNOLOGY,True,False
BMP-7,MAB,UNRESOLVED,,ABSTAIN - no decisive readout,0,0.0,0,0.0,weighted_fto_deterministic,0.0,0.0,0.0,1,1,MAB,WO2025035133A1,"BOARD OF REGENTS, THE UNIVERSITY OF TEXAS SYSTEM",True,False
BMP9,MAB,UNRESOLVED,,ABSTAIN - no decisive readout,0,0.0,0,0.0,weighted_fto_deterministic,0.0,0.0,0.0,1,1,MAB,WO2014007198A1,"KYOWA HAKKO KIRIN CO., LTD.",True,False
BMPR1B,MAB,UNRESOLVED,,ABSTAIN - no decisive readout,0,0.0,0,0.0,weighted_fto_deterministic,0.0,0.0,0.0,0,1,MAB,WO2017184942A1,ABBVIE STEMCENTRX LLC,True,False
BRADYKININ,MAB,UNRESOLVED,,ABSTAIN - no decisive readout,0,0.0,0,0.0,weighted_fto_deterministic,0.0,0.0,0.0,1,1,MAB,WO2012075342A2,DIAMEDICA INC.,True,False
BRAF,MAB,UNRESOLVED,,ABSTAIN - no decisive readout,0,0.0,0,0.239,weighted_fto_deterministic,0.239,0.265,0.0,3,3,MAB,WO2022104200A1,"AGILENT TECHNOLOGIES, INC.",True,False
BRCA1,MAB,UNRESOLVED,,ABSTAIN - no decisive readout,0,0.0,0,0.0,weighted_fto_deterministic,0.0,0.0,0.0,0,1,MAB,WO2011140827A1,"HUZHOU SHUWEN BIOTECHNOLOGIES CO., LTD.",True,False
BRD4,MAB,UNRESOLVED,,ABSTAIN - no decisive readout,0,0.0,0,0.0,weighted_fto_deterministic,0.0,0.0,0.0,0,1,MAB,WO2014015175A1,MASSACHUSETTS INSTITUTE OF TECHNOLOGY,True,False
BSSL,MAB,UNRESOLVED,,ABSTAIN - no decisive readout,0,0.0,0,0.0,weighted_fto_deterministic,0.0,0.0,0.0,1,1,MAB,WO2024080920A1,LIPUM AB,True,False
BST2,MAB,UNRESOLVED,,ABSTAIN - no decisive readout,0,0.0,0,0.0,weighted_fto_deterministic,0.0,0.0,0.0,1,1,MAB,WO2021257894A1,"BOARD OF REGENTS, THE UNIVERSITY OF TEXAS SYSTEM",True,False
BTK,CAR-T,UNRESOLVED,,ABSTAIN - no decisive readout,0,0.0,1,,UNRESOLVED_no_grounded_patents,0.0,0.0,0.0,1,4,MAB|PROTAC,WO2025121806A1,INJE UNIVERSITY INDUSTRY-ACADEMIC COOPERATION FOUNDATION,False,False
BTK,OUT_OF_SCOPE,UNRESOLVED,,ABSTAIN - no decisive readout,0,0.0,1,,UNRESOLVED_no_grounded_patents,0.0,0.0,0.0,1,4,MAB|PROTAC,WO2025121806A1,INJE UNIVERSITY INDUSTRY-ACADEMIC COOPERATION FOUNDATION,False,False
BTK,PROTAC,UNRESOLVED,,ABSTAIN - no decisive readout,0,0.0,0,0.0,weighted_fto_deterministic,0.0,0.0,0.0,1,4,MAB|PROTAC,WO2025121806A1,INJE UNIVERSITY INDUSTRY-ACADEMIC COOPERATION FOUNDATION,True,False
BTK|CD19|PD-1|PD-L1,CAR-T,UNRESOLVED,,ABSTAIN - no decisive readout,0,0.0,1,,UNRESOLVED_no_grounded_patents,0.0,0.0,0.0,0,0,,,,False,False
BTK|CD20,UNCLASSIFIED,UNRESOLVED,,ABSTAIN - no decisive readout,0,0.0,4,,UNRESOLVED_no_grounded_patents,0.0,0.0,0.0,0,0,,,,False,False
BTK|CD3,BISPECIFIC,UNRESOLVED,,ABSTAIN - no decisive readout,0,0.0,0,0.0,weighted_fto_deterministic,0.0,0.0,0.0,1,1,BISPECIFIC,WO2018085731A2,"JUNO THERAPEUTICS, INC.",True,False
BTK|EGFR,UNCLASSIFIED,UNRESOLVED,,ABSTAIN - no decisive readout,0,0.0,1,,UNRESOLVED_no_grounded_patents,0.0,0.0,0.0,0,0,,,,False,False
BTK|PD-1,MAB,UNRESOLVED,,ABSTAIN - no decisive readout,0,0.0,1,,UNRESOLVED_no_grounded_patents,0.0,0.0,0.0,0,0,,,,False,False
BTK|ROR1,MAB,UNRESOLVED,,ABSTAIN - no decisive readout,0,0.0,1,,UNRESOLVED_no_grounded_patents,0.0,0.0,0.0,0,0,,,,False,False
BTN1A1,MAB,UNRESOLVED,,ABSTAIN - no decisive readout,0,0.0,0,0.0,weighted_fto_deterministic,0.0,0.0,0.0,1,1,MAB,WO2018226671A1,"STCUBE & CO., INC.",True,False
BTN3A1,MAB,UNRESOLVED,,ABSTAIN - no decisive readout,0,0.0,0,0.18,weighted_fto_deterministic,0.151,0.388,0.0,2,5,MAB,WO2023052541A1,IMCHECK THERAPEUTICS,True,False
BUB1B,MAB,UNRESOLVED,,ABSTAIN - no decisive readout,0,0.0,0,0.0,weighted_fto_deterministic,0.0,0.0,0.0,0,1,MAB,WO2017126944A1,SNU R&DB FOUNDATION,True,False
C1ORF32,MAB,UNRESOLVED,,ABSTAIN - no decisive readout,0,0.0,0,0.0,weighted_fto_deterministic,0.0,0.0,0.0,1,1,MAB,WO2013114367A9,COMPUGEN LTD.,True,False
C4.4A,MAB,UNRESOLVED,,ABSTAIN - no decisive readout,0,0.0,0,0.151,weighted_fto_deterministic,0.151,0.167,0.0,2,2,MAB,WO2023175117A1,PENTIXAPHARM AG,True,False
C5AR1,MAB,UNRESOLVED,,ABSTAIN - no decisive readout,0,0.0,0,0.0,weighted_fto_deterministic,0.0,0.0,0.0,0,1,MAB,WO2020182974A1,MORPHOSYS AG,True,False
CA19-9,MAB,UNRESOLVED,,ABSTAIN - no decisive readout,0,0.0,0,0.151,weighted_fto_deterministic,0.151,0.167,0.0,2,2,MAB,WO2025261951A1,BIONTECH SE,True,False
CA215,MAB,UNRESOLVED,,ABSTAIN - no decisive readout,0,0.0,0,0.0,weighted_fto_deterministic,0.0,0.0,0.0,0,1,MAB,WO2013186630A2,VANCOUVER BIOTECH LTD,True,False
CA72-4,MAB,UNRESOLVED,,ABSTAIN - no decisive readout,0,0.0,0,0.0,weighted_fto_deterministic,0.0,0.0,0.0,0,1,MAB,WO2023035825A1,"SUZHOU HYBIOME BIOMEDICAL ENGINEERING CO., LTD",True,False
CADHERIN,MAB,UNRESOLVED,,ABSTAIN - no decisive readout,0,0.0,0,0.0,weighted_fto_deterministic,0.0,0.0,0.0,1,1,MAB,WO2011099524A1,"FUJIFILM RI PHARMA CO., LTD.",True,False
CADM1,MAB,UNRESOLVED,,ABSTAIN - no decisive readout,0,0.0,0,0.0,weighted_fto_deterministic,0.0,0.0,0.0,1,1,MAB,WO2012119989A2,ORYZON GENOMICS,True,False
CAIX,MAB,UNRESOLVED,,ABSTAIN - no decisive readout,0,0.0,0,0.042,weighted_fto_deterministic,0.0,0.167,0.0,1,2,MAB,WO2021090187A1,MABPRO A.S.,True,False
CALR,MAB,UNRESOLVED,,ABSTAIN - no decisive readout,0,0.0,0,0.0,weighted_fto_deterministic,0.0,0.0,0.0,1,1,MAB,WO2026009973A1,"MEIJI SEIKA PHARMA CO., LTD.",True,False
CARBONIC ANHYDRASE,MAB,UNRESOLVED,,ABSTAIN - no decisive readout,0,0.0,0,0.239,weighted_fto_deterministic,0.239,0.265,0.0,3,3,MAB,WO2025250823A1,THE WISTAR INSTITUTE OF ANATOMY AND BIOLOGY,True,False
CATALASE,MAB,UNRESOLVED,,ABSTAIN - no decisive readout,0,0.0,0,0.0,weighted_fto_deterministic,0.0,0.0,0.0,0,1,MAB,WO2012172034A1,UNIVERSITÄTSKLINIKUM FREIBURG,True,False
CATHEPSIN D,MAB,UNRESOLVED,,ABSTAIN - no decisive readout,0,0.0,0,0.0,weighted_fto_deterministic,0.0,0.0,0.0,1,1,MAB,WO2024236156A1,INSTITUT NATIONAL DE LA SANTÉ ET DE LA RECHERCHE MÉDICALE,True,False
CAV1,MAB,UNRESOLVED,,ABSTAIN - no decisive readout,0,0.0,0,0.0,weighted_fto_deterministic,0.0,0.0,0.0,1,1,MAB,WO2013149058A1,"BOARD OF REGENTS, THE UNIVERSITY OF TEXAS SYSTEM",True,False
CCL20,MAB,UNRESOLVED,,ABSTAIN - no decisive readout,0,0.0,0,0.0,weighted_fto_deterministic,0.0,0.0,0.0,1,1,MAB,WO2012068540A2,"IMAI, Toshio",True,False
CCL21,MAB,UNRESOLVED,,ABSTAIN - no decisive readout,0,0.0,0,0.0,weighted_fto_deterministic,0.0,0.0,0.0,1,1,MAB,WO2022047125A1,"BOARD OF REGENTS, THE UNIVERSITY OF TEXAS SYSTEM",True,False
CCL25,MAB,UNRESOLVED,,ABSTAIN - no decisive readout,0,0.0,0,0.0,weighted_fto_deterministic,0.0,0.0,0.0,0,1,MAB,WO2012082752A2,MOREHOUSE SCHOOL OF MEDICINE,True,False
CCR4,MAB,UNRESOLVED,,ABSTAIN - no decisive readout,0,0.0,0,0.042,weighted_fto_deterministic,0.0,0.167,0.0,0,2,MAB,WO2021025148A1,DAIICHI SANKYO COMPANY,True,False
CCR5,MAB,UNRESOLVED,,ABSTAIN - no decisive readout,0,0.0,0,0.0,weighted_fto_deterministic,0.0,0.0,0.0,1,1,MAB,WO2021026028A1,CYTODYN INC.,True,False
CCR6,MAB,UNRESOLVED,,ABSTAIN - no decisive readout,0,0.0,0,0.0,weighted_fto_deterministic,0.0,0.0,0.0,1,1,MAB,WO2022126180A1,MONASH UNIVERSITY,True,False
CCR7,MAB,UNRESOLVED,,ABSTAIN - no decisive readout,0,0.0,0,0.151,weighted_fto_deterministic,0.151,0.265,0.0,2,3,MAB,WO2018142322A1,NOVARTIS AG,True,False
CCR8,MAB,UNRESOLVED,,ABSTAIN - no decisive readout,0,0.0,3,0.573,weighted_fto_deterministic,0.573,0.844,0.0,14,33,MAB,WO2025259871A1,"GILEAD SCIENCES, INC.",True,False
CCR8|CD3,BISPECIFIC,UNRESOLVED,,ABSTAIN - no decisive readout,0,0.0,0,0.0,weighted_fto_deterministic,0.0,0.0,0.0,1,1,BISPECIFIC,WO2026019990A1,"GENENTECH, INC.",True,False
CCR8|CTLA-4,BISPECIFIC,UNRESOLVED,,ABSTAIN - no decisive readout,0,0.0,0,0.0,weighted_fto_deterministic,0.0,0.0,0.0,1,1,BISPECIFIC,WO2024255467A1,"GENOR BIOPHARMA CO., LTD.",True,False
CCR9,MAB,UNRESOLVED,,ABSTAIN - no decisive readout,0,0.0,0,0.0,weighted_fto_deterministic,0.0,0.0,0.0,0,1,MAB,WO2023148346A1,SUNROCK BIOPHARMA S.L,True,False
CD122,OUT_OF_SCOPE,UNRESOLVED,,ABSTAIN - no decisive readout,0,0.0,2,,UNRESOLVED_no_grounded_patents,0.0,0.0,0.0,0,0,,,,False,False
CD123,ADC,UNRESOLVED,,ABSTAIN - no decisive readout,0,0.0,1,,UNRESOLVED_no_grounded_patents,0.349,0.0,0.0,5,7,MAB,WO2025027472A2,ASTRAZENECA AB,False,False
CD123,BISPECIFIC,UNRESOLVED,,ABSTAIN - no decisive readout,0,0.0,1,,UNRESOLVED_no_grounded_patents,0.349,0.0,0.0,5,7,MAB,WO2025027472A2,ASTRAZENECA AB,False,False
CD123,BITE,UNRESOLVED,,ABSTAIN - no decisive readout,0,0.0,1,,UNRESOLVED_no_grounded_patents,0.349,0.0,0.0,5,7,MAB,WO2025027472A2,ASTRAZENECA AB,False,False
CD123-DUOCARMYCIN,ADC,UNRESOLVED,,ABSTAIN - no decisive readout,0,0.0,1,,UNRESOLVED_no_grounded_patents,0.0,0.0,0.0,0,0,,,,False,False
CD123|CD16,BISPECIFIC,UNRESOLVED,,ABSTAIN - no decisive readout,0,0.0,1,0.0,weighted_fto_deterministic,0.0,0.0,0.0,0,1,BISPECIFIC,WO2026061102A1,"BEIJING WISDOMAB BIOTECHNOLOGY CO., LTD.",True,False
CD123|CD19|CD20|CD22|CD30|CD38|CD70,CAR-T,UNRESOLVED,,ABSTAIN - no decisive readout,0,0.0,1,,UNRESOLVED_no_grounded_patents,0.0,0.0,0.0,0,0,,,,False,False
CD123|CD19|CD20|CD22|CD38,CAR-T,UNRESOLVED,,ABSTAIN - no decisive readout,0,0.0,1,,UNRESOLVED_no_grounded_patents,0.0,0.0,0.0,0,0,,,,False,False
CD123|CD22|CD33,CAR-T,UNRESOLVED,,ABSTAIN - no decisive readout,0,0.0,1,,UNRESOLVED_no_grounded_patents,0.0,0.0,0.0,0,0,,,,False,False
CD123|CD33|CD38|CLL-1,CAR-T,UNRESOLVED,,ABSTAIN - no decisive readout,0,0.0,1,,UNRESOLVED_no_grounded_patents,0.0,0.0,0.0,0,0,,,,False,False
CD123|CD33|CD38|CLL-1|MUC1,CAR-T,UNRESOLVED,,ABSTAIN - no decisive readout,0,0.0,1,,UNRESOLVED_no_grounded_patents,0.0,0.0,0.0,0,0,,,,False,False
CD123|CD33|CLL-1,CAR-T,UNRESOLVED,,ABSTAIN - no decisive readout,0,0.0,5,,UNRESOLVED_no_grounded_patents,0.0,0.0,0.0,0,0,,,,False,False
CD123|CD8,BISPECIFIC,UNRESOLVED,,ABSTAIN - no decisive readout,0,0.0,0,0.0,weighted_fto_deterministic,0.0,0.0,0.0,1,1,BISPECIFIC,WO2024166047A1,"JANSSEN BIOTECH, INC.",True,False
CD123|CEA,CAR-T,UNRESOLVED,,ABSTAIN - no decisive readout,0,0.0,1,,UNRESOLVED_no_grounded_patents,0.0,0.0,0.0,0,0,,,,False,False
CD123|CLL-1,CAR-T,UNRESOLVED,,ABSTAIN - no decisive readout,0,0.0,1,,UNRESOLVED_no_grounded_patents,0.0,0.0,0.0,0,0,,,,False,False
CD123|TIM-3,CAR-T,UNRESOLVED,,ABSTAIN - no decisive readout,0,0.0,1,,UNRESOLVED_no_grounded_patents,0.0,0.0,0.0,0,0,,,,False,False
CD127,MAB,UNRESOLVED,,ABSTAIN - no decisive readout,0,0.0,0,0.042,weighted_fto_deterministic,0.0,0.167,0.0,1,2,MAB,WO2022248940A1,OSE IMMUNOTHERAPEUTICS,True,False
CD133,MAB,UNRESOLVED,,ABSTAIN - no decisive readout,0,0.0,0,0.0,weighted_fto_deterministic,0.0,0.0,0.0,1,1,MAB,WO2022022718A1,BEIJING NEUROSURGICAL INSTITUTE,True,False
CD137,BISPECIFIC,UNRESOLVED,,ABSTAIN - no decisive readout,0,0.0,1,,UNRESOLVED_no_grounded_patents,0.661,0.0,0.0,21,27,MAB,WO2025128002A1,NATIONAL UNIVERSITY OF SINGAPORE,False,False
CD137-AMANITIN,ADC,UNRESOLVED,,ABSTAIN - no decisive readout,0,0.0,0,0.0,weighted_fto_deterministic,0.0,0.0,0.0,1,1,ADC,WO2020023556A1,"MAGENTA THERAPEUTICS, INC.",True,False
CD137-CALICHEAMICIN,ADC,UNRESOLVED,,ABSTAIN - no decisive readout,0,0.0,0,0.0,weighted_fto_deterministic,0.0,0.0,0.0,1,1,ADC,WO2020023556A1,"MAGENTA THERAPEUTICS, INC.",True,False
CD137-MAYTANSINOID,ADC,UNRESOLVED,,ABSTAIN - no decisive readout,0,0.0,0,0.0,weighted_fto_deterministic,0.0,0.0,0.0,1,1,ADC,WO2020023556A1,"MAGENTA THERAPEUTICS, INC.",True,False
CD137-MMAE,ADC,UNRESOLVED,,ABSTAIN - no decisive readout,0,0.0,0,0.0,weighted_fto_deterministic,0.0,0.0,0.0,1,1,ADC,WO2020023556A1,"MAGENTA THERAPEUTICS, INC.",True,False
CD137-MMAF,ADC,UNRESOLVED,,ABSTAIN - no decisive readout,0,0.0,0,0.0,weighted_fto_deterministic,0.0,0.0,0.0,1,1,ADC,WO2020023556A1,"MAGENTA THERAPEUTICS, INC.",True,False
CD137-PBD,ADC,UNRESOLVED,,ABSTAIN - no decisive readout,0,0.0,0,0.0,weighted_fto_deterministic,0.0,0.0,0.0,1,1,ADC,WO2020023556A1,"MAGENTA THERAPEUTICS, INC.",True,False
CD137|CD19,UNCLASSIFIED,UNRESOLVED,,ABSTAIN - no decisive readout,0,0.0,1,,UNRESOLVED_no_grounded_patents,0.0,0.0,0.0,0,0,,,,False,False
CD137|CD19|CD20,UNCLASSIFIED,UNRESOLVED,,ABSTAIN - no decisive readout,0,0.0,2,,UNRESOLVED_no_grounded_patents,0.0,0.0,0.0,0,0,,,,False,False
CD137|CD19|CD25|CD33|PD-1|TIGIT|TIM-3,UNCLASSIFIED,UNRESOLVED,,ABSTAIN - no decisive readout,0,0.0,1,,UNRESOLVED_no_grounded_patents,0.0,0.0,0.0,0,0,,,,False,False
CD137|CD19|EGFR,CAR-T,UNRESOLVED,,ABSTAIN - no decisive readout,0,0.0,1,,UNRESOLVED_no_grounded_patents,0.0,0.0,0.0,0,0,,,,False,False
CD137|CD19|EGFR,UNCLASSIFIED,UNRESOLVED,,ABSTAIN - no decisive readout,0,0.0,1,,UNRESOLVED_no_grounded_patents,0.0,0.0,0.0,0,0,,,,False,False
CD137|CD19|PD-L1,UNCLASSIFIED,UNRESOLVED,,ABSTAIN - no decisive readout,0,0.0,1,,UNRESOLVED_no_grounded_patents,0.0,0.0,0.0,0,0,,,,False,False
CD137|CD33|CLL-1,UNCLASSIFIED,UNRESOLVED,,ABSTAIN - no decisive readout,0,0.0,1,,UNRESOLVED_no_grounded_patents,0.0,0.0,0.0,0,0,,,,False,False
CD137|CD40|PD-1,MAB,UNRESOLVED,,ABSTAIN - no decisive readout,0,0.0,1,,UNRESOLVED_no_grounded_patents,0.0,0.0,0.0,0,0,,,,False,False
CD137|CD56,BISPECIFIC,UNRESOLVED,,ABSTAIN - no decisive readout,0,0.0,1,,UNRESOLVED_no_grounded_patents,0.0,0.0,0.0,0,0,,,,False,False
CD137|CD9,BISPECIFIC,UNRESOLVED,,ABSTAIN - no decisive readout,0,0.0,0,0.0,weighted_fto_deterministic,0.0,0.0,0.0,1,1,BISPECIFIC,WO2021160265A1,UCB BIOPHARMA SRL,True,False
CD137|CLDN18.2,BISPECIFIC,UNRESOLVED,,ABSTAIN - no decisive readout,0,0.0,0,0.0,weighted_fto_deterministic,0.0,0.0,0.0,1,1,BISPECIFIC,WO2023034922A2,"NOVAROCK BIOTHERAPEUTICS, LTD.",True,False
CD137|CTLA-4|LAG-3|PD-1|PD-L1|TCR,UNCLASSIFIED,UNRESOLVED,,ABSTAIN - no decisive readout,0,0.0,2,,UNRESOLVED_no_grounded_patents,0.0,0.0,0.0,0,0,,,,False,False
CD137|CTLA-4|PD-1,MAB,UNRESOLVED,,ABSTAIN - no decisive readout,0,0.0,1,,UNRESOLVED_no_grounded_patents,0.0,0.0,0.0,0,0,,,,False,False
CD137|EGFR,BISPECIFIC,UNRESOLVED,,ABSTAIN - no decisive readout,0,0.0,2,,UNRESOLVED_no_grounded_patents,0.0,0.0,0.0,0,0,,,,False,False
CD137|EGFR|PD-1,BISPECIFIC,UNRESOLVED,,ABSTAIN - no decisive readout,0,0.0,1,,UNRESOLVED_no_grounded_patents,0.0,0.0,0.0,0,0,,,,False,False
CD137|KRAS|PD-1,MAB,UNRESOLVED,,ABSTAIN - no decisive readout,0,0.0,1,,UNRESOLVED_no_grounded_patents,0.0,0.0,0.0,0,0,,,,False,False
CD137|LAG-3|PD-1,MAB,UNRESOLVED,,ABSTAIN - no decisive readout,0,0.0,1,,UNRESOLVED_no_grounded_patents,0.0,0.0,0.0,0,0,,,,False,False
CD137|PD-1,BISPECIFIC,UNRESOLVED,,ABSTAIN - no decisive readout,0,0.0,1,,UNRESOLVED_no_grounded_patents,0.0,0.0,0.0,0,0,,,,False,False
CD137|PD-1|PSMA,UNCLASSIFIED,UNRESOLVED,,ABSTAIN - no decisive readout,0,0.0,1,,UNRESOLVED_no_grounded_patents,0.0,0.0,0.0,0,0,,,,False,False
CD137|PSMA,UNCLASSIFIED,UNRESOLVED,,ABSTAIN - no decisive readout,0,0.0,1,,UNRESOLVED_no_grounded_patents,0.0,0.0,0.0,0,0,,,,False,False
CD138,MAB,UNRESOLVED,,ABSTAIN - no decisive readout,0,0.0,0,0.0,weighted_fto_deterministic,0.0,0.0,0.0,1,1,MAB,WO2023097254A1,"VISTERRA, INC.",True,False
CD147,MAB,UNRESOLVED,,ABSTAIN - no decisive readout,0,0.0,0,0.239,weighted_fto_deterministic,0.239,0.388,0.0,3,5,MAB,WO2025100428A1,DAIICHI SANKYO COMPANY,True,False
CD16,MAB,UNRESOLVED,,ABSTAIN - no decisive readout,0,0.0,0,0.239,weighted_fto_deterministic,0.239,0.388,0.0,3,5,MAB,WO2024206126A1,"MODERNATX, INC.",True,False
CD16,UNCLASSIFIED,UNRESOLVED,,ABSTAIN - no decisive readout,0,0.0,2,,UNRESOLVED_no_grounded_patents,0.239,0.0,0.0,3,5,MAB,WO2024206126A1,"MODERNATX, INC.",False,False
CD160,MAB,UNRESOLVED,,ABSTAIN - no decisive readout,0,0.0,0,0.042,weighted_fto_deterministic,0.0,0.167,0.0,1,2,MAB,WO2023170207A1,ALDERAAN BIOTECHNOLOGY,True,False
CD161,MAB,UNRESOLVED,,ABSTAIN - no decisive readout,0,0.0,1,,UNRESOLVED_no_grounded_patents,0.0,0.0,0.0,0,0,,,,False,False
CD163,MAB,UNRESOLVED,,ABSTAIN - no decisive readout,0,0.0,1,,UNRESOLVED_no_grounded_patents,0.0,0.0,0.0,0,0,,,,False,False
CD166-DM4,ADC,UNRESOLVED,,ABSTAIN - no decisive readout,0,0.0,1,,UNRESOLVED_no_grounded_patents,0.0,0.0,0.0,0,0,,,,False,False
CD16|CD19|CD20,MAB,UNRESOLVED,,ABSTAIN - no decisive readout,0,0.0,1,,UNRESOLVED_no_grounded_patents,0.0,0.0,0.0,0,0,,,,False,False
CD16|CD19|CD20|PD-L1,UNCLASSIFIED,UNRESOLVED,,ABSTAIN - no decisive readout,0,0.0,1,,UNRESOLVED_no_grounded_patents,0.0,0.0,0.0,0,0,,,,False,False
CD16|EGFR|PD-1|PD-L1,UNCLASSIFIED,UNRESOLVED,,ABSTAIN - no decisive readout,0,0.0,1,,UNRESOLVED_no_grounded_patents,0.0,0.0,0.0,0,0,,,,False,False
CD180|CD3,BISPECIFIC,UNRESOLVED,,ABSTAIN - no decisive readout,0,0.0,0,0.0,weighted_fto_deterministic,0.0,0.0,0.0,0,1,BISPECIFIC,WO2025064890A1,"EVOLVEIMMUNE THERAPEUTICS, INC.",True,False
CD19,ADC,UNRESOLVED,,ABSTAIN - no decisive readout,0,0.0,1,0.628,weighted_fto_deterministic,0.628,0.0,0.0,18,27,ADC|MAB,WO2025251008A1,"CABALETTA BIO, INC.",True,False
CD19,BISPECIFIC,UNRESOLVED,,ABSTAIN - no decisive readout,0,0.0,1,,UNRESOLVED_no_grounded_patents,0.628,0.0,0.0,18,27,ADC|MAB,WO2025251008A1,"CABALETTA BIO, INC.",False,False
CD19-PBD,ADC,UNRESOLVED,,ABSTAIN - no decisive readout,0,0.0,1,,UNRESOLVED_no_grounded_patents,0.0,0.0,0.0,0,0,,,,False,False
CD19|BCL-2,BITE,UNRESOLVED,,ABSTAIN - no decisive readout,0,0.0,1,,UNRESOLVED_no_grounded_patents,0.0,0.0,0.0,0,0,,,,False,False
CD19|BCL-2|BTK,MAB,UNRESOLVED,,ABSTAIN - no decisive readout,0,0.0,1,,UNRESOLVED_no_grounded_patents,0.0,0.0,0.0,0,0,,,,False,False
CD19|BCL-2|BTK|EZH2,MAB,UNRESOLVED,,ABSTAIN - no decisive readout,0,0.0,1,,UNRESOLVED_no_grounded_patents,0.0,0.0,0.0,0,0,,,,False,False
CD19|BCL-2|CD22,CAR-T,UNRESOLVED,,ABSTAIN - no decisive readout,0,0.0,1,,UNRESOLVED_no_grounded_patents,0.0,0.0,0.0,0,0,,,,False,False
CD19|CD20,ADC,UNRESOLVED,,ABSTAIN - no decisive readout,0,0.0,3,,UNRESOLVED_no_grounded_patents,0.151,0.0,0.0,2,2,BISPECIFIC,WO2026107318A1,"HINGE BIO, INC.",False,False
CD19|CD20,BISPECIFIC,UNRESOLVED,,ABSTAIN - no decisive readout,0,0.0,1,0.151,weighted_fto_deterministic,0.151,0.167,0.0,2,2,BISPECIFIC,WO2026107318A1,"HINGE BIO, INC.",True,False
CD19|CD20|CD22|CD70,CAR-T,UNRESOLVED,,ABSTAIN - no decisive readout,0,0.0,1,,UNRESOLVED_no_grounded_patents,0.0,0.0,0.0,0,0,,,,False,False
CD19|CD20|CD22|CD70|CD79B|GD2|PSMA,CAR-T,UNRESOLVED,,ABSTAIN - no decisive readout,0,0.0,1,,UNRESOLVED_no_grounded_patents,0.0,0.0,0.0,0,0,,,,False,False
CD19|CD20|CD3,ADC,UNRESOLVED,,ABSTAIN - no decisive readout,0,0.0,1,,UNRESOLVED_no_grounded_patents,0.0,0.0,0.0,0,0,,,,False,False
CD19|CD20|CD3,BISPECIFIC,UNRESOLVED,,ABSTAIN - no decisive readout,0,0.0,2,,UNRESOLVED_no_grounded_patents,0.0,0.0,0.0,0,0,,,,False,False
CD19|CD20|CD30,CAR-T,UNRESOLVED,,ABSTAIN - no decisive readout,0,0.0,1,,UNRESOLVED_no_grounded_patents,0.0,0.0,0.0,0,0,,,,False,False
CD19|CD20|CD30,MAB,UNRESOLVED,,ABSTAIN - no decisive readout,0,0.0,1,,UNRESOLVED_no_grounded_patents,0.0,0.0,0.0,0,0,,,,False,False
CD19|CD20|TCR,BISPECIFIC,UNRESOLVED,,ABSTAIN - no decisive readout,0,0.0,1,,UNRESOLVED_no_grounded_patents,0.0,0.0,0.0,0,0,,,,False,False
CD19|CD20|TCR,UNCLASSIFIED,UNRESOLVED,,ABSTAIN - no decisive readout,0,0.0,2,,UNRESOLVED_no_grounded_patents,0.0,0.0,0.0,0,0,,,,False,False
CD19|CD22|NKG2D,CAR-T,UNRESOLVED,,ABSTAIN - no decisive readout,0,0.0,1,,UNRESOLVED_no_grounded_patents,0.0,0.0,0.0,0,0,,,,False,False
CD19|CD25|CD3,BISPECIFIC,UNRESOLVED,,ABSTAIN - no decisive readout,0,0.0,1,,UNRESOLVED_no_grounded_patents,0.0,0.0,0.0,0,0,,,,False,False
CD19|CD28,BISPECIFIC,UNRESOLVED,,ABSTAIN - no decisive readout,0,0.0,0,0.151,weighted_fto_deterministic,0.151,0.167,0.0,2,2,BISPECIFIC,WO2024238893A1,"ADIMAB, LLC",True,False
CD19|CD28,CAR-T,UNRESOLVED,,ABSTAIN - no decisive readout,0,0.0,1,,UNRESOLVED_no_grounded_patents,0.151,0.0,0.0,2,2,BISPECIFIC,WO2024238893A1,"ADIMAB, LLC",False,False
CD19|CD28,UNCLASSIFIED,UNRESOLVED,,ABSTAIN - no decisive readout,0,0.0,1,,UNRESOLVED_no_grounded_patents,0.151,0.0,0.0,2,2,BISPECIFIC,WO2024238893A1,"ADIMAB, LLC",False,False
CD19|CD28|EGFR,CAR-T,UNRESOLVED,,ABSTAIN - no decisive readout,0,0.0,1,,UNRESOLVED_no_grounded_patents,0.0,0.0,0.0,0,0,,,,False,False
CD19|CD28|EGFR,UNCLASSIFIED,UNRESOLVED,,ABSTAIN - no decisive readout,0,0.0,2,,UNRESOLVED_no_grounded_patents,0.0,0.0,0.0,0,0,,,,False,False
CD19|CD3,MAB,UNRESOLVED,,ABSTAIN - no decisive readout,0,0.0,1,,UNRESOLVED_no_grounded_patents,0.5,0.0,0.0,10,14,BISPECIFIC,WO2026037330A1,LEADS BIOLABS INC.,False,False
CD19|CD3,UNCLASSIFIED,UNRESOLVED,,ABSTAIN - no decisive readout,0,0.0,1,,UNRESOLVED_no_grounded_patents,0.5,0.0,0.0,10,14,BISPECIFIC,WO2026037330A1,LEADS BIOLABS INC.,False,False
CD19|CD30,CAR-T,UNRESOLVED,,ABSTAIN - no decisive readout,0,0.0,1,,UNRESOLVED_no_grounded_patents,0.0,0.0,0.0,0,0,,,,False,False
CD19|CD38,BISPECIFIC,UNRESOLVED,,ABSTAIN - no decisive readout,0,0.0,1,0.042,weighted_fto_deterministic,0.0,0.167,0.0,1,2,BISPECIFIC,WO2026064774A1,"BIOGRAPH 55, INC.",True,False
CD19|CD38,CAR-T,UNRESOLVED,,ABSTAIN - no decisive readout,0,0.0,1,,UNRESOLVED_no_grounded_patents,0.0,0.0,0.0,1,2,BISPECIFIC,WO2026064774A1,"BIOGRAPH 55, INC.",False,False
CD19|CD3|CD20,BITE,UNRESOLVED,,ABSTAIN - no decisive readout,0,0.0,1,,UNRESOLVED_no_grounded_patents,0.0,0.0,0.0,0,0,,,,False,False
CD19|CD3|CD38,BITE,UNRESOLVED,,ABSTAIN - no decisive readout,0,0.0,1,,UNRESOLVED_no_grounded_patents,0.0,0.0,0.0,0,0,,,,False,False
CD19|CD3|PD-1,BISPECIFIC,UNRESOLVED,,ABSTAIN - no decisive readout,0,0.0,1,,UNRESOLVED_no_grounded_patents,0.0,0.0,0.0,0,0,,,,False,False
CD19|CD3|TCR,BISPECIFIC,UNRESOLVED,,ABSTAIN - no decisive readout,0,0.0,2,,UNRESOLVED_no_grounded_patents,0.0,0.0,0.0,0,0,,,,False,False
CD19|CD3|TCR|WT1,BISPECIFIC,UNRESOLVED,,ABSTAIN - no decisive readout,0,0.0,1,,UNRESOLVED_no_grounded_patents,0.0,0.0,0.0,0,0,,,,False,False
CD19|CD3|TISSUE FACTOR,BISPECIFIC,UNRESOLVED,,ABSTAIN - no decisive readout,0,0.0,1,,UNRESOLVED_no_grounded_patents,0.0,0.0,0.0,0,0,,,,False,False
CD19|CD40|ICAM1,MAB,UNRESOLVED,,ABSTAIN - no decisive readout,0,0.0,1,,UNRESOLVED_no_grounded_patents,0.0,0.0,0.0,0,0,,,,False,False
CD19|CD70,CAR-T,UNRESOLVED,,ABSTAIN - no decisive readout,0,0.0,3,,UNRESOLVED_no_grounded_patents,0.0,0.0,0.0,0,0,,,,False,False
CD19|CD79B,CAR-T,UNRESOLVED,,ABSTAIN - no decisive readout,0,0.0,2,,UNRESOLVED_no_grounded_patents,0.0,0.0,0.0,0,0,,,,False,False
CD19|EPCAM,CAR-T,UNRESOLVED,,ABSTAIN - no decisive readout,0,0.0,2,,UNRESOLVED_no_grounded_patents,0.0,0.0,0.0,0,0,,,,False,False
CD19|GPRC5D,CAR-T,UNRESOLVED,,ABSTAIN - no decisive readout,0,0.0,1,,UNRESOLVED_no_grounded_patents,0.0,0.0,0.0,0,0,,,,False,False
CD19|HER2,CAR-T,UNRESOLVED,,ABSTAIN - no decisive readout,0,0.0,1,,UNRESOLVED_no_grounded_patents,0.0,0.0,0.0,0,0,,,,False,False
CD19|PD-1,CAR-T,UNRESOLVED,,ABSTAIN - no decisive readout,0,0.0,5,,UNRESOLVED_no_grounded_patents,0.0,0.0,0.0,0,0,,,,False,False
CD19|PD-L1,CAR-T,UNRESOLVED,,ABSTAIN - no decisive readout,0,0.0,1,,UNRESOLVED_no_grounded_patents,0.0,0.0,0.0,0,0,,,,False,False
CD2,MAB,UNRESOLVED,,ABSTAIN - no decisive readout,0,0.0,0,0.0,weighted_fto_deterministic,0.0,0.0,0.0,1,1,MAB,WO2024246203A1,IMNOTECH GMBH,True,False
CD20-DM1,ADC,UNRESOLVED,,ABSTAIN - no decisive readout,0,0.0,0,0.088,weighted_fto_deterministic,0.0,0.167,0.232,1,2,ADC,WO2014177617A1,F. HOFFMANN-LA ROCHE AG,True,False
CD20-DM4,ADC,UNRESOLVED,,ABSTAIN - no decisive readout,0,0.0,0,0.088,weighted_fto_deterministic,0.0,0.167,0.232,1,2,ADC,WO2014177617A1,F. HOFFMANN-LA ROCHE AG,True,False
CD20-MMAE,ADC,UNRESOLVED,,ABSTAIN - no decisive readout,0,0.0,0,0.088,weighted_fto_deterministic,0.0,0.167,0.232,1,2,ADC,WO2014177617A1,F. HOFFMANN-LA ROCHE AG,True,False
CD20-MMAF,ADC,UNRESOLVED,,ABSTAIN - no decisive readout,0,0.0,0,0.088,weighted_fto_deterministic,0.0,0.167,0.232,1,2,ADC,WO2014177617A1,F. HOFFMANN-LA ROCHE AG,True,False
CD200,MAB,UNRESOLVED,,ABSTAIN - no decisive readout,0,0.0,0,0.066,weighted_fto_deterministic,0.0,0.265,0.0,1,3,MAB,WO2019126536A1,ALEXION PHARMACEUTICALS INC.,True,False
CD205,MAB,UNRESOLVED,,ABSTAIN - no decisive readout,0,0.0,0,0.151,weighted_fto_deterministic,0.151,0.265,0.0,2,3,MAB,WO2022248835A1,OXFORD BIOTHERAPEUTICS LTD,True,False
CD20|ALK,MAB,UNRESOLVED,,ABSTAIN - no decisive readout,0,0.0,1,,UNRESOLVED_no_grounded_patents,0.0,0.0,0.0,0,0,,,,False,False
CD20|ALK|BCL-2|CRBN,MAB,UNRESOLVED,,ABSTAIN - no decisive readout,0,0.0,1,,UNRESOLVED_no_grounded_patents,0.0,0.0,0.0,0,0,,,,False,False
CD20|BCL-2|BET|BRD4,MAB,UNRESOLVED,,ABSTAIN - no decisive readout,0,0.0,1,,UNRESOLVED_no_grounded_patents,0.0,0.0,0.0,0,0,,,,False,False
CD20|BCL-2|CD123,MAB,UNRESOLVED,,ABSTAIN - no decisive readout,0,0.0,1,,UNRESOLVED_no_grounded_patents,0.0,0.0,0.0,0,0,,,,False,False
CD20|BCL-2|CD47,MAB,UNRESOLVED,,ABSTAIN - no decisive readout,0,0.0,1,,UNRESOLVED_no_grounded_patents,0.0,0.0,0.0,0,0,,,,False,False
CD20|BCL-2|EZH2,MAB,UNRESOLVED,,ABSTAIN - no decisive readout,0,0.0,1,,UNRESOLVED_no_grounded_patents,0.0,0.0,0.0,0,0,,,,False,False
CD20|BET|BRD4|CD47|SIRP-ALPHA,MAB,UNRESOLVED,,ABSTAIN - no decisive readout,0,0.0,1,,UNRESOLVED_no_grounded_patents,0.0,0.0,0.0,0,0,,,,False,False
CD20|BTK|CD19|CD22,CAR-T,UNRESOLVED,,ABSTAIN - no decisive readout,0,0.0,1,,UNRESOLVED_no_grounded_patents,0.0,0.0,0.0,0,0,,,,False,False
CD20|BTK|CD25,MAB,UNRESOLVED,,ABSTAIN - no decisive readout,0,0.0,1,,UNRESOLVED_no_grounded_patents,0.0,0.0,0.0,0,0,,,,False,False
CD20|CD123|CD3|CD33|CD70,MAB,UNRESOLVED,,ABSTAIN - no decisive readout,0,0.0,1,,UNRESOLVED_no_grounded_patents,0.0,0.0,0.0,0,0,,,,False,False
CD20|CD137|EGFR,MAB,UNRESOLVED,,ABSTAIN - no decisive readout,0,0.0,1,,UNRESOLVED_no_grounded_patents,0.0,0.0,0.0,0,0,,,,False,False
CD20|CD16,BISPECIFIC,UNRESOLVED,,ABSTAIN - no decisive readout,0,0.0,0,0.0,weighted_fto_deterministic,0.0,0.0,0.0,1,1,BISPECIFIC,WO2022258673A1,INNATE PHARMA,True,False
CD20|CD16,MAB,UNRESOLVED,,ABSTAIN - no decisive readout,0,0.0,2,,UNRESOLVED_no_grounded_patents,0.0,0.0,0.0,1,1,BISPECIFIC,WO2022258673A1,INNATE PHARMA,False,False
CD20|CD16|CD19|PD-L1,MAB,UNRESOLVED,,ABSTAIN - no decisive readout,0,0.0,1,,UNRESOLVED_no_grounded_patents,0.0,0.0,0.0,0,0,,,,False,False
CD20|CD19,BISPECIFIC,UNRESOLVED,,ABSTAIN - no decisive readout,0,0.0,1,,UNRESOLVED_no_grounded_patents,0.0,0.0,0.0,0,0,,,,False,False
CD20|CD19,CAR-T,UNRESOLVED,,ABSTAIN - no decisive readout,0,0.0,5,,UNRESOLVED_no_grounded_patents,0.0,0.0,0.0,0,0,,,,False,False
CD20|CD19|BTK,MAB,UNRESOLVED,,ABSTAIN - no decisive readout,0,0.0,1,,UNRESOLVED_no_grounded_patents,0.0,0.0,0.0,0,0,,,,False,False
CD20|CD22,CAR-T,UNRESOLVED,,ABSTAIN - no decisive readout,0,0.0,1,,UNRESOLVED_no_grounded_patents,0.0,0.0,0.0,0,0,,,,False,False
CD20|CD22-CALICHEAMICIN,BISPECIFIC,UNRESOLVED,,ABSTAIN - no decisive readout,0,0.0,0,0.0,weighted_fto_deterministic,0.0,0.0,0.0,1,1,BISPECIFIC,WO2025099489A1,LIGACHEM BIOSCIENCES INC.,True,False
CD20|CD22-DUOCARMYCIN,BISPECIFIC,UNRESOLVED,,ABSTAIN - no decisive readout,0,0.0,0,0.0,weighted_fto_deterministic,0.0,0.0,0.0,1,1,BISPECIFIC,WO2025099489A1,LIGACHEM BIOSCIENCES INC.,True,False
CD20|CD22-MAYTANSINOID,BISPECIFIC,UNRESOLVED,,ABSTAIN - no decisive readout,0,0.0,0,0.0,weighted_fto_deterministic,0.0,0.0,0.0,1,1,BISPECIFIC,WO2025099489A1,LIGACHEM BIOSCIENCES INC.,True,False
CD20|CD22-MMAE,BISPECIFIC,UNRESOLVED,,ABSTAIN - no decisive readout,0,0.0,0,0.0,weighted_fto_deterministic,0.0,0.0,0.0,1,1,BISPECIFIC,WO2025099489A1,LIGACHEM BIOSCIENCES INC.,True,False
CD20|CD22-MMAF,BISPECIFIC,UNRESOLVED,,ABSTAIN - no decisive readout,0,0.0,0,0.0,weighted_fto_deterministic,0.0,0.0,0.0,1,1,BISPECIFIC,WO2025099489A1,LIGACHEM BIOSCIENCES INC.,True,False
CD20|CD22-PBD,BISPECIFIC,UNRESOLVED,,ABSTAIN - no decisive readout,0,0.0,0,0.0,weighted_fto_deterministic,0.0,0.0,0.0,1,1,BISPECIFIC,WO2025099489A1,LIGACHEM BIOSCIENCES INC.,True,False
CD20|CD22-TOP1I,BISPECIFIC,UNRESOLVED,,ABSTAIN - no decisive readout,0,0.0,0,0.0,weighted_fto_deterministic,0.0,0.0,0.0,1,1,BISPECIFIC,WO2025099489A1,LIGACHEM BIOSCIENCES INC.,True,False
CD20|CD22|CD25,MAB,UNRESOLVED,,ABSTAIN - no decisive readout,0,0.0,1,,UNRESOLVED_no_grounded_patents,0.0,0.0,0.0,0,0,,,,False,False
CD20|CD25,CAR-T,UNRESOLVED,,ABSTAIN - no decisive readout,0,0.0,1,,UNRESOLVED_no_grounded_patents,0.0,0.0,0.0,0,0,,,,False,False
CD20|CD25,MAB,UNRESOLVED,,ABSTAIN - no decisive readout,0,0.0,2,,UNRESOLVED_no_grounded_patents,0.0,0.0,0.0,0,0,,,,False,False
CD20|CD25,UNCLASSIFIED,UNRESOLVED,,ABSTAIN - no decisive readout,0,0.0,1,,UNRESOLVED_no_grounded_patents,0.0,0.0,0.0,0,0,,,,False,False
CD20|CD28,UNCLASSIFIED,UNRESOLVED,,ABSTAIN - no decisive readout,0,0.0,1,,UNRESOLVED_no_grounded_patents,0.0,0.0,0.0,0,0,,,,False,False
CD20|CD3,BITE,UNRESOLVED,,ABSTAIN - no decisive readout,0,0.0,0,0.615,weighted_fto_deterministic,0.615,0.0,0.0,17,30,BISPECIFIC|BITE,WO2026103449A1,"NANJING PROBIO BIOTECH CO., LTD.",True,False
CD20|CD3,MAB,UNRESOLVED,,ABSTAIN - no decisive readout,0,0.0,7,,UNRESOLVED_no_grounded_patents,0.615,0.0,0.0,17,30,BISPECIFIC|BITE,WO2026103449A1,"NANJING PROBIO BIOTECH CO., LTD.",False,False
CD20|CD3-DOXORUBICIN,BISPECIFIC,UNRESOLVED,,ABSTAIN - no decisive readout,0,0.0,0,0.151,weighted_fto_deterministic,0.151,0.167,0.0,2,2,BISPECIFIC,WO2022228705A1,F. HOFFMANN-LA ROCHE AG,True,False
CD20|CD3-MMAE,BISPECIFIC,UNRESOLVED,,ABSTAIN - no decisive readout,0,0.0,0,0.151,weighted_fto_deterministic,0.151,0.167,0.0,2,2,BISPECIFIC,WO2022228705A1,F. HOFFMANN-LA ROCHE AG,True,False
CD20|CD30,CAR-T,UNRESOLVED,,ABSTAIN - no decisive readout,0,0.0,2,,UNRESOLVED_no_grounded_patents,0.0,0.0,0.0,0,0,,,,False,False
CD20|CD3|BCL-2,BISPECIFIC,UNRESOLVED,,ABSTAIN - no decisive readout,0,0.0,6,,UNRESOLVED_no_grounded_patents,0.0,0.0,0.0,0,0,,,,False,False
CD20|CD3|BCL-2|BTK,BISPECIFIC,UNRESOLVED,,ABSTAIN - no decisive readout,0,0.0,2,,UNRESOLVED_no_grounded_patents,0.0,0.0,0.0,0,0,,,,False,False
CD20|CD3|BCL-2|BTK|CD19|PD-1,BISPECIFIC,UNRESOLVED,,ABSTAIN - no decisive readout,0,0.0,1,,UNRESOLVED_no_grounded_patents,0.0,0.0,0.0,0,0,,,,False,False
CD20|CD3|BCL-2|BTK|CLL-1,BISPECIFIC,UNRESOLVED,,ABSTAIN - no decisive readout,0,0.0,1,,UNRESOLVED_no_grounded_patents,0.0,0.0,0.0,0,0,,,,False,False
CD20|CD3|BTK,BISPECIFIC,UNRESOLVED,,ABSTAIN - no decisive readout,0,0.0,9,,UNRESOLVED_no_grounded_patents,0.0,0.0,0.0,0,0,,,,False,False
CD20|CD3|BTK|CD123|CD79B,MAB,UNRESOLVED,,ABSTAIN - no decisive readout,0,0.0,1,,UNRESOLVED_no_grounded_patents,0.0,0.0,0.0,0,0,,,,False,False
CD20|CD3|CD137|CD19,BISPECIFIC,UNRESOLVED,,ABSTAIN - no decisive readout,0,0.0,1,,UNRESOLVED_no_grounded_patents,0.0,0.0,0.0,0,0,,,,False,False
CD20|CD3|CD19,BISPECIFIC,UNRESOLVED,,ABSTAIN - no decisive readout,0,0.0,3,,UNRESOLVED_no_grounded_patents,0.0,0.0,0.0,0,0,,,,False,False
CD20|CD3|CD22|CD28,BISPECIFIC,UNRESOLVED,,ABSTAIN - no decisive readout,0,0.0,1,,UNRESOLVED_no_grounded_patents,0.0,0.0,0.0,0,0,,,,False,False
CD20|CD3|CD79B,ADC,UNRESOLVED,,ABSTAIN - no decisive readout,0,0.0,1,,UNRESOLVED_no_grounded_patents,0.0,0.0,0.0,0,0,,,,False,False
CD20|CD3|CD79B,BISPECIFIC,UNRESOLVED,,ABSTAIN - no decisive readout,0,0.0,1,,UNRESOLVED_no_grounded_patents,0.0,0.0,0.0,0,0,,,,False,False
CD20|CD3|CRBN,BISPECIFIC,UNRESOLVED,,ABSTAIN - no decisive readout,0,0.0,1,,UNRESOLVED_no_grounded_patents,0.0,0.0,0.0,0,0,,,,False,False
CD20|CD3|PD-1,BISPECIFIC,UNRESOLVED,,ABSTAIN - no decisive readout,0,0.0,2,,UNRESOLVED_no_grounded_patents,0.0,0.0,0.0,0,0,,,,False,False
CD20|CD3|ROR1,BISPECIFIC,UNRESOLVED,,ABSTAIN - no decisive readout,0,0.0,1,,UNRESOLVED_no_grounded_patents,0.0,0.0,0.0,0,0,,,,False,False
CD20|CD40,BISPECIFIC,UNRESOLVED,,ABSTAIN - no decisive readout,0,0.0,0,0.0,weighted_fto_deterministic,0.0,0.0,0.0,1,1,BISPECIFIC,WO2014076292A1,BALIOPHARM AG,True,False
CD20|CD47,MAB,UNRESOLVED,,ABSTAIN - no decisive readout,0,0.0,1,,UNRESOLVED_no_grounded_patents,0.0,0.0,0.0,0,0,,,,False,False
CD20|CD47|SIRP-ALPHA,BISPECIFIC,UNRESOLVED,,ABSTAIN - no decisive readout,0,0.0,1,,UNRESOLVED_no_grounded_patents,0.0,0.0,0.0,0,0,,,,False,False
CD20|CD47|SIRP-ALPHA,UNCLASSIFIED,UNRESOLVED,,ABSTAIN - no decisive readout,0,0.0,2,,UNRESOLVED_no_grounded_patents,0.0,0.0,0.0,0,0,,,,False,False
CD20|CD70,MAB,UNRESOLVED,,ABSTAIN - no decisive readout,0,0.0,1,,UNRESOLVED_no_grounded_patents,0.0,0.0,0.0,0,0,,,,False,False
CD20|CEA|CD3|CD137|CEACAM5|FAP,BISPECIFIC,UNRESOLVED,,ABSTAIN - no decisive readout,0,0.0,1,,UNRESOLVED_no_grounded_patents,0.0,0.0,0.0,0,0,,,,False,False
CD20|CLL-1,MAB,UNRESOLVED,,ABSTAIN - no decisive readout,0,0.0,2,,UNRESOLVED_no_grounded_patents,0.0,0.0,0.0,0,0,,,,False,False
CD20|CTLA-4,UNCLASSIFIED,UNRESOLVED,,ABSTAIN - no decisive readout,0,0.0,1,,UNRESOLVED_no_grounded_patents,0.0,0.0,0.0,0,0,,,,False,False
CD20|GD2,CAR-T,UNRESOLVED,,ABSTAIN - no decisive readout,0,0.0,1,,UNRESOLVED_no_grounded_patents,0.0,0.0,0.0,0,0,,,,False,False
CD20|LAG-3|PD-1|TIGIT,UNCLASSIFIED,UNRESOLVED,,ABSTAIN - no decisive readout,0,0.0,1,,UNRESOLVED_no_grounded_patents,0.0,0.0,0.0,0,0,,,,False,False
CD20|PD-1,MAB,UNRESOLVED,,ABSTAIN - no decisive readout,0,0.0,4,,UNRESOLVED_no_grounded_patents,0.0,0.0,0.0,0,0,,,,False,False
CD20|PD-1|PD-L1,MAB,UNRESOLVED,,ABSTAIN - no decisive readout,0,0.0,3,,UNRESOLVED_no_grounded_patents,0.0,0.0,0.0,0,0,,,,False,False
CD20|PD-L1|5T4|HER2,MAB,UNRESOLVED,,ABSTAIN - no decisive readout,0,0.0,1,,UNRESOLVED_no_grounded_patents,0.0,0.0,0.0,0,0,,,,False,False
CD20|PD-L1|BTK,MAB,UNRESOLVED,,ABSTAIN - no decisive readout,0,0.0,1,,UNRESOLVED_no_grounded_patents,0.0,0.0,0.0,0,0,,,,False,False
CD20|ROR1,ADC,UNRESOLVED,,ABSTAIN - no decisive readout,0,0.0,1,,UNRESOLVED_no_grounded_patents,0.0,0.0,0.0,0,0,,,,False,False
CD20|TFR1,BISPECIFIC,UNRESOLVED,,ABSTAIN - no decisive readout,0,0.0,0,0.0,weighted_fto_deterministic,0.0,0.0,0.0,1,1,BISPECIFIC,WO2017055542A1,F. HOFFMANN-LA ROCHE AG,True,False
CD22-CALICHEAMICIN,ADC,UNRESOLVED,,ABSTAIN - no decisive readout,0,0.0,1,,UNRESOLVED_no_grounded_patents,0.0,0.0,0.0,0,0,,,,False,False
CD22-EXATECAN,ADC,UNRESOLVED,,ABSTAIN - no decisive readout,0,0.0,2,,UNRESOLVED_no_grounded_patents,0.0,0.0,0.0,0,0,,,,False,False
CD228,MAB,UNRESOLVED,,ABSTAIN - no decisive readout,0,0.0,0,0.167,weighted_fto_deterministic,0.151,0.334,0.0,2,4,MAB,WO2024064714A2,SEAGEN INC.,True,False
CD22|CD137,BISPECIFIC,UNRESOLVED,,ABSTAIN - no decisive readout,0,0.0,0,0.0,weighted_fto_deterministic,0.0,0.0,0.0,1,1,BISPECIFIC,WO2026096597A1,"REGENERON PHARMACEUTICALS, INC.",True,False
CD22|CD19|CD3,ADC,UNRESOLVED,,ABSTAIN - no decisive readout,0,0.0,1,,UNRESOLVED_no_grounded_patents,0.0,0.0,0.0,0,0,,,,False,False
CD22|CD19|CD3,BISPECIFIC,UNRESOLVED,,ABSTAIN - no decisive readout,0,0.0,2,,UNRESOLVED_no_grounded_patents,0.0,0.0,0.0,0,0,,,,False,False
CD22|CD19|CD3|CD20,BISPECIFIC,UNRESOLVED,,ABSTAIN - no decisive readout,0,0.0,1,,UNRESOLVED_no_grounded_patents,0.0,0.0,0.0,0,0,,,,False,False
CD22|CD19|CD3|CD20|BCL-2,MAB,UNRESOLVED,,ABSTAIN - no decisive readout,0,0.0,1,,UNRESOLVED_no_grounded_patents,0.0,0.0,0.0,0,0,,,,False,False
CD22|CD19|CD3|TCR,BISPECIFIC,UNRESOLVED,,ABSTAIN - no decisive readout,0,0.0,1,,UNRESOLVED_no_grounded_patents,0.0,0.0,0.0,0,0,,,,False,False
CD22|CD28,BISPECIFIC,UNRESOLVED,,ABSTAIN - no decisive readout,0,0.0,0,0.239,weighted_fto_deterministic,0.239,0.265,0.0,3,3,BISPECIFIC,WO2024191983A1,"REGENERON PHARMACEUTICALS, INC.",True,False
CD22|CD28,UNCLASSIFIED,UNRESOLVED,,ABSTAIN - no decisive readout,0,0.0,1,,UNRESOLVED_no_grounded_patents,0.239,0.0,0.0,3,3,BISPECIFIC,WO2024191983A1,"REGENERON PHARMACEUTICALS, INC.",False,False
CD22|CD3,BISPECIFIC,UNRESOLVED,,ABSTAIN - no decisive readout,0,0.0,2,0.042,weighted_fto_deterministic,0.0,0.167,0.0,1,2,BISPECIFIC,WO2024243093A2,THE REGENTS OF THE UNIVERSITY OF CALIFORNIA,True,False
CD22|CD79B,BISPECIFIC,UNRESOLVED,,ABSTAIN - no decisive readout,0,0.0,0,0.0,weighted_fto_deterministic,0.0,0.0,0.0,1,1,BISPECIFIC,WO2022201052A1,"JANSSEN BIOTECH, INC.",True,False
CD22|PD-L1,CAR-T,UNRESOLVED,,ABSTAIN - no decisive readout,0,0.0,1,,UNRESOLVED_no_grounded_patents,0.0,0.0,0.0,0,0,,,,False,False
CD24,BISPECIFIC,UNRESOLVED,,ABSTAIN - no decisive readout,0,0.0,0,0.389,weighted_fto_deterministic,0.389,0.0,0.0,6,16,BISPECIFIC|MAB,WO2025151423A1,"ONCOC4, INC.",True,False
CD24,MAB,UNRESOLVED,,ABSTAIN - no decisive readout,0,0.0,0,0.389,weighted_fto_deterministic,0.389,0.653,0.0,6,16,BISPECIFIC|MAB,WO2025151423A1,"ONCOC4, INC.",True,False
CD24|CD3,BISPECIFIC,UNRESOLVED,,ABSTAIN - no decisive readout,0,0.0,1,0.0,weighted_fto_deterministic,0.0,0.0,0.0,0,1,BISPECIFIC,WO2026025059A1,UNIVERSITY OF VIRGINIA PATENT FOUNDATION,True,False
CD24|CD47,BISPECIFIC,UNRESOLVED,,ABSTAIN - no decisive readout,0,0.0,0,0.0,weighted_fto_deterministic,0.0,0.0,0.0,1,1,BISPECIFIC,WO2025218729A1,"TJ BIOPHARMA (SHANGHAI) CO., LTD.",True,False
CD24|CD47,MAB,UNRESOLVED,,ABSTAIN - no decisive readout,0,0.0,1,,UNRESOLVED_no_grounded_patents,0.0,0.0,0.0,1,1,BISPECIFIC,WO2025218729A1,"TJ BIOPHARMA (SHANGHAI) CO., LTD.",False,False
CD25,ADC,UNRESOLVED,,ABSTAIN - no decisive readout,0,0.0,0,0.573,weighted_fto_deterministic,0.573,0.265,0.232,14,27,ADC|MAB,WO2026002198A1,"BIO-THERA SOLUTIONS, LTD.",True,False
CD25|CTLA-4,BISPECIFIC,UNRESOLVED,,ABSTAIN - no decisive readout,0,0.0,0,0.0,weighted_fto_deterministic,0.0,0.0,0.0,1,1,BISPECIFIC,WO2023245021A2,INVENRA INC.,True,False
CD25|CTLA-4,MAB,UNRESOLVED,,ABSTAIN - no decisive readout,0,0.0,1,,UNRESOLVED_no_grounded_patents,0.0,0.0,0.0,1,1,BISPECIFIC,WO2023245021A2,INVENRA INC.,False,False
CD25|CTLA-4,UNCLASSIFIED,UNRESOLVED,,ABSTAIN - no decisive readout,0,0.0,1,,UNRESOLVED_no_grounded_patents,0.0,0.0,0.0,1,1,BISPECIFIC,WO2023245021A2,INVENRA INC.,False,False
CD25|ER,UNCLASSIFIED,UNRESOLVED,,ABSTAIN - no decisive readout,0,0.0,1,,UNRESOLVED_no_grounded_patents,0.0,0.0,0.0,0,0,,,,False,False
CD25|PD-1,UNCLASSIFIED,UNRESOLVED,,ABSTAIN - no decisive readout,0,0.0,1,,UNRESOLVED_no_grounded_patents,0.0,0.0,0.0,0,0,,,,False,False
CD25|PD-1|PD-L1,BISPECIFIC,UNRESOLVED,,ABSTAIN - no decisive readout,0,0.0,1,,UNRESOLVED_no_grounded_patents,0.0,0.0,0.0,0,0,,,,False,False
CD25|PD-1|PD-L1|TIM-3,UNCLASSIFIED,UNRESOLVED,,ABSTAIN - no decisive readout,0,0.0,1,,UNRESOLVED_no_grounded_patents,0.0,0.0,0.0,0,0,,,,False,False
CD25|PD-1|TIGIT,CAR-T,UNRESOLVED,,ABSTAIN - no decisive readout,0,0.0,1,,UNRESOLVED_no_grounded_patents,0.0,0.0,0.0,0,0,,,,False,False
CD25|PD-L1,BISPECIFIC,UNRESOLVED,,ABSTAIN - no decisive readout,0,0.0,0,0.0,weighted_fto_deterministic,0.0,0.0,0.0,0,1,BISPECIFIC,WO2017174331A1,CANCER RESEARCH TECHNOLOGY LIMITED,True,False
CD25|VEGF,UNCLASSIFIED,UNRESOLVED,,ABSTAIN - no decisive readout,0,0.0,1,,UNRESOLVED_no_grounded_patents,0.0,0.0,0.0,0,0,,,,False,False
CD26,MAB,UNRESOLVED,,ABSTAIN - no decisive readout,0,0.0,1,0.097,weighted_fto_deterministic,0.0,0.388,0.0,1,5,MAB,WO2024213085A1,"ZONHON BIOPHARMA INSTITUTE, INC.",True,False
CD27,MAB,UNRESOLVED,,ABSTAIN - no decisive readout,0,0.0,0,0.301,weighted_fto_deterministic,0.301,0.469,0.0,4,7,MAB,WO2025188553A1,MERCK SHARP & DOHME LLC,True,False
CD27|PD-L1,BISPECIFIC,UNRESOLVED,,ABSTAIN - no decisive readout,0,0.0,0,0.0,weighted_fto_deterministic,0.0,0.0,0.0,1,1,BISPECIFIC,WO2019204462A2,"CELLDEX THERAPEUTICS, INC.",True,False
CD28,BISPECIFIC,UNRESOLVED,,ABSTAIN - no decisive readout,0,0.0,0,0.389,weighted_fto_deterministic,0.389,0.0,0.0,6,7,BISPECIFIC|MAB,WO2026055433A1,REGENTS OF THE UNIVERSITY OF MINNESOTA,True,False
CD28,MAB,UNRESOLVED,,ABSTAIN - no decisive readout,0,0.0,0,0.389,weighted_fto_deterministic,0.389,0.432,0.0,6,7,BISPECIFIC|MAB,WO2026055433A1,REGENTS OF THE UNIVERSITY OF MINNESOTA,True,False
CD28|CD3,BISPECIFIC,UNRESOLVED,,ABSTAIN - no decisive readout,0,0.0,1,0.0,weighted_fto_deterministic,0.0,0.0,0.0,1,1,BISPECIFIC,WO2026097087A1,"CROSSBOW THERAPEUTICS, INC.",True,False
CD28|CD30,UNCLASSIFIED,UNRESOLVED,,ABSTAIN - no decisive readout,0,0.0,1,,UNRESOLVED_no_grounded_patents,0.0,0.0,0.0,0,0,,,,False,False
CD28|CD3|PSMA,BISPECIFIC,UNRESOLVED,,ABSTAIN - no decisive readout,0,0.0,1,,UNRESOLVED_no_grounded_patents,0.0,0.0,0.0,0,0,,,,False,False
CD28|CEA,BISPECIFIC,UNRESOLVED,,ABSTAIN - no decisive readout,0,0.0,0,0.0,weighted_fto_deterministic,0.0,0.0,0.0,1,1,BISPECIFIC,WO2023170474A1,NOVIMMUNE SA,True,False
CD28|CRBN|PD-1,UNCLASSIFIED,UNRESOLVED,,ABSTAIN - no decisive readout,0,0.0,1,,UNRESOLVED_no_grounded_patents,0.0,0.0,0.0,0,0,,,,False,False
CD28|DLL3,UNCLASSIFIED,UNRESOLVED,,ABSTAIN - no decisive readout,0,0.0,1,,UNRESOLVED_no_grounded_patents,0.0,0.0,0.0,0,0,,,,False,False
CD28|NECTIN4,BISPECIFIC,UNRESOLVED,,ABSTAIN - no decisive readout,0,0.0,1,,UNRESOLVED_no_grounded_patents,0.0,0.0,0.0,0,0,,,,False,False
CD28|PD-1|PD-L1,UNCLASSIFIED,UNRESOLVED,,ABSTAIN - no decisive readout,0,0.0,1,,UNRESOLVED_no_grounded_patents,0.0,0.0,0.0,0,0,,,,False,False
CD28|PD-1|TCR,MAB,UNRESOLVED,,ABSTAIN - no decisive readout,0,0.0,1,,UNRESOLVED_no_grounded_patents,0.0,0.0,0.0,0,0,,,,False,False
CD28|PD-1|TCR,UNCLASSIFIED,UNRESOLVED,,ABSTAIN - no decisive readout,0,0.0,1,,UNRESOLVED_no_grounded_patents,0.0,0.0,0.0,0,0,,,,False,False
CD3,BITE,UNRESOLVED,,ABSTAIN - no decisive readout,0,0.0,3,,UNRESOLVED_no_grounded_patents,0.746,0.0,0.0,31,44,BISPECIFIC|MAB,WO2026006494A1,"ALLOY THERAPEUTICS, INC.",False,False
CD30-AMANITIN,ADC,UNRESOLVED,,ABSTAIN - no decisive readout,0,0.0,0,0.0,weighted_fto_deterministic,0.0,0.0,0.0,0,1,ADC,WO2022136555A1,LUDWIG-MAXIMILIANS-UNIVERSITAET MUENCHEN,True,False
CD30-DOXORUBICIN,ADC,UNRESOLVED,,ABSTAIN - no decisive readout,0,0.0,0,0.066,weighted_fto_deterministic,0.0,0.265,0.0,1,3,ADC,WO2021062122A1,SEAGEN INC.,True,False
CD30-DUOCARMYCIN,ADC,UNRESOLVED,,ABSTAIN - no decisive readout,0,0.0,0,0.0,weighted_fto_deterministic,0.0,0.0,0.0,0,1,ADC,WO2022136555A1,LUDWIG-MAXIMILIANS-UNIVERSITAET MUENCHEN,True,False
CD30-MAYTANSINOID,ADC,UNRESOLVED,,ABSTAIN - no decisive readout,0,0.0,0,0.0,weighted_fto_deterministic,0.0,0.0,0.0,0,1,ADC,WO2022136555A1,LUDWIG-MAXIMILIANS-UNIVERSITAET MUENCHEN,True,False
CD30-PBD,ADC,UNRESOLVED,,ABSTAIN - no decisive readout,0,0.0,0,0.0,weighted_fto_deterministic,0.0,0.0,0.0,0,1,ADC,WO2022136555A1,LUDWIG-MAXIMILIANS-UNIVERSITAET MUENCHEN,True,False
CD30-TOP1I,ADC,UNRESOLVED,,ABSTAIN - no decisive readout,0,0.0,0,0.0,weighted_fto_deterministic,0.0,0.0,0.0,0,1,ADC,WO2022136555A1,LUDWIG-MAXIMILIANS-UNIVERSITAET MUENCHEN,True,False
CD30-TUBULYSIN,ADC,UNRESOLVED,,ABSTAIN - no decisive readout,0,0.0,0,0.0,weighted_fto_deterministic,0.0,0.0,0.0,0,1,ADC,WO2022136555A1,LUDWIG-MAXIMILIANS-UNIVERSITAET MUENCHEN,True,False
CD300C,MAB,UNRESOLVED,,ABSTAIN - no decisive readout,0,0.0,0,0.066,weighted_fto_deterministic,0.0,0.265,0.0,0,3,MAB,WO2022240260A1,"CENTRICSBIO, INC.",True,False
CD30|ALK|MET,ADC,UNRESOLVED,,ABSTAIN - no decisive readout,0,0.0,1,,UNRESOLVED_no_grounded_patents,0.0,0.0,0.0,0,0,,,,False,False
CD30|BTK,ADC,UNRESOLVED,,ABSTAIN - no decisive readout,0,0.0,1,,UNRESOLVED_no_grounded_patents,0.0,0.0,0.0,0,0,,,,False,False
CD30|CD3,BISPECIFIC,UNRESOLVED,,ABSTAIN - no decisive readout,0,0.0,0,0.0,weighted_fto_deterministic,0.0,0.0,0.0,1,1,BISPECIFIC,WO2020068774A1,"THE MEDICAL COLLEGE OF WISCONSIN, INC.",True,False
CD30|CD70,MAB,UNRESOLVED,,ABSTAIN - no decisive readout,0,0.0,1,,UNRESOLVED_no_grounded_patents,0.0,0.0,0.0,0,0,,,,False,False
CD30|CTLA-4|PD-1,ADC,UNRESOLVED,,ABSTAIN - no decisive readout,0,0.0,1,,UNRESOLVED_no_grounded_patents,0.0,0.0,0.0,0,0,,,,False,False
CD30|MESOTHELIN,CAR-T,UNRESOLVED,,ABSTAIN - no decisive readout,0,0.0,1,,UNRESOLVED_no_grounded_patents,0.0,0.0,0.0,0,0,,,,False,False
CD30|PD-1|ALK,ADC,UNRESOLVED,,ABSTAIN - no decisive readout,0,0.0,1,,UNRESOLVED_no_grounded_patents,0.0,0.0,0.0,0,0,,,,False,False
CD30|PD-1|CD20,ADC,UNRESOLVED,,ABSTAIN - no decisive readout,0,0.0,1,,UNRESOLVED_no_grounded_patents,0.0,0.0,0.0,0,0,,,,False,False
CD30|PD-1|PD-L1,UNCLASSIFIED,UNRESOLVED,,ABSTAIN - no decisive readout,0,0.0,1,,UNRESOLVED_no_grounded_patents,0.0,0.0,0.0,0,0,,,,False,False
CD32B,MAB,UNRESOLVED,,ABSTAIN - no decisive readout,0,0.0,0,0.0,weighted_fto_deterministic,0.0,0.0,0.0,1,1,MAB,WO2019081983A1,NOVARTIS AG,True,False
CD32B|CD79B,BISPECIFIC,UNRESOLVED,,ABSTAIN - no decisive readout,0,0.0,0,0.0,weighted_fto_deterministic,0.0,0.0,0.0,1,1,BISPECIFIC,WO2015021089A1,"MACROGENICS, INC.",True,False
CD33,UNCLASSIFIED,UNRESOLVED,,ABSTAIN - no decisive readout,0,0.0,7,,UNRESOLVED_no_grounded_patents,0.5,0.0,0.0,10,13,MAB,WO2023137335A2,"ACTINIUM PHARMACEUTICALS, INC.",False,False
CD33-PBD,ADC,UNRESOLVED,,ABSTAIN - no decisive readout,0,0.0,0,0.042,weighted_fto_deterministic,0.0,0.167,0.0,0,2,ADC,WO2017210621A1,"SEATTLE GENETICS, INC.",True,False
CD33|BCL-2,ADC,UNRESOLVED,,ABSTAIN - no decisive readout,0,0.0,1,,UNRESOLVED_no_grounded_patents,0.0,0.0,0.0,0,0,,,,False,False
CD33|BCL-2,MAB,UNRESOLVED,,ABSTAIN - no decisive readout,0,0.0,1,,UNRESOLVED_no_grounded_patents,0.0,0.0,0.0,0,0,,,,False,False
CD33|CD3,BISPECIFIC,UNRESOLVED,,ABSTAIN - no decisive readout,0,0.0,0,0.301,weighted_fto_deterministic,0.301,0.334,0.0,4,4,BISPECIFIC,WO2021243320A2,AMGEN INC.,True,False
CD33|CLL-1|NKG2D,CAR-T,UNRESOLVED,,ABSTAIN - no decisive readout,0,0.0,1,,UNRESOLVED_no_grounded_patents,0.0,0.0,0.0,0,0,,,,False,False
CD33|NKG2D,BISPECIFIC,UNRESOLVED,,ABSTAIN - no decisive readout,0,0.0,0,0.0,weighted_fto_deterministic,0.0,0.0,0.0,1,1,BISPECIFIC,WO2019164930A1,"DRAGONFLY THERAPEUTICS, INC.",True,False
CD33|PD-L1|BCL-2,MAB,UNRESOLVED,,ABSTAIN - no decisive readout,0,0.0,1,,UNRESOLVED_no_grounded_patents,0.0,0.0,0.0,0,0,,,,False,False
CD33|TCR,BISPECIFIC,UNRESOLVED,,ABSTAIN - no decisive readout,0,0.0,0,0.0,weighted_fto_deterministic,0.0,0.0,0.0,1,1,BISPECIFIC,WO2023037333A1,"JANSSEN BIOTECH, INC",True,False
CD36,MAB,UNRESOLVED,,ABSTAIN - no decisive readout,0,0.0,0,0.042,weighted_fto_deterministic,0.0,0.167,0.0,1,2,MAB,WO2025212657A1,PILATUS BIOSCIENCES S.A.,True,False
CD37,MAB,UNRESOLVED,,ABSTAIN - no decisive readout,0,0.0,0,0.042,weighted_fto_deterministic,0.0,0.167,0.0,1,2,MAB,WO2017118745A1,OSLO UNIVERSITETSSYKEHUS HF,True,False
CD38,BISPECIFIC,UNRESOLVED,,ABSTAIN - no decisive readout,0,0.0,0,0.588,weighted_fto_deterministic,0.588,0.0,0.0,15,26,BISPECIFIC|MAB,WO2025229158A1,COMMIT BIOLOGICS APS,True,False
CD38-MMAF,ADC,UNRESOLVED,,ABSTAIN - no decisive readout,0,0.0,1,,UNRESOLVED_no_grounded_patents,0.0,0.0,0.0,0,0,,,,False,False
CD38|BCMA,MAB,UNRESOLVED,,ABSTAIN - no decisive readout,0,0.0,5,,UNRESOLVED_no_grounded_patents,0.0,0.0,0.0,0,0,,,,False,False
CD38|BCMA|CD16,MAB,UNRESOLVED,,ABSTAIN - no decisive readout,0,0.0,1,,UNRESOLVED_no_grounded_patents,0.0,0.0,0.0,0,0,,,,False,False
CD38|BCMA|CD19,MAB,UNRESOLVED,,ABSTAIN - no decisive readout,0,0.0,1,,UNRESOLVED_no_grounded_patents,0.0,0.0,0.0,0,0,,,,False,False
CD38|BCMA|CD3,BISPECIFIC,UNRESOLVED,,ABSTAIN - no decisive readout,0,0.0,7,,UNRESOLVED_no_grounded_patents,0.0,0.0,0.0,0,0,,,,False,False
CD38|BCMA|CD3,MAB,UNRESOLVED,,ABSTAIN - no decisive readout,0,0.0,2,,UNRESOLVED_no_grounded_patents,0.0,0.0,0.0,0,0,,,,False,False
CD38|BCMA|CD3|GPRC5D,BISPECIFIC,UNRESOLVED,,ABSTAIN - no decisive readout,0,0.0,2,,UNRESOLVED_no_grounded_patents,0.0,0.0,0.0,0,0,,,,False,False
CD38|BET|BRD4,MAB,UNRESOLVED,,ABSTAIN - no decisive readout,0,0.0,1,,UNRESOLVED_no_grounded_patents,0.0,0.0,0.0,0,0,,,,False,False
CD38|CD137,BISPECIFIC,UNRESOLVED,,ABSTAIN - no decisive readout,0,0.0,0,0.0,weighted_fto_deterministic,0.0,0.0,0.0,1,1,BISPECIFIC,WO2023225098A1,"REGENERON PHARMACEUTICALS, INC.",True,False
CD38|CD28,BISPECIFIC,UNRESOLVED,,ABSTAIN - no decisive readout,0,0.0,0,0.0,weighted_fto_deterministic,0.0,0.0,0.0,1,1,BISPECIFIC,WO2022061098A1,"REGENERON PHARMACEUTICALS, INC.",True,False
CD38|CD3,BISPECIFIC,UNRESOLVED,,ABSTAIN - no decisive readout,0,0.0,1,0.389,weighted_fto_deterministic,0.389,0.469,0.232,6,7,BISPECIFIC,WO2026085173A1,"THIRD ARC BIO, INC.",True,False
CD38|CD47|SIRP-ALPHA,MAB,UNRESOLVED,,ABSTAIN - no decisive readout,0,0.0,1,,UNRESOLVED_no_grounded_patents,0.0,0.0,0.0,0,0,,,,False,False
CD38|CRBN,MAB,UNRESOLVED,,ABSTAIN - no decisive readout,0,0.0,3,,UNRESOLVED_no_grounded_patents,0.0,0.0,0.0,0,0,,,,False,False
CD38|CTLA-4|PD-1,MAB,UNRESOLVED,,ABSTAIN - no decisive readout,0,0.0,1,,UNRESOLVED_no_grounded_patents,0.0,0.0,0.0,0,0,,,,False,False
CD38|EPCAM,BISPECIFIC,UNRESOLVED,,ABSTAIN - no decisive readout,0,0.0,0,0.0,weighted_fto_deterministic,0.0,0.0,0.0,1,1,BISPECIFIC,WO2021222595A2,"VIRTUOSO BINCO, INC.",True,False
CD38|FCRH5|CD3,MAB,UNRESOLVED,,ABSTAIN - no decisive readout,0,0.0,1,,UNRESOLVED_no_grounded_patents,0.0,0.0,0.0,0,0,,,,False,False
CD38|GPRC5D,MAB,UNRESOLVED,,ABSTAIN - no decisive readout,0,0.0,1,,UNRESOLVED_no_grounded_patents,0.0,0.0,0.0,0,0,,,,False,False
CD38|GPRC5D|CD3,BISPECIFIC,UNRESOLVED,,ABSTAIN - no decisive readout,0,0.0,2,,UNRESOLVED_no_grounded_patents,0.0,0.0,0.0,0,0,,,,False,False
CD38|MET,BISPECIFIC,UNRESOLVED,,ABSTAIN - no decisive readout,0,0.0,0,0.0,weighted_fto_deterministic,0.0,0.0,0.0,1,1,BISPECIFIC,WO2022271987A1,"TENEOFOUR, INC.",True,False
CD38|PD-1,MAB,UNRESOLVED,,ABSTAIN - no decisive readout,0,0.0,1,,UNRESOLVED_no_grounded_patents,0.0,0.0,0.0,0,0,,,,False,False
CD38|PD-1|KRAS,MAB,UNRESOLVED,,ABSTAIN - no decisive readout,0,0.0,1,,UNRESOLVED_no_grounded_patents,0.0,0.0,0.0,0,0,,,,False,False
CD38|TCR,BISPECIFIC,UNRESOLVED,,ABSTAIN - no decisive readout,0,0.0,0,0.171,weighted_fto_deterministic,0.151,0.167,0.232,2,2,BISPECIFIC,WO2021231975A1,"VIRTUOSO BINCO, INC.",True,False
CD38|VEGF,MAB,UNRESOLVED,,ABSTAIN - no decisive readout,0,0.0,1,,UNRESOLVED_no_grounded_patents,0.0,0.0,0.0,0,0,,,,False,False
CD39,MAB,UNRESOLVED,,ABSTAIN - no decisive readout,0,0.0,1,0.301,weighted_fto_deterministic,0.301,0.502,0.0,4,8,MAB,WO2024109585A1,GUANGDONG FAPON BIOPHARMA INC.,True,False
CD3|CD137,BISPECIFIC,UNRESOLVED,,ABSTAIN - no decisive readout,0,0.0,0,0.0,weighted_fto_deterministic,0.0,0.0,0.0,1,1,BISPECIFIC,WO2024188966A1,F. HOFFMANN-LA ROCHE AG,True,False
CD3|CD16,BISPECIFIC,UNRESOLVED,,ABSTAIN - no decisive readout,0,0.0,0,0.244,weighted_fto_deterministic,0.239,0.265,0.232,3,3,BISPECIFIC,WO2024137789A2,"BOARD OF REGENTS, THE UNIVERSITY OF TEXAS SYSTEM",True,False
CD3|CD2,BISPECIFIC,UNRESOLVED,,ABSTAIN - no decisive readout,0,0.0,0,0.0,weighted_fto_deterministic,0.0,0.0,0.0,1,1,BISPECIFIC,WO2025064885A1,"EVOLVEIMMUNE THERAPEUTICS, INC.",True,False
CD3|CD33|HER2,BISPECIFIC,UNRESOLVED,,ABSTAIN - no decisive readout,0,0.0,1,,UNRESOLVED_no_grounded_patents,0.0,0.0,0.0,0,0,,,,False,False
CD3|CDH17,BISPECIFIC,UNRESOLVED,,ABSTAIN - no decisive readout,0,0.0,1,,UNRESOLVED_no_grounded_patents,0.0,0.0,0.0,0,0,,,,False,False
CD3|CDH19,BISPECIFIC,UNRESOLVED,,ABSTAIN - no decisive readout,0,0.0,0,0.0,weighted_fto_deterministic,0.0,0.0,0.0,1,1,BISPECIFIC,WO2016016412A1,AMGEN RESEARCH (MUNICH) GMBH,True,False
CD3|CEA,BISPECIFIC,UNRESOLVED,,ABSTAIN - no decisive readout,0,0.0,1,,UNRESOLVED_no_grounded_patents,0.0,0.0,0.0,0,0,,,,False,False
CD3|CEA,BITE,UNRESOLVED,,ABSTAIN - no decisive readout,0,0.0,1,,UNRESOLVED_no_grounded_patents,0.0,0.0,0.0,0,0,,,,False,False
CD3|CEA|EPCAM|GPC3|MUC1,BISPECIFIC,UNRESOLVED,,ABSTAIN - no decisive readout,0,0.0,1,,UNRESOLVED_no_grounded_patents,0.0,0.0,0.0,0,0,,,,False,False
CD3|CLDN18.2,BISPECIFIC,UNRESOLVED,,ABSTAIN - no decisive readout,0,0.0,1,,UNRESOLVED_no_grounded_patents,0.0,0.0,0.0,0,0,,,,False,False
CD3|EGFR,UNCLASSIFIED,UNRESOLVED,,ABSTAIN - no decisive readout,0,0.0,1,,UNRESOLVED_no_grounded_patents,0.0,0.0,0.0,0,0,,,,False,False
CD3|ENPP3,BISPECIFIC,UNRESOLVED,,ABSTAIN - no decisive readout,0,0.0,1,,UNRESOLVED_no_grounded_patents,0.0,0.0,0.0,0,0,,,,False,False
CD3|EPCAM,BISPECIFIC,UNRESOLVED,,ABSTAIN - no decisive readout,0,0.0,6,,UNRESOLVED_no_grounded_patents,0.0,0.0,0.0,0,0,,,,False,False
CD3|EPCAM,BITE,UNRESOLVED,,ABSTAIN - no decisive readout,0,0.0,1,,UNRESOLVED_no_grounded_patents,0.0,0.0,0.0,0,0,,,,False,False
CD3|EPCAM,MAB,UNRESOLVED,,ABSTAIN - no decisive readout,0,0.0,1,,UNRESOLVED_no_grounded_patents,0.0,0.0,0.0,0,0,,,,False,False
CD3|FLT3,BISPECIFIC,UNRESOLVED,,ABSTAIN - no decisive readout,0,0.0,0,0.0,weighted_fto_deterministic,0.0,0.0,0.0,1,1,BISPECIFIC,WO2017021362A1,AMGEN RESEARCH (MUNICH) GMBH,True,False
CD3|GP120,BISPECIFIC,UNRESOLVED,,ABSTAIN - no decisive readout,0,0.0,0,0.0,weighted_fto_deterministic,0.0,0.0,0.0,1,1,BISPECIFIC,WO2018183139A1,MERCK SHARP & DOHME CORP.,True,False
CD3|GPC3,BISPECIFIC,UNRESOLVED,,ABSTAIN - no decisive readout,0,0.0,1,,UNRESOLVED_no_grounded_patents,0.0,0.0,0.0,0,0,,,,False,False
CD3|LILRB4,BISPECIFIC,UNRESOLVED,,ABSTAIN - no decisive readout,0,0.0,0,0.0,weighted_fto_deterministic,0.0,0.0,0.0,1,1,BISPECIFIC,WO2025119253A1,"ANTENGENE (HANGZHOU) BIOLOGICS CO., LTD.",True,False
CD3|PD-1,BISPECIFIC,UNRESOLVED,,ABSTAIN - no decisive readout,0,0.0,2,,UNRESOLVED_no_grounded_patents,0.0,0.0,0.0,0,0,,,,False,False
CD3|PD-L1,BITE,UNRESOLVED,,ABSTAIN - no decisive readout,0,0.0,1,,UNRESOLVED_no_grounded_patents,0.0,0.0,0.0,0,0,,,,False,False
CD3|PD-L1,OUT_OF_SCOPE,UNRESOLVED,,ABSTAIN - no decisive readout,0,0.0,1,,UNRESOLVED_no_grounded_patents,0.0,0.0,0.0,0,0,,,,False,False
CD3|PSMA,BISPECIFIC,UNRESOLVED,,ABSTAIN - no decisive readout,0,0.0,1,,UNRESOLVED_no_grounded_patents,0.0,0.0,0.0,0,0,,,,False,False
CD3|ROR1,BISPECIFIC,UNRESOLVED,,ABSTAIN - no decisive readout,0,0.0,1,,UNRESOLVED_no_grounded_patents,0.0,0.0,0.0,0,0,,,,False,False
CD3|TCR,BISPECIFIC,UNRESOLVED,,ABSTAIN - no decisive readout,0,0.0,0,0.301,weighted_fto_deterministic,0.301,0.388,0.0,4,5,BISPECIFIC,WO2024178202A2,"ADANATE, INC.",True,False
CD3|TCR,BITE,UNRESOLVED,,ABSTAIN - no decisive readout,0,0.0,1,,UNRESOLVED_no_grounded_patents,0.301,0.0,0.0,4,5,BISPECIFIC,WO2024178202A2,"ADANATE, INC.",False,False
CD3|TRKB,BISPECIFIC,UNRESOLVED,,ABSTAIN - no decisive readout,0,0.0,0,0.0,weighted_fto_deterministic,0.0,0.0,0.0,1,1,BISPECIFIC,WO2024081918A1,TALEM THERAPEUTICS LLC,True,False
CD4,MAB,UNRESOLVED,,ABSTAIN - no decisive readout,0,0.0,0,0.066,weighted_fto_deterministic,0.0,0.265,0.0,0,3,MAB,WO2019203497A1,NATIONAL CANCER CENTER,True,False
CD40,ADC,UNRESOLVED,,ABSTAIN - no decisive readout,0,0.0,1,,UNRESOLVED_no_grounded_patents,0.557,0.0,0.0,13,30,BISPECIFIC|MAB,WO2025031434A1,"LETO LABORATORIES CO., LTD.",False,False
CD40,BISPECIFIC,UNRESOLVED,,ABSTAIN - no decisive readout,0,0.0,0,0.557,weighted_fto_deterministic,0.557,0.167,0.0,13,30,BISPECIFIC|MAB,WO2025031434A1,"LETO LABORATORIES CO., LTD.",True,False
CD40,CAR-T,UNRESOLVED,,ABSTAIN - no decisive readout,0,0.0,1,,UNRESOLVED_no_grounded_patents,0.557,0.0,0.0,13,30,BISPECIFIC|MAB,WO2025031434A1,"LETO LABORATORIES CO., LTD.",False,False
CD40,UNCLASSIFIED,UNRESOLVED,,ABSTAIN - no decisive readout,0,0.0,9,,UNRESOLVED_no_grounded_patents,0.557,0.0,0.0,13,30,BISPECIFIC|MAB,WO2025031434A1,"LETO LABORATORIES CO., LTD.",False,False
CD40|CD137,BISPECIFIC,UNRESOLVED,,ABSTAIN - no decisive readout,0,0.0,0,0.042,weighted_fto_deterministic,0.0,0.167,0.0,1,2,BISPECIFIC,WO2024115725A1,BIONTECH SE,True,False
CD40|CD3,BISPECIFIC,UNRESOLVED,,ABSTAIN - no decisive readout,0,0.0,0,0.0,weighted_fto_deterministic,0.0,0.0,0.0,1,1,BISPECIFIC,WO2025184603A3,"REGENERON PHARMACEUTICALS, INC.",True,False
CD40|CLDN18.2,BISPECIFIC,UNRESOLVED,,ABSTAIN - no decisive readout,0,0.0,0,0.0,weighted_fto_deterministic,0.0,0.0,0.0,1,1,BISPECIFIC,WO2023155926A1,"CONCEPT TO MEDICINE BIOTECH CO., LTD.",True,False
CD40|FAP,BISPECIFIC,UNRESOLVED,,ABSTAIN - no decisive readout,0,0.0,0,0.0,weighted_fto_deterministic,0.0,0.0,0.0,1,1,BISPECIFIC,WO2025255349A1,BRISTOL-MYERS SQUIBB COMPANY,True,False
CD40|PD-1,UNCLASSIFIED,UNRESOLVED,,ABSTAIN - no decisive readout,0,0.0,1,,UNRESOLVED_no_grounded_patents,0.0,0.0,0.0,0,0,,,,False,False
CD40|PD-1|PD-L1,BISPECIFIC,UNRESOLVED,,ABSTAIN - no decisive readout,0,0.0,1,,UNRESOLVED_no_grounded_patents,0.0,0.0,0.0,0,0,,,,False,False
CD40|PD-L1,BISPECIFIC,UNRESOLVED,,ABSTAIN - no decisive readout,0,0.0,0,0.042,weighted_fto_deterministic,0.0,0.167,0.0,1,2,BISPECIFIC,WO2024041579A1,"BEIJING MABWORKS BIOTECH CO., LTD.",True,False
CD40|PD-L1,MAB,UNRESOLVED,,ABSTAIN - no decisive readout,0,0.0,1,,UNRESOLVED_no_grounded_patents,0.0,0.0,0.0,1,2,BISPECIFIC,WO2024041579A1,"BEIJING MABWORKS BIOTECH CO., LTD.",False,False
CD40|TCR,BISPECIFIC,UNRESOLVED,,ABSTAIN - no decisive readout,0,0.0,0,0.0,weighted_fto_deterministic,0.0,0.0,0.0,1,1,BISPECIFIC,WO2020159368A1,LAVA THERAPEUTICS B.V.,True,False
CD40|VISTA,BISPECIFIC,UNRESOLVED,,ABSTAIN - no decisive readout,0,0.0,0,0.0,weighted_fto_deterministic,0.0,0.0,0.0,0,1,BISPECIFIC,WO2020177321A1,BEIJING MABWORKS BIOTECH CO. LTD.,True,False
CD43,MAB,UNRESOLVED,,ABSTAIN - no decisive readout,0,0.0,0,0.0,weighted_fto_deterministic,0.0,0.0,0.0,1,1,MAB,WO2017065493A1,APROGEN KIC INC.,True,False
CD44,MAB,UNRESOLVED,,ABSTAIN - no decisive readout,0,0.0,0,0.389,weighted_fto_deterministic,0.389,0.502,0.0,6,8,MAB,WO2025099324A1,TIXAPHARM AG,True,False
CD45,MAB,UNRESOLVED,,ABSTAIN - no decisive readout,0,0.0,0,0.042,weighted_fto_deterministic,0.0,0.167,0.0,1,2,MAB,WO2023235772A2,FRED HUTCHINSON CANCER CENTER,True,False
CD45RC,MAB,UNRESOLVED,,ABSTAIN - no decisive readout,0,0.0,0,0.066,weighted_fto_deterministic,0.0,0.265,0.0,1,3,MAB,WO2020058495A1,INSERM (INSTITUT NATIONAL DE LA SANTÉ ET DE LA RECHERCHE MÉDICALE),True,False
CD46,MAB,UNRESOLVED,,ABSTAIN - no decisive readout,0,0.0,0,0.0,weighted_fto_deterministic,0.0,0.0,0.0,1,1,MAB,WO2018089807A2,THE REGENTS OF THE UNIVERSITY OF CALIFORNIA,True,False
CD47,BISPECIFIC,UNRESOLVED,,ABSTAIN - no decisive readout,0,0.0,1,0.69,weighted_fto_deterministic,0.69,0.0,0.0,24,58,BISPECIFIC|MAB,WO2025098399A1,"FOSUN KAIROS (SHANGHAI) BIOTECHNOLOGY CO.,LTD",True,False
CD47|CD137,BISPECIFIC,UNRESOLVED,,ABSTAIN - no decisive readout,0,0.0,1,,UNRESOLVED_no_grounded_patents,0.0,0.0,0.0,0,0,,,,False,False
CD47|CD20,BISPECIFIC,UNRESOLVED,,ABSTAIN - no decisive readout,0,0.0,0,0.0,weighted_fto_deterministic,0.0,0.0,0.0,1,1,BISPECIFIC,WO2023056969A1,HUTCHMED LIMITED,True,False
CD47|CD3,BISPECIFIC,UNRESOLVED,,ABSTAIN - no decisive readout,0,0.0,0,0.239,weighted_fto_deterministic,0.239,0.265,0.0,3,3,BISPECIFIC,WO2024124107A2,PFIZER INC.,True,False
CD47|CD38,BISPECIFIC,UNRESOLVED,,ABSTAIN - no decisive readout,0,0.0,0,0.042,weighted_fto_deterministic,0.0,0.167,0.0,1,2,BISPECIFIC,WO2024121311A1,ICHNOS SCIENCES SA,True,False
CD47|CD73|CTLA-4|PD-1|SIRP-ALPHA,BISPECIFIC,UNRESOLVED,,ABSTAIN - no decisive readout,0,0.0,1,,UNRESOLVED_no_grounded_patents,0.0,0.0,0.0,0,0,,,,False,False
CD47|CLDN18.2|SIRP-ALPHA,BISPECIFIC,UNRESOLVED,,ABSTAIN - no decisive readout,0,0.0,1,,UNRESOLVED_no_grounded_patents,0.0,0.0,0.0,0,0,,,,False,False
CD47|CTLA-4|PD-1,BISPECIFIC,UNRESOLVED,,ABSTAIN - no decisive readout,0,0.0,1,,UNRESOLVED_no_grounded_patents,0.0,0.0,0.0,0,0,,,,False,False
CD47|CTLA-4|PD-1|SIRP-ALPHA,BISPECIFIC,UNRESOLVED,,ABSTAIN - no decisive readout,0,0.0,1,,UNRESOLVED_no_grounded_patents,0.0,0.0,0.0,0,0,,,,False,False
CD47|EGFR|PD-1,UNCLASSIFIED,UNRESOLVED,,ABSTAIN - no decisive readout,0,0.0,1,,UNRESOLVED_no_grounded_patents,0.0,0.0,0.0,0,0,,,,False,False
CD47|EPCAM,BISPECIFIC,UNRESOLVED,,ABSTAIN - no decisive readout,0,0.0,0,0.0,weighted_fto_deterministic,0.0,0.0,0.0,1,1,BISPECIFIC,WO2021213511A1,"VIRTUOSO BINCO, INC.",True,False
CD47|HER2,BISPECIFIC,UNRESOLVED,,ABSTAIN - no decisive readout,0,0.0,0,0.0,weighted_fto_deterministic,0.0,0.0,0.0,1,1,BISPECIFIC,WO2023056970A1,HUTCHMED LIMITED,True,False
CD47|HER2|SIRP-ALPHA,UNCLASSIFIED,UNRESOLVED,,ABSTAIN - no decisive readout,0,0.0,1,,UNRESOLVED_no_grounded_patents,0.0,0.0,0.0,0,0,,,,False,False
CD47|ICAM1,BISPECIFIC,UNRESOLVED,,ABSTAIN - no decisive readout,0,0.0,0,0.151,weighted_fto_deterministic,0.151,0.167,0.0,2,2,BISPECIFIC,WO2023056378A1,"VIRTUOSO BINCO, INC.",True,False
CD47|IL1RAP,BISPECIFIC,UNRESOLVED,,ABSTAIN - no decisive readout,0,0.0,0,0.0,weighted_fto_deterministic,0.0,0.0,0.0,0,1,BISPECIFIC,WO2024126833A1,ICHNOS SCIENCES SA,True,False
CD47|LAG-3|PD-1|SIRP-ALPHA,BISPECIFIC,UNRESOLVED,,ABSTAIN - no decisive readout,0,0.0,1,,UNRESOLVED_no_grounded_patents,0.0,0.0,0.0,0,0,,,,False,False
CD47|MESOTHELIN,BISPECIFIC,UNRESOLVED,,ABSTAIN - no decisive readout,0,0.0,0,0.113,weighted_fto_deterministic,0.0,0.265,0.232,0,3,BISPECIFIC,WO2026082966A1,NOVIMMUNE SA,True,False
CD47|PD-1,MAB,UNRESOLVED,,ABSTAIN - no decisive readout,0,0.0,2,,UNRESOLVED_no_grounded_patents,0.0,0.0,0.0,0,0,,,,False,False
CD47|PD-1,UNCLASSIFIED,UNRESOLVED,,ABSTAIN - no decisive readout,0,0.0,1,,UNRESOLVED_no_grounded_patents,0.0,0.0,0.0,0,0,,,,False,False
CD47|PD-1|SIRP-ALPHA|VEGF,BISPECIFIC,UNRESOLVED,,ABSTAIN - no decisive readout,0,0.0,1,,UNRESOLVED_no_grounded_patents,0.0,0.0,0.0,0,0,,,,False,False
CD47|PD-1|VEGF,BISPECIFIC,UNRESOLVED,,ABSTAIN - no decisive readout,0,0.0,2,,UNRESOLVED_no_grounded_patents,0.0,0.0,0.0,0,0,,,,False,False
CD47|PD-L1,BISPECIFIC,UNRESOLVED,,ABSTAIN - no decisive readout,0,0.0,4,0.286,weighted_fto_deterministic,0.239,0.432,0.232,3,6,BISPECIFIC,WO2025133391A1,NUMAB THERAPEUTICS AG,True,False
CD47|PD-L1-DM1,BISPECIFIC,UNRESOLVED,,ABSTAIN - no decisive readout,0,0.0,0,0.0,weighted_fto_deterministic,0.0,0.0,0.0,1,1,BISPECIFIC,WO2024022384A1,"SHENZHEN ENDURING BIOTECH , LTD.",True,False
CD47|PD-L1-DM4,BISPECIFIC,UNRESOLVED,,ABSTAIN - no decisive readout,0,0.0,0,0.0,weighted_fto_deterministic,0.0,0.0,0.0,1,1,BISPECIFIC,WO2024022384A1,"SHENZHEN ENDURING BIOTECH , LTD.",True,False
CD47|PD-L1-DUOCARMYCIN,BISPECIFIC,UNRESOLVED,,ABSTAIN - no decisive readout,0,0.0,0,0.0,weighted_fto_deterministic,0.0,0.0,0.0,1,1,BISPECIFIC,WO2024022384A1,"SHENZHEN ENDURING BIOTECH , LTD.",True,False
CD47|PD-L1-DXD,BISPECIFIC,UNRESOLVED,,ABSTAIN - no decisive readout,0,0.0,0,0.0,weighted_fto_deterministic,0.0,0.0,0.0,1,1,BISPECIFIC,WO2024022384A1,"SHENZHEN ENDURING BIOTECH , LTD.",True,False
CD47|PD-L1-MMAE,BISPECIFIC,UNRESOLVED,,ABSTAIN - no decisive readout,0,0.0,0,0.0,weighted_fto_deterministic,0.0,0.0,0.0,1,1,BISPECIFIC,WO2024022384A1,"SHENZHEN ENDURING BIOTECH , LTD.",True,False
CD47|PD-L1-MMAF,BISPECIFIC,UNRESOLVED,,ABSTAIN - no decisive readout,0,0.0,0,0.0,weighted_fto_deterministic,0.0,0.0,0.0,1,1,BISPECIFIC,WO2024022384A1,"SHENZHEN ENDURING BIOTECH , LTD.",True,False
CD47|PD-L1-PBD,BISPECIFIC,UNRESOLVED,,ABSTAIN - no decisive readout,0,0.0,0,0.0,weighted_fto_deterministic,0.0,0.0,0.0,1,1,BISPECIFIC,WO2024022384A1,"SHENZHEN ENDURING BIOTECH , LTD.",True,False
CD47|PD-L1-SN38,BISPECIFIC,UNRESOLVED,,ABSTAIN - no decisive readout,0,0.0,0,0.0,weighted_fto_deterministic,0.0,0.0,0.0,1,1,BISPECIFIC,WO2024022384A1,"SHENZHEN ENDURING BIOTECH , LTD.",True,False
CD47|SIRP-ALPHA,BISPECIFIC,UNRESOLVED,,ABSTAIN - no decisive readout,0,0.0,0,0.042,weighted_fto_deterministic,0.0,0.167,0.0,1,2,BISPECIFIC,WO2022031680A1,"EXELIXIS, INC.",True,False
CD47|SIRP-ALPHA|TCR,UNCLASSIFIED,UNRESOLVED,,ABSTAIN - no decisive readout,0,0.0,1,,UNRESOLVED_no_grounded_patents,0.0,0.0,0.0,0,0,,,,False,False
CD47|TCR,BISPECIFIC,UNRESOLVED,,ABSTAIN - no decisive readout,0,0.0,0,0.0,weighted_fto_deterministic,0.0,0.0,0.0,1,1,BISPECIFIC,WO2023072159A1,"VIRTUOSO BINCO, INC.",True,False
CD48,MAB,UNRESOLVED,,ABSTAIN - no decisive readout,0,0.0,0,0.0,weighted_fto_deterministic,0.0,0.0,0.0,1,1,MAB,WO2022112942A2,NOVARTIS AG,True,False
CD5,MAB,UNRESOLVED,,ABSTAIN - no decisive readout,0,0.0,0,0.066,weighted_fto_deterministic,0.0,0.265,0.0,1,3,MAB,WO2025220804A1,CUROCELL INC.,True,False
CD55,MAB,UNRESOLVED,,ABSTAIN - no decisive readout,0,0.0,0,0.0,weighted_fto_deterministic,0.0,0.0,0.0,0,1,MAB,WO2022154472A1,"SG MEDICAL, INC.",True,False
CD5L,MAB,UNRESOLVED,,ABSTAIN - no decisive readout,0,0.0,0,0.0,weighted_fto_deterministic,0.0,0.0,0.0,0,1,MAB,WO2019086480A1,FUNDACIÓ INSTITUT D'INVESTIGACIÓ EN CIÈNCIES DE LA SALUT GERMANS TRIAS I PUJOL,True,False
CD7,MAB,UNRESOLVED,,ABSTAIN - no decisive readout,0,0.0,0,0.042,weighted_fto_deterministic,0.0,0.167,0.0,1,2,MAB,WO2025168256A1,IMNOTECH GMBH,True,False
CD70,CAR-T,UNRESOLVED,,ABSTAIN - no decisive readout,0,0.0,29,,UNRESOLVED_no_grounded_patents,0.477,0.0,0.0,9,13,MAB,WO2024153016A1,"SHANGHAI HUAOTA BIOPHARMACEUTICAL CO., LTD.",False,False
CD70,MAB,UNRESOLVED,,ABSTAIN - no decisive readout,0,0.0,5,0.477,weighted_fto_deterministic,0.477,0.619,0.0,9,13,MAB,WO2024153016A1,"SHANGHAI HUAOTA BIOPHARMACEUTICAL CO., LTD.",True,False
CD70|CD3,BISPECIFIC,UNRESOLVED,,ABSTAIN - no decisive readout,0,0.0,0,0.151,weighted_fto_deterministic,0.151,0.167,0.0,2,2,BISPECIFIC,WO2019152705A1,PFIZER INC.,True,False
CD70|CEA,CAR-T,UNRESOLVED,,ABSTAIN - no decisive readout,0,0.0,2,,UNRESOLVED_no_grounded_patents,0.0,0.0,0.0,0,0,,,,False,False
CD70|CLDN18.2|GPC3|MUC1|MESOTHELIN|NKG2D,CAR-T,UNRESOLVED,,ABSTAIN - no decisive readout,0,0.0,1,,UNRESOLVED_no_grounded_patents,0.0,0.0,0.0,0,0,,,,False,False
CD70|EGFR|HER2,CAR-T,UNRESOLVED,,ABSTAIN - no decisive readout,0,0.0,1,,UNRESOLVED_no_grounded_patents,0.0,0.0,0.0,0,0,,,,False,False
CD70|GD2,CAR-T,UNRESOLVED,,ABSTAIN - no decisive readout,0,0.0,1,,UNRESOLVED_no_grounded_patents,0.0,0.0,0.0,0,0,,,,False,False
CD70|HIF|PSMA|VHL,MAB,UNRESOLVED,,ABSTAIN - no decisive readout,0,0.0,1,,UNRESOLVED_no_grounded_patents,0.0,0.0,0.0,0,0,,,,False,False
CD70|PSMA,CAR-T,UNRESOLVED,,ABSTAIN - no decisive readout,0,0.0,1,,UNRESOLVED_no_grounded_patents,0.0,0.0,0.0,0,0,,,,False,False
CD73,BISPECIFIC,UNRESOLVED,,ABSTAIN - no decisive readout,0,0.0,2,0.681,weighted_fto_deterministic,0.681,0.167,0.0,23,41,BISPECIFIC|MAB,WO2026044039A2,"EISAI R&D MANAGEMENT CO., LTD.",True,False
CD73,MAB,UNRESOLVED,,ABSTAIN - no decisive readout,0,0.0,5,0.681,weighted_fto_deterministic,0.681,0.884,0.0,23,41,BISPECIFIC|MAB,WO2026044039A2,"EISAI R&D MANAGEMENT CO., LTD.",True,False
CD73-AMANITIN,ADC,UNRESOLVED,,ABSTAIN - no decisive readout,0,0.0,0,0.0,weighted_fto_deterministic,0.0,0.0,0.0,1,1,ADC,WO2022105881A1,"BLISS BIOPHARMACEUTICAL (HANGZHOU) CO., LTD.",True,False
CD73-CALICHEAMICIN,ADC,UNRESOLVED,,ABSTAIN - no decisive readout,0,0.0,0,0.0,weighted_fto_deterministic,0.0,0.0,0.0,1,1,ADC,WO2022105881A1,"BLISS BIOPHARMACEUTICAL (HANGZHOU) CO., LTD.",True,False
CD73-DM1,ADC,UNRESOLVED,,ABSTAIN - no decisive readout,0,0.0,0,0.0,weighted_fto_deterministic,0.0,0.0,0.0,1,1,ADC,WO2022105881A1,"BLISS BIOPHARMACEUTICAL (HANGZHOU) CO., LTD.",True,False
CD73-DM4,ADC,UNRESOLVED,,ABSTAIN - no decisive readout,0,0.0,0,0.0,weighted_fto_deterministic,0.0,0.0,0.0,1,1,ADC,WO2022105881A1,"BLISS BIOPHARMACEUTICAL (HANGZHOU) CO., LTD.",True,False
CD73-DOXORUBICIN,ADC,UNRESOLVED,,ABSTAIN - no decisive readout,0,0.0,0,0.0,weighted_fto_deterministic,0.0,0.0,0.0,1,1,ADC,WO2022105881A1,"BLISS BIOPHARMACEUTICAL (HANGZHOU) CO., LTD.",True,False
CD73-DUOCARMYCIN,ADC,UNRESOLVED,,ABSTAIN - no decisive readout,0,0.0,0,0.0,weighted_fto_deterministic,0.0,0.0,0.0,1,1,ADC,WO2022105881A1,"BLISS BIOPHARMACEUTICAL (HANGZHOU) CO., LTD.",True,False
CD73-ERIBULIN,ADC,UNRESOLVED,,ABSTAIN - no decisive readout,0,0.0,0,0.0,weighted_fto_deterministic,0.0,0.0,0.0,1,1,ADC,WO2022105881A1,"BLISS BIOPHARMACEUTICAL (HANGZHOU) CO., LTD.",True,False
CD73-EXATECAN,ADC,UNRESOLVED,,ABSTAIN - no decisive readout,0,0.0,0,0.0,weighted_fto_deterministic,0.0,0.0,0.0,1,1,ADC,WO2022105881A1,"BLISS BIOPHARMACEUTICAL (HANGZHOU) CO., LTD.",True,False
CD73-MMAE,ADC,UNRESOLVED,,ABSTAIN - no decisive readout,0,0.0,0,0.0,weighted_fto_deterministic,0.0,0.0,0.0,1,1,ADC,WO2022105881A1,"BLISS BIOPHARMACEUTICAL (HANGZHOU) CO., LTD.",True,False
CD73-MMAF,ADC,UNRESOLVED,,ABSTAIN - no decisive readout,0,0.0,0,0.0,weighted_fto_deterministic,0.0,0.0,0.0,1,1,ADC,WO2022105881A1,"BLISS BIOPHARMACEUTICAL (HANGZHOU) CO., LTD.",True,False
CD73-PBD,ADC,UNRESOLVED,,ABSTAIN - no decisive readout,0,0.0,0,0.0,weighted_fto_deterministic,0.0,0.0,0.0,1,1,ADC,WO2022105881A1,"BLISS BIOPHARMACEUTICAL (HANGZHOU) CO., LTD.",True,False
CD73-SN38,ADC,UNRESOLVED,,ABSTAIN - no decisive readout,0,0.0,0,0.0,weighted_fto_deterministic,0.0,0.0,0.0,1,1,ADC,WO2022105881A1,"BLISS BIOPHARMACEUTICAL (HANGZHOU) CO., LTD.",True,False
CD73|CD122,BISPECIFIC,UNRESOLVED,,ABSTAIN - no decisive readout,0,0.0,1,,UNRESOLVED_no_grounded_patents,0.0,0.0,0.0,0,0,,,,False,False
CD73|CLDN18.2,ADC,UNRESOLVED,,ABSTAIN - no decisive readout,0,0.0,1,,UNRESOLVED_no_grounded_patents,0.0,0.0,0.0,0,0,,,,False,False
CD73|HER2|PD-1|PD-L1,UNCLASSIFIED,UNRESOLVED,,ABSTAIN - no decisive readout,0,0.0,1,,UNRESOLVED_no_grounded_patents,0.0,0.0,0.0,0,0,,,,False,False
CD73|LAG-3,BISPECIFIC,UNRESOLVED,,ABSTAIN - no decisive readout,0,0.0,1,,UNRESOLVED_no_grounded_patents,0.0,0.0,0.0,0,0,,,,False,False
CD73|PD-1,UNCLASSIFIED,UNRESOLVED,,ABSTAIN - no decisive readout,0,0.0,1,,UNRESOLVED_no_grounded_patents,0.0,0.0,0.0,0,0,,,,False,False
CD73|PD-1|PD-L1,MAB,UNRESOLVED,,ABSTAIN - no decisive readout,0,0.0,1,,UNRESOLVED_no_grounded_patents,0.0,0.0,0.0,0,0,,,,False,False
CD73|PD-1|VEGF,BISPECIFIC,UNRESOLVED,,ABSTAIN - no decisive readout,0,0.0,1,,UNRESOLVED_no_grounded_patents,0.0,0.0,0.0,0,0,,,,False,False
CD73|PD-1|VHL,MAB,UNRESOLVED,,ABSTAIN - no decisive readout,0,0.0,1,,UNRESOLVED_no_grounded_patents,0.0,0.0,0.0,0,0,,,,False,False
CD73|PD-L1,BISPECIFIC,UNRESOLVED,,ABSTAIN - no decisive readout,0,0.0,0,0.0,weighted_fto_deterministic,0.0,0.0,0.0,1,1,BISPECIFIC,WO2020020307A1,"I-MAB BIOPHARMA CO., LTD.",True,False
CD73|PD-L1,MAB,UNRESOLVED,,ABSTAIN - no decisive readout,0,0.0,1,,UNRESOLVED_no_grounded_patents,0.0,0.0,0.0,1,1,BISPECIFIC,WO2020020307A1,"I-MAB BIOPHARMA CO., LTD.",False,False
CD74,MAB,UNRESOLVED,,ABSTAIN - no decisive readout,0,0.0,0,0.151,weighted_fto_deterministic,0.151,0.265,0.0,2,3,MAB,WO2019023316A1,"SUTRO BIOPHARMA, INC.",True,False
CD79B,CAR-T,UNRESOLVED,,ABSTAIN - no decisive readout,0,0.0,2,,UNRESOLVED_no_grounded_patents,0.301,0.0,0.0,4,11,ADC|MAB,WO2025001963A1,"SHANGHAI RUOTUO BIOSCIENCES CO., LTD.",False,False
CD79B,MAB,UNRESOLVED,,ABSTAIN - no decisive readout,0,0.0,0,0.305,weighted_fto_deterministic,0.301,0.556,0.0,4,11,ADC|MAB,WO2025001963A1,"SHANGHAI RUOTUO BIOSCIENCES CO., LTD.",True,False
CD79B,UNCLASSIFIED,UNRESOLVED,,ABSTAIN - no decisive readout,0,0.0,2,,UNRESOLVED_no_grounded_patents,0.301,0.0,0.0,4,11,ADC|MAB,WO2025001963A1,"SHANGHAI RUOTUO BIOSCIENCES CO., LTD.",False,False
CD79B|CD20,MAB,UNRESOLVED,,ABSTAIN - no decisive readout,0,0.0,1,,UNRESOLVED_no_grounded_patents,0.0,0.0,0.0,0,0,,,,False,False
CD79B|CD20|CD19|CD3,ADC,UNRESOLVED,,ABSTAIN - no decisive readout,0,0.0,1,,UNRESOLVED_no_grounded_patents,0.0,0.0,0.0,0,0,,,,False,False
CD79B|CD20|CD3,ADC,UNRESOLVED,,ABSTAIN - no decisive readout,0,0.0,5,,UNRESOLVED_no_grounded_patents,0.0,0.0,0.0,0,0,,,,False,False
CD79B|CD20|CD3,BISPECIFIC,UNRESOLVED,,ABSTAIN - no decisive readout,0,0.0,3,,UNRESOLVED_no_grounded_patents,0.0,0.0,0.0,0,0,,,,False,False
CD79B|CD20|CD3,MAB,UNRESOLVED,,ABSTAIN - no decisive readout,0,0.0,1,,UNRESOLVED_no_grounded_patents,0.0,0.0,0.0,0,0,,,,False,False
CD79B|CD20|CD3|ALK|BCL-2,ADC,UNRESOLVED,,ABSTAIN - no decisive readout,0,0.0,1,,UNRESOLVED_no_grounded_patents,0.0,0.0,0.0,0,0,,,,False,False
CD79B|CD20|CD3|BTK,ADC,UNRESOLVED,,ABSTAIN - no decisive readout,0,0.0,1,,UNRESOLVED_no_grounded_patents,0.0,0.0,0.0,0,0,,,,False,False
CD79B|CD20|CD3|CD137|CD19,ADC,UNRESOLVED,,ABSTAIN - no decisive readout,0,0.0,1,,UNRESOLVED_no_grounded_patents,0.0,0.0,0.0,0,0,,,,False,False
CD79B|CD3,BISPECIFIC,UNRESOLVED,,ABSTAIN - no decisive readout,0,0.0,0,0.0,weighted_fto_deterministic,0.0,0.0,0.0,1,1,BISPECIFIC,WO2022200443A1,"JANSSEN BIOTECH, INC.",True,False
CD79B|CD40,BISPECIFIC,UNRESOLVED,,ABSTAIN - no decisive readout,0,0.0,0,0.0,weighted_fto_deterministic,0.0,0.0,0.0,1,1,BISPECIFIC,WO2017214096A1,"MACROGENICS, INC.",True,False
CD79B|PD-1|CD19|CD20,ADC,UNRESOLVED,,ABSTAIN - no decisive readout,0,0.0,1,,UNRESOLVED_no_grounded_patents,0.0,0.0,0.0,0,0,,,,False,False
CD79B|PD-1|CD20,ADC,UNRESOLVED,,ABSTAIN - no decisive readout,0,0.0,1,,UNRESOLVED_no_grounded_patents,0.0,0.0,0.0,0,0,,,,False,False
CD79B|PD-L1|CD20|CD3,BISPECIFIC,UNRESOLVED,,ABSTAIN - no decisive readout,0,0.0,1,,UNRESOLVED_no_grounded_patents,0.0,0.0,0.0,0,0,,,,False,False
CD79B|PD-L1|CD20|CD3|BTK,ADC,UNRESOLVED,,ABSTAIN - no decisive readout,0,0.0,1,,UNRESOLVED_no_grounded_patents,0.0,0.0,0.0,0,0,,,,False,False
CD8,MAB,UNRESOLVED,,ABSTAIN - no decisive readout,0,0.0,0,0.349,weighted_fto_deterministic,0.349,0.432,0.0,5,6,MAB,WO2026013528A1,RAMOT AT TEL-AVIV UNIVERSITY LTD.,True,False
CD81,MAB,UNRESOLVED,,ABSTAIN - no decisive readout,0,0.0,0,0.0,weighted_fto_deterministic,0.0,0.0,0.0,0,1,MAB,WO2017218691A1,THE BOARD OF TRUSTEES OF THE LELAND STANFORD JUNIOR UNIVERSITY,True,False
CD84,MAB,UNRESOLVED,,ABSTAIN - no decisive readout,0,0.0,0,0.239,weighted_fto_deterministic,0.239,0.265,0.0,3,3,MAB,WO2025235952A1,CITY OF HOPE,True,False
CD89,MAB,UNRESOLVED,,ABSTAIN - no decisive readout,0,0.0,0,0.0,weighted_fto_deterministic,0.0,0.0,0.0,1,1,MAB,WO2016150496A1,FRAUNHOFER-GESELLSCHAFT ZUR FÖRDERUNG DER ANGEWANDTEN FORSCHUNG E.V.,True,False
CD8|CD3,BISPECIFIC,UNRESOLVED,,ABSTAIN - no decisive readout,0,0.0,0,0.0,weighted_fto_deterministic,0.0,0.0,0.0,1,1,BISPECIFIC,WO2023056556A1,NATIONAL RESEARCH COUNCIL OF CANADA,True,False
CD8|NKG2D,BISPECIFIC,UNRESOLVED,,ABSTAIN - no decisive readout,0,0.0,0,0.0,weighted_fto_deterministic,0.0,0.0,0.0,1,1,BISPECIFIC,WO2021009146A1,F. HOFFMANN-LA ROCHE AG,True,False
CD8|TCR,BISPECIFIC,UNRESOLVED,,ABSTAIN - no decisive readout,0,0.0,0,0.0,weighted_fto_deterministic,0.0,0.0,0.0,1,1,BISPECIFIC,WO2020172596A1,"MARENGO THERAPEUTICS, INC.",True,False
CD9,MAB,UNRESOLVED,,ABSTAIN - no decisive readout,0,0.0,0,0.0,weighted_fto_deterministic,0.0,0.0,0.0,1,1,MAB,WO2026037425A1,THE CHINESE UNIVERSITY OF HONG KONG,True,False
CD93,MAB,UNRESOLVED,,ABSTAIN - no decisive readout,0,0.0,0,0.301,weighted_fto_deterministic,0.301,0.334,0.0,4,4,MAB,WO2025201517A1,ALL INNOVATION (HANG ZHOU) PHARMACEUTICAL TECHNOLOGY CO. LTD,True,False
CD94,MAB,UNRESOLVED,,ABSTAIN - no decisive readout,0,0.0,0,0.0,weighted_fto_deterministic,0.0,0.0,0.0,1,1,MAB,WO2026090536A1,"DREN BIO MANAGEMENT, INC.",True,False
CD98,MAB,UNRESOLVED,,ABSTAIN - no decisive readout,0,0.0,0,0.042,weighted_fto_deterministic,0.0,0.167,0.0,0,2,MAB,WO2025023616A1,INDUSTRY ACADEMY COOPERATION FOUNDATION OF SEJONG UNIVERSITY,True,False
CD99,MAB,UNRESOLVED,,ABSTAIN - no decisive readout,0,0.0,0,0.0,weighted_fto_deterministic,0.0,0.0,0.0,1,1,MAB,WO2025171401A2,"DANA-FARBER CANCER INSTITUTE, INC.",True,False
CDCP1,MAB,UNRESOLVED,,ABSTAIN - no decisive readout,0,0.0,0,0.301,weighted_fto_deterministic,0.301,0.502,0.0,4,8,MAB,WO2026078443A1,PHEON THERAPEUTICS LTD.,True,False
CDH17,BISPECIFIC,UNRESOLVED,,ABSTAIN - no decisive readout,0,0.0,1,0.349,weighted_fto_deterministic,0.349,0.167,0.0,5,6,BISPECIFIC|MAB,WO2026090578A1,ANTHARIS THERAPEUTICS INC.,True,False
CDH17,MAB,UNRESOLVED,,ABSTAIN - no decisive readout,0,0.0,0,0.349,weighted_fto_deterministic,0.349,0.334,0.0,5,6,BISPECIFIC|MAB,WO2026090578A1,ANTHARIS THERAPEUTICS INC.,True,False
CDH17,UNCLASSIFIED,UNRESOLVED,,ABSTAIN - no decisive readout,0,0.0,2,,UNRESOLVED_no_grounded_patents,0.349,0.0,0.0,5,6,BISPECIFIC|MAB,WO2026090578A1,ANTHARIS THERAPEUTICS INC.,False,False
CDH17-AURISTATIN,ADC,UNRESOLVED,,ABSTAIN - no decisive readout,0,0.0,0,0.0,weighted_fto_deterministic,0.0,0.0,0.0,0,1,ADC,WO2025247362A1,"JIANGSU SIMCERE BIOLOGICS CO., LTD.",True,False
CDH17-EXATECAN,ADC,UNRESOLVED,,ABSTAIN - no decisive readout,0,0.0,1,,UNRESOLVED_no_grounded_patents,0.0,0.0,0.0,0,0,,,,False,False
CDH17-MAYTANSINOID,ADC,UNRESOLVED,,ABSTAIN - no decisive readout,0,0.0,0,0.042,weighted_fto_deterministic,0.0,0.167,0.0,1,2,ADC,WO2025247362A1,"JIANGSU SIMCERE BIOLOGICS CO., LTD.",True,False
CDH17-MMAE,ADC,UNRESOLVED,,ABSTAIN - no decisive readout,0,0.0,0,0.0,weighted_fto_deterministic,0.0,0.0,0.0,1,1,ADC,WO2025059391A2,TENMED LIFE SCIENCE LTD,True,False
CDH17-TUBULYSIN,ADC,UNRESOLVED,,ABSTAIN - no decisive readout,0,0.0,0,0.042,weighted_fto_deterministic,0.0,0.167,0.0,1,2,ADC,WO2025247362A1,"JIANGSU SIMCERE BIOLOGICS CO., LTD.",True,False
CDH17|CD3,BISPECIFIC,UNRESOLVED,,ABSTAIN - no decisive readout,0,0.0,0,0.151,weighted_fto_deterministic,0.151,0.167,0.0,2,2,BISPECIFIC,WO2023060277A1,ARBELE LIMITED,True,False
CDH17|CDH6,MAB,UNRESOLVED,,ABSTAIN - no decisive readout,0,0.0,1,,UNRESOLVED_no_grounded_patents,0.0,0.0,0.0,0,0,,,,False,False
CDH17|LAG-3|PD-1|TIM-3,CAR-T,UNRESOLVED,,ABSTAIN - no decisive readout,0,0.0,1,,UNRESOLVED_no_grounded_patents,0.0,0.0,0.0,0,0,,,,False,False
CDH17|TROP-2-MAYTANSINOID,BISPECIFIC,UNRESOLVED,,ABSTAIN - no decisive readout,0,0.0,0,0.0,weighted_fto_deterministic,0.0,0.0,0.0,1,1,BISPECIFIC,WO2026060187A1,ARBELE LIMITED,True,False
CDH17|TROP-2-MMAE,BISPECIFIC,UNRESOLVED,,ABSTAIN - no decisive readout,0,0.0,0,0.0,weighted_fto_deterministic,0.0,0.0,0.0,1,1,BISPECIFIC,WO2026060187A1,ARBELE LIMITED,True,False
CDH17|TROP-2-TUBULYSIN,BISPECIFIC,UNRESOLVED,,ABSTAIN - no decisive readout,0,0.0,0,0.0,weighted_fto_deterministic,0.0,0.0,0.0,1,1,BISPECIFIC,WO2026060187A1,ARBELE LIMITED,True,False
CDH3,MAB,UNRESOLVED,,ABSTAIN - no decisive readout,0,0.0,0,0.0,weighted_fto_deterministic,0.0,0.0,0.0,0,1,MAB,WO2025089383A1,PERSEUS PROTEOMICS INC.,True,False
CDH3|CD3,BISPECIFIC,UNRESOLVED,,ABSTAIN - no decisive readout,0,0.0,0,0.0,weighted_fto_deterministic,0.0,0.0,0.0,1,1,BISPECIFIC,WO2016166360A1,BAYER PHARMA AKTIENGESELLSCHAFT,True,False
CDH6,ADC,UNRESOLVED,,ABSTAIN - no decisive readout,0,0.0,1,0.239,weighted_fto_deterministic,0.239,0.0,0.0,3,5,ADC|MAB,WO2025216949A1,"ONCUSP THERAPEUTICS, INC.",True,False
CDH6,MAB,UNRESOLVED,,ABSTAIN - no decisive readout,0,0.0,0,0.239,weighted_fto_deterministic,0.239,0.334,0.0,3,5,ADC|MAB,WO2025216949A1,"ONCUSP THERAPEUTICS, INC.",True,False
CDH6-DXD,ADC,UNRESOLVED,,ABSTAIN - no decisive readout,0,0.0,2,0.0,weighted_fto_deterministic,0.0,0.0,0.0,0,1,ADC,WO2023228095A1,DAIICHI SANKYO COMPANY,True,False
CDH6-EXATECAN,ADC,UNRESOLVED,,ABSTAIN - no decisive readout,0,0.0,1,,UNRESOLVED_no_grounded_patents,0.0,0.0,0.0,0,0,,,,False,False
CDH6-TOP1I,ADC,UNRESOLVED,,ABSTAIN - no decisive readout,0,0.0,1,,UNRESOLVED_no_grounded_patents,0.0,0.0,0.0,0,0,,,,False,False
CDH6|FOLR1,ADC,UNRESOLVED,,ABSTAIN - no decisive readout,0,0.0,1,,UNRESOLVED_no_grounded_patents,0.0,0.0,0.0,0,0,,,,False,False
CEA,BISPECIFIC,UNRESOLVED,,ABSTAIN - no decisive readout,0,0.0,6,,UNRESOLVED_no_grounded_patents,0.423,0.0,0.0,7,11,ADC|MAB,WO2024110905A1,"BEIGENE, LTD.",False,False
CEACAM5,BISPECIFIC,UNRESOLVED,,ABSTAIN - no decisive readout,0,0.0,1,0.477,weighted_fto_deterministic,0.477,0.0,0.0,9,12,ADC|BISPECIFIC|MAB,WO2026052013A1,"BEIJING TIDE PHARMACEUTICAL CO., LTD.",True,False
CEACAM5,MAB,UNRESOLVED,,ABSTAIN - no decisive readout,0,0.0,2,0.477,weighted_fto_deterministic,0.477,0.556,0.0,9,12,ADC|BISPECIFIC|MAB,WO2026052013A1,"BEIJING TIDE PHARMACEUTICAL CO., LTD.",True,False
CEACAM5-DM1,ADC,UNRESOLVED,,ABSTAIN - no decisive readout,0,0.0,0,0.213,weighted_fto_deterministic,0.151,0.334,0.232,2,4,ADC,WO2026082894A1,SANOFI,True,False
CEACAM5-EXATECAN,ADC,UNRESOLVED,,ABSTAIN - no decisive readout,0,0.0,3,0.0,weighted_fto_deterministic,0.0,0.0,0.0,0,1,ADC,WO2025184211A1,BRISTOL-MYERS SQUIBB COMPANY,True,False
CEACAM5-TOP1I,ADC,UNRESOLVED,,ABSTAIN - no decisive readout,0,0.0,1,,UNRESOLVED_no_grounded_patents,0.0,0.0,0.0,0,0,,,,False,False
CEACAM5|CD137,BISPECIFIC,UNRESOLVED,,ABSTAIN - no decisive readout,0,0.0,0,0.0,weighted_fto_deterministic,0.0,0.0,0.0,1,1,BISPECIFIC,WO2024179515A1,LANOVA MEDICINES LIMITED,True,False
CEACAM5|CD3,BISPECIFIC,UNRESOLVED,,ABSTAIN - no decisive readout,0,0.0,0,0.042,weighted_fto_deterministic,0.0,0.167,0.0,1,2,BISPECIFIC,WO2023242351A1,LAMKAP BIO BETA AG,True,False
CEACAM5|CD47,BISPECIFIC,UNRESOLVED,,ABSTAIN - no decisive readout,0,0.0,0,0.151,weighted_fto_deterministic,0.151,0.265,0.0,2,3,BISPECIFIC,WO2022130348A1,LAMKAP BIO BETA LTD,True,False
CEACAM5|CEACAM6,MAB,UNRESOLVED,,ABSTAIN - no decisive readout,0,0.0,1,,UNRESOLVED_no_grounded_patents,0.0,0.0,0.0,0,0,,,,False,False
CEACAM5|MUC1,OUT_OF_SCOPE,UNRESOLVED,,ABSTAIN - no decisive readout,0,0.0,1,,UNRESOLVED_no_grounded_patents,0.0,0.0,0.0,0,0,,,,False,False
CEACAM6,MAB,UNRESOLVED,,ABSTAIN - no decisive readout,0,0.0,0,0.151,weighted_fto_deterministic,0.151,0.167,0.0,2,2,MAB,WO2023031366A1,DEUTSCHES KREBSFORSCHUNGSZENTRUM STIFTUNG DES ÖFFENTLICHEN RECHTS,True,False
CEA|CD137,BISPECIFIC,UNRESOLVED,,ABSTAIN - no decisive readout,0,0.0,0,0.0,weighted_fto_deterministic,0.0,0.0,0.0,1,1,BISPECIFIC,WO2022242680A1,"BEIGENE, LTD.",True,False
CEA|CD28,BISPECIFIC,UNRESOLVED,,ABSTAIN - no decisive readout,0,0.0,0,0.0,weighted_fto_deterministic,0.0,0.0,0.0,1,1,BISPECIFIC,WO2025051895A1,NOVIMMUNE SA,True,False
CEA|CD3,BISPECIFIC,UNRESOLVED,,ABSTAIN - no decisive readout,0,0.0,0,0.439,weighted_fto_deterministic,0.389,0.469,0.538,6,7,BISPECIFIC,WO2025077737A1,BIOMAP (SUZHOU) INTELLIGENT TECHNOLOGY LIMITED,True,False
CEA|CEACAM5,BISPECIFIC,UNRESOLVED,,ABSTAIN - no decisive readout,0,0.0,0,0.0,weighted_fto_deterministic,0.0,0.0,0.0,1,1,BISPECIFIC,WO2024165403A1,PHILOGEN S.P.A.,True,False
CEA|CEACAM5|CLDN18.2|EGFR|GPC3|HER2|TROP-2,CAR-T,UNRESOLVED,,ABSTAIN - no decisive readout,0,0.0,1,,UNRESOLVED_no_grounded_patents,0.0,0.0,0.0,0,0,,,,False,False
CEA|CEACAM5|CTLA-4|MUC16,MAB,UNRESOLVED,,ABSTAIN - no decisive readout,0,0.0,1,,UNRESOLVED_no_grounded_patents,0.0,0.0,0.0,0,0,,,,False,False
CEA|CEACAM5|EPCAM|HER2,CAR-T,UNRESOLVED,,ABSTAIN - no decisive readout,0,0.0,1,,UNRESOLVED_no_grounded_patents,0.0,0.0,0.0,0,0,,,,False,False
CEA|CEACAM5|HER2,CAR-T,UNRESOLVED,,ABSTAIN - no decisive readout,0,0.0,2,,UNRESOLVED_no_grounded_patents,0.0,0.0,0.0,0,0,,,,False,False
CEA|CEACAM5|MUC16,CAR-T,UNRESOLVED,,ABSTAIN - no decisive readout,0,0.0,3,,UNRESOLVED_no_grounded_patents,0.0,0.0,0.0,0,0,,,,False,False
CEA|EPCAM|MUC16,MAB,UNRESOLVED,,ABSTAIN - no decisive readout,0,0.0,1,,UNRESOLVED_no_grounded_patents,0.0,0.0,0.0,0,0,,,,False,False
CEA|GPC3|MESOTHELIN,CAR-T,UNRESOLVED,,ABSTAIN - no decisive readout,0,0.0,1,,UNRESOLVED_no_grounded_patents,0.0,0.0,0.0,0,0,,,,False,False
CEA|ICAM1,UNCLASSIFIED,UNRESOLVED,,ABSTAIN - no decisive readout,0,0.0,2,,UNRESOLVED_no_grounded_patents,0.0,0.0,0.0,0,0,,,,False,False
CEA|MUC16,MAB,UNRESOLVED,,ABSTAIN - no decisive readout,0,0.0,1,,UNRESOLVED_no_grounded_patents,0.0,0.0,0.0,0,0,,,,False,False
CEA|MUC16|NKG2D|PD-L1,CAR-T,UNRESOLVED,,ABSTAIN - no decisive readout,0,0.0,1,,UNRESOLVED_no_grounded_patents,0.0,0.0,0.0,0,0,,,,False,False
CEA|MUC1|MESOTHELIN|PSCA,CAR-T,UNRESOLVED,,ABSTAIN - no decisive readout,0,0.0,1,,UNRESOLVED_no_grounded_patents,0.0,0.0,0.0,0,0,,,,False,False
CEA|PD-L1,CAR-T,UNRESOLVED,,ABSTAIN - no decisive readout,0,0.0,1,,UNRESOLVED_no_grounded_patents,0.0,0.0,0.0,0,0,,,,False,False
CEA|TROP-2-KL610023,ADC,UNRESOLVED,,ABSTAIN - no decisive readout,0,0.0,1,,UNRESOLVED_no_grounded_patents,0.0,0.0,0.0,0,0,,,,False,False
CHI3L1,MAB,UNRESOLVED,,ABSTAIN - no decisive readout,0,0.0,0,0.249,weighted_fto_deterministic,0.239,0.469,0.0,3,7,MAB,WO2024223882A1,BIO-Y A/S,True,False
CHI3L1|PD-1,BISPECIFIC,UNRESOLVED,,ABSTAIN - no decisive readout,0,0.0,0,0.0,weighted_fto_deterministic,0.0,0.0,0.0,0,1,BISPECIFIC,WO2020227431A1,BROWN UNIVERSITY,True,False
CIZ1,MAB,UNRESOLVED,,ABSTAIN - no decisive readout,0,0.0,0,0.0,weighted_fto_deterministic,0.0,0.0,0.0,0,1,MAB,WO2019079914A1,"CAI, SHENGHE",True,False
CKAP4,MAB,UNRESOLVED,,ABSTAIN - no decisive readout,0,0.0,0,0.0,weighted_fto_deterministic,0.0,0.0,0.0,0,1,MAB,WO2025088835A1,OSAKA UNIVERSITY,True,False
CLAUDIN,MAB,UNRESOLVED,,ABSTAIN - no decisive readout,0,0.0,0,0.239,weighted_fto_deterministic,0.239,0.432,0.0,3,6,MAB,WO2026050214A1,"BOLT BIOTHERAPEUTICS, INC.",True,False
CLAUDIN18.2-TOP1I,ADC,UNRESOLVED,,ABSTAIN - no decisive readout,0,0.0,1,,UNRESOLVED_no_grounded_patents,0.0,0.0,0.0,0,0,,,,False,False
CLDN,MAB,UNRESOLVED,,ABSTAIN - no decisive readout,0,0.0,0,0.0,weighted_fto_deterministic,0.0,0.0,0.0,0,1,MAB,WO2020228447A1,"QURE BIOTECHNOLOGY (SHANGHAI) CO., LTD.",True,False
CLDN1,ADC,UNRESOLVED,,ABSTAIN - no decisive readout,0,0.0,1,,UNRESOLVED_no_grounded_patents,0.0,0.0,0.0,0,1,MAB,WO2024194471A1,ALENTIS THERAPEUTICS AG,False,False
CLDN1,MAB,UNRESOLVED,,ABSTAIN - no decisive readout,0,0.0,0,0.0,weighted_fto_deterministic,0.0,0.0,0.0,0,1,MAB,WO2024194471A1,ALENTIS THERAPEUTICS AG,True,False
CLDN18,MAB,UNRESOLVED,,ABSTAIN - no decisive readout,0,0.0,0,0.042,weighted_fto_deterministic,0.0,0.167,0.0,0,2,MAB,WO2024252184A2,"JIANGSU AOSAIKANG BIOPHARMACEUTICAL CO., LTD.",True,False
CLDN18.2,BISPECIFIC,UNRESOLVED,,ABSTAIN - no decisive readout,0,0.0,0,0.651,weighted_fto_deterministic,0.651,0.0,0.0,20,27,ADC|BISPECIFIC|MAB,WO2025060679A1,"RENJI HOSPITAL, SHANGHAI JIAO TONG UNIVERSITY SCHOOL OF MEDICINE",True,False
CLDN18.2,CAR-T,UNRESOLVED,,ABSTAIN - no decisive readout,0,0.0,11,,UNRESOLVED_no_grounded_patents,0.651,0.0,0.0,20,27,ADC|BISPECIFIC|MAB,WO2025060679A1,"RENJI HOSPITAL, SHANGHAI JIAO TONG UNIVERSITY SCHOOL OF MEDICINE",False,False
CLDN18.2-BELOTECAN,ADC,UNRESOLVED,,ABSTAIN - no decisive readout,0,0.0,0,0.0,weighted_fto_deterministic,0.0,0.0,0.0,1,1,ADC,WO2025078881A2,LIGACHEM BIOSCIENCES INC.,True,False
CLDN18.2-CALICHEAMICIN,ADC,UNRESOLVED,,ABSTAIN - no decisive readout,0,0.0,0,0.151,weighted_fto_deterministic,0.151,0.167,0.0,2,2,ADC,WO2025088105A1,"KEYMED BIOSCIENCES (CHENGDU) CO., LTD",True,False
CLDN18.2-DOXORUBICIN,ADC,UNRESOLVED,,ABSTAIN - no decisive readout,0,0.0,0,0.151,weighted_fto_deterministic,0.151,0.265,0.0,2,3,ADC,WO2025088105A1,"KEYMED BIOSCIENCES (CHENGDU) CO., LTD",True,False
CLDN18.2-DXD,ADC,UNRESOLVED,,ABSTAIN - no decisive readout,0,0.0,0,0.0,weighted_fto_deterministic,0.0,0.0,0.0,1,1,ADC,WO2025078881A2,LIGACHEM BIOSCIENCES INC.,True,False
CLDN18.2-EXATECAN,ADC,UNRESOLVED,,ABSTAIN - no decisive readout,0,0.0,0,0.0,weighted_fto_deterministic,0.0,0.0,0.0,1,1,ADC,WO2025078881A2,LIGACHEM BIOSCIENCES INC.,True,False
CLDN18.2-MAYTANSINOID,ADC,UNRESOLVED,,ABSTAIN - no decisive readout,0,0.0,0,0.151,weighted_fto_deterministic,0.151,0.167,0.0,2,2,ADC,WO2025088105A1,"KEYMED BIOSCIENCES (CHENGDU) CO., LTD",True,False
CLDN18.2-MMAF,ADC,UNRESOLVED,,ABSTAIN - no decisive readout,0,0.0,0,0.151,weighted_fto_deterministic,0.151,0.167,0.0,2,2,ADC,WO2025088105A1,"KEYMED BIOSCIENCES (CHENGDU) CO., LTD",True,False
CLDN18.2-SN38,ADC,UNRESOLVED,,ABSTAIN - no decisive readout,0,0.0,0,0.239,weighted_fto_deterministic,0.239,0.265,0.0,3,3,ADC,WO2025088105A1,"KEYMED BIOSCIENCES (CHENGDU) CO., LTD",True,False
CLDN18.2-TOP1I,ADC,UNRESOLVED,,ABSTAIN - no decisive readout,0,0.0,2,,UNRESOLVED_no_grounded_patents,0.0,0.0,0.0,0,0,,,,False,False
CLDN18.2-TOPOTECAN,ADC,UNRESOLVED,,ABSTAIN - no decisive readout,0,0.0,0,0.0,weighted_fto_deterministic,0.0,0.0,0.0,1,1,ADC,WO2025078881A2,LIGACHEM BIOSCIENCES INC.,True,False
CLDN18.2|CD137,BISPECIFIC,UNRESOLVED,,ABSTAIN - no decisive readout,0,0.0,0,0.088,weighted_fto_deterministic,0.0,0.167,0.232,0,2,BISPECIFIC,WO2025067400A1,"TJ BIOPHARMA (SHANGHAI) CO., LTD.",True,False
CLDN18.2|CD3,BISPECIFIC,UNRESOLVED,,ABSTAIN - no decisive readout,0,0.0,0,0.415,weighted_fto_deterministic,0.389,0.432,0.463,6,6,BISPECIFIC,WO2025121444A1,ASTELLAS PHARMA INC.,True,False
CLDN18.2|CD47,BISPECIFIC,UNRESOLVED,,ABSTAIN - no decisive readout,0,0.0,0,0.0,weighted_fto_deterministic,0.0,0.0,0.0,1,1,BISPECIFIC,WO2021003082A1,"PHANES THERAPEUTICS, INC.",True,False
CLDN18.2|CTLA-4|PD-1|TIGIT,BISPECIFIC,UNRESOLVED,,ABSTAIN - no decisive readout,0,0.0,1,,UNRESOLVED_no_grounded_patents,0.0,0.0,0.0,0,0,,,,False,False
CLDN18.2|EGFR|HER2,CAR-T,UNRESOLVED,,ABSTAIN - no decisive readout,0,0.0,1,,UNRESOLVED_no_grounded_patents,0.0,0.0,0.0,0,0,,,,False,False
CLDN18.2|EGFR|HER2,MAB,UNRESOLVED,,ABSTAIN - no decisive readout,0,0.0,1,,UNRESOLVED_no_grounded_patents,0.0,0.0,0.0,0,0,,,,False,False
CLDN18.2|HER2,CAR-T,UNRESOLVED,,ABSTAIN - no decisive readout,0,0.0,1,,UNRESOLVED_no_grounded_patents,0.0,0.0,0.0,0,0,,,,False,False
CLDN18.2|HER2,MAB,UNRESOLVED,,ABSTAIN - no decisive readout,0,0.0,1,,UNRESOLVED_no_grounded_patents,0.0,0.0,0.0,0,0,,,,False,False
CLDN18.2|HER2,UNCLASSIFIED,UNRESOLVED,,ABSTAIN - no decisive readout,0,0.0,3,,UNRESOLVED_no_grounded_patents,0.0,0.0,0.0,0,0,,,,False,False
CLDN18.2|HER2|PD-1|PD-L1,BISPECIFIC,UNRESOLVED,,ABSTAIN - no decisive readout,0,0.0,1,,UNRESOLVED_no_grounded_patents,0.0,0.0,0.0,0,0,,,,False,False
CLDN18.2|HER2|PD-L1,MAB,UNRESOLVED,,ABSTAIN - no decisive readout,0,0.0,1,,UNRESOLVED_no_grounded_patents,0.0,0.0,0.0,0,0,,,,False,False
CLDN18.2|HER2|PD-L1,UNCLASSIFIED,UNRESOLVED,,ABSTAIN - no decisive readout,0,0.0,1,,UNRESOLVED_no_grounded_patents,0.0,0.0,0.0,0,0,,,,False,False
CLDN18.2|HER3|HER2|TISSUE FACTOR,UNCLASSIFIED,UNRESOLVED,,ABSTAIN - no decisive readout,0,0.0,1,,UNRESOLVED_no_grounded_patents,0.0,0.0,0.0,0,0,,,,False,False
CLDN18.2|MUC1|MESOTHELIN,CAR-T,UNRESOLVED,,ABSTAIN - no decisive readout,0,0.0,2,,UNRESOLVED_no_grounded_patents,0.0,0.0,0.0,0,0,,,,False,False
CLDN18.2|NKG2D,CAR-T,UNRESOLVED,,ABSTAIN - no decisive readout,0,0.0,2,,UNRESOLVED_no_grounded_patents,0.0,0.0,0.0,0,0,,,,False,False
CLDN18.2|PD-1,BISPECIFIC,UNRESOLVED,,ABSTAIN - no decisive readout,0,0.0,1,,UNRESOLVED_no_grounded_patents,0.0,0.0,0.0,0,0,,,,False,False
CLDN18.2|PD-1,CAR-T,UNRESOLVED,,ABSTAIN - no decisive readout,0,0.0,1,,UNRESOLVED_no_grounded_patents,0.0,0.0,0.0,0,0,,,,False,False
CLDN18.2|PD-1|TCR,MAB,UNRESOLVED,,ABSTAIN - no decisive readout,0,0.0,1,,UNRESOLVED_no_grounded_patents,0.0,0.0,0.0,0,0,,,,False,False
CLDN18.2|PD-L1,BISPECIFIC,UNRESOLVED,,ABSTAIN - no decisive readout,0,0.0,1,0.0,weighted_fto_deterministic,0.0,0.0,0.0,1,1,BISPECIFIC,WO2021257822A2,"SPARX THERAPEUTICS, INC.",True,False
CLDN18.2|PD-L1,CAR-T,UNRESOLVED,,ABSTAIN - no decisive readout,0,0.0,1,,UNRESOLVED_no_grounded_patents,0.0,0.0,0.0,1,1,BISPECIFIC,WO2021257822A2,"SPARX THERAPEUTICS, INC.",False,False
CLDN18.2|PD-L1,UNCLASSIFIED,UNRESOLVED,,ABSTAIN - no decisive readout,0,0.0,1,,UNRESOLVED_no_grounded_patents,0.0,0.0,0.0,1,1,BISPECIFIC,WO2021257822A2,"SPARX THERAPEUTICS, INC.",False,False
CLDN18.2|TCR,CAR-T,UNRESOLVED,,ABSTAIN - no decisive readout,0,0.0,1,,UNRESOLVED_no_grounded_patents,0.0,0.0,0.0,0,0,,,,False,False
CLDN18.2|TROP-2,ADC,UNRESOLVED,,ABSTAIN - no decisive readout,0,0.0,1,,UNRESOLVED_no_grounded_patents,0.0,0.0,0.0,0,0,,,,False,False
CLDN1|EGFR,BISPECIFIC,UNRESOLVED,,ABSTAIN - no decisive readout,0,0.0,0,0.042,weighted_fto_deterministic,0.0,0.167,0.0,1,2,BISPECIFIC,WO2026057723A1,ALENTIS THERAPEUTICS AG,True,False
CLDN4,MAB,UNRESOLVED,,ABSTAIN - no decisive readout,0,0.0,0,0.0,weighted_fto_deterministic,0.0,0.0,0.0,1,1,MAB,WO2024039670A1,"DANA-FARBER CANCER INSTITUTE, INC.",True,False
CLDN6,ADC,UNRESOLVED,,ABSTAIN - no decisive readout,0,0.0,2,,UNRESOLVED_no_grounded_patents,0.423,0.0,0.0,7,7,MAB,WO2024184812A1,BEIGENE SWITZERLAND GMBH,False,False
CLDN6,BISPECIFIC,UNRESOLVED,,ABSTAIN - no decisive readout,0,0.0,2,,UNRESOLVED_no_grounded_patents,0.423,0.0,0.0,7,7,MAB,WO2024184812A1,BEIGENE SWITZERLAND GMBH,False,False
CLDN6-ERIBULIN,ADC,UNRESOLVED,,ABSTAIN - no decisive readout,0,0.0,1,,UNRESOLVED_no_grounded_patents,0.0,0.0,0.0,0,0,,,,False,False
CLDN6-MMAE,ADC,UNRESOLVED,,ABSTAIN - no decisive readout,0,0.0,2,,UNRESOLVED_no_grounded_patents,0.0,0.0,0.0,0,0,,,,False,False
CLDN6-TOP1I,ADC,UNRESOLVED,,ABSTAIN - no decisive readout,0,0.0,2,,UNRESOLVED_no_grounded_patents,0.0,0.0,0.0,0,0,,,,False,False
CLDN6|CD3,BISPECIFIC,UNRESOLVED,,ABSTAIN - no decisive readout,0,0.0,0,0.349,weighted_fto_deterministic,0.349,0.388,0.232,5,5,BISPECIFIC,WO2026085166A1,"THIRD ARC BIO, INC.",True,False
CLEC14A,MAB,UNRESOLVED,,ABSTAIN - no decisive readout,0,0.0,0,0.151,weighted_fto_deterministic,0.151,0.167,0.0,2,2,MAB,WO2013187724A1,SCRIPPS KOREA ANTIBODY INSTITUTE,True,False
CLEC9A,MAB,UNRESOLVED,,ABSTAIN - no decisive readout,0,0.0,0,0.0,weighted_fto_deterministic,0.0,0.0,0.0,1,1,MAB,WO2022073062A1,MONASH UNIVERSITY,True,False
CLEVER-1,MAB,UNRESOLVED,,ABSTAIN - no decisive readout,0,0.0,0,0.066,weighted_fto_deterministic,0.0,0.265,0.0,1,3,MAB,WO2023222953A1,FARON PHARMACEUTICALS OY,True,False
CLL-1,MAB,UNRESOLVED,,ABSTAIN - no decisive readout,0,0.0,0,0.0,weighted_fto_deterministic,0.0,0.0,0.0,0,1,MAB,WO2023002390A1,ABL BIO INC.,True,False
CLL-1|CD3,BISPECIFIC,UNRESOLVED,,ABSTAIN - no decisive readout,0,0.0,0,0.151,weighted_fto_deterministic,0.151,0.265,0.0,2,3,BISPECIFIC,WO2023002392A1,ABL BIO INC.,True,False
CLL-1|CD33,BISPECIFIC,UNRESOLVED,,ABSTAIN - no decisive readout,0,0.0,0,0.0,weighted_fto_deterministic,0.0,0.0,0.0,1,1,BISPECIFIC,WO2024165873A1,CODING BIO LIMITED,True,False
CLL-1|CD38,BISPECIFIC,UNRESOLVED,,ABSTAIN - no decisive readout,0,0.0,0,0.0,weighted_fto_deterministic,0.0,0.0,0.0,1,1,BISPECIFIC,WO2013169625A1,"CELLERANT THERAPEUTICS, INC.",True,False
CLL-1|NKG2D,BISPECIFIC,UNRESOLVED,,ABSTAIN - no decisive readout,0,0.0,0,0.0,weighted_fto_deterministic,0.0,0.0,0.0,1,1,BISPECIFIC,WO2019055677A1,"DRAGONFLY THERAPEUTICS, INC.",True,False
CLUSTERIN,MAB,UNRESOLVED,,ABSTAIN - no decisive readout,0,0.0,1,0.0,weighted_fto_deterministic,0.0,0.0,0.0,0,1,MAB,WO2011063523A1,ALETHIA BIOTHERAPEUTICS INC.,True,False
CNTN4,MAB,UNRESOLVED,,ABSTAIN - no decisive readout,0,0.0,0,0.0,weighted_fto_deterministic,0.0,0.0,0.0,1,1,MAB,WO2022216014A1,GENOME AND COMPANY,True,False
COL17A1|DST,MAB,UNRESOLVED,,ABSTAIN - no decisive readout,0,0.0,0,0.0,weighted_fto_deterministic,0.0,0.0,0.0,1,1,MAB,WO2020072937A1,THE TRUSTEES OF THE UNIVERSITY OF PENNSYLVANIA,True,False
COLLAGEN,MAB,UNRESOLVED,,ABSTAIN - no decisive readout,0,0.0,0,0.0,weighted_fto_deterministic,0.0,0.0,0.0,1,1,MAB,WO2016016269A1,PHILOGEN S.P.A.,True,False
COMPLEMENT,MAB,UNRESOLVED,,ABSTAIN - no decisive readout,0,0.0,0,0.0,weighted_fto_deterministic,0.0,0.0,0.0,0,1,MAB,WO2015174585A1,"UNIVERSITY-INDUSTRY FOUNDATION, YONSEI UNIVERSITY",True,False
CRBN,MAB,UNRESOLVED,,ABSTAIN - no decisive readout,0,0.0,1,0.0,weighted_fto_deterministic,0.0,0.0,0.0,0,1,MAB,WO2020197227A1,UNIVERSITY OF ULSAN FOUNDATION FOR INDUSTRY COOPERATION,True,False
CRBN|GD2,MAB,UNRESOLVED,,ABSTAIN - no decisive readout,0,0.0,1,,UNRESOLVED_no_grounded_patents,0.0,0.0,0.0,0,0,,,,False,False
CRTAM,MAB,UNRESOLVED,,ABSTAIN - no decisive readout,0,0.0,0,0.0,weighted_fto_deterministic,0.0,0.0,0.0,0,1,MAB,WO2023274286A1,"NANJING SANHOME PHARMACEUTICAL CO., LTD.",True,False
CSF-1,MAB,UNRESOLVED,,ABSTAIN - no decisive readout,0,0.0,0,0.042,weighted_fto_deterministic,0.0,0.167,0.0,1,2,MAB,WO2020044252A1,NOVARTIS AG,True,False
CSF1R,MAB,UNRESOLVED,,ABSTAIN - no decisive readout,0,0.0,0,0.042,weighted_fto_deterministic,0.0,0.167,0.0,0,2,MAB,WO2020242950A1,ELIXIRON IMMUNOTHERAPEUTICS (HONG KONG) LIMITED,True,False
CSPG4,MAB,UNRESOLVED,,ABSTAIN - no decisive readout,0,0.0,0,0.239,weighted_fto_deterministic,0.239,0.334,0.0,3,4,MAB,WO2022082066A1,ARDEAGEN CORPORATION,True,False
CTGF,MAB,UNRESOLVED,,ABSTAIN - no decisive readout,0,0.0,0,0.0,weighted_fto_deterministic,0.0,0.0,0.0,0,1,MAB,WO2012100262A1,"FIBROGEN, INC.",True,False
CTHRC1,MAB,UNRESOLVED,,ABSTAIN - no decisive readout,0,0.0,0,0.0,weighted_fto_deterministic,0.0,0.0,0.0,1,1,MAB,WO2024151789A1,PHENOMIC AI,True,False
CTLA-4|AR,MAB,UNRESOLVED,,ABSTAIN - no decisive readout,0,0.0,1,,UNRESOLVED_no_grounded_patents,0.0,0.0,0.0,0,0,,,,False,False
CTLA-4|CD19,CAR-T,UNRESOLVED,,ABSTAIN - no decisive readout,0,0.0,1,,UNRESOLVED_no_grounded_patents,0.0,0.0,0.0,0,0,,,,False,False
CTLA-4|CD20,MAB,UNRESOLVED,,ABSTAIN - no decisive readout,0,0.0,1,,UNRESOLVED_no_grounded_patents,0.0,0.0,0.0,0,0,,,,False,False
CTLA-4|CD25,BISPECIFIC,UNRESOLVED,,ABSTAIN - no decisive readout,0,0.0,0,0.0,weighted_fto_deterministic,0.0,0.0,0.0,1,1,BISPECIFIC,WO2025129132A1,INVENRA INC.,True,False
CTLA-4|CD28,BISPECIFIC,UNRESOLVED,,ABSTAIN - no decisive readout,0,0.0,0,0.0,weighted_fto_deterministic,0.0,0.0,0.0,1,1,BISPECIFIC,WO2024018069A1,PHILOGEN S.P.A,True,False
CTLA-4|CD3,BISPECIFIC,UNRESOLVED,,ABSTAIN - no decisive readout,0,0.0,0,0.0,weighted_fto_deterministic,0.0,0.0,0.0,1,1,BISPECIFIC,WO2020264200A1,"AMUNIX PHARMACEUTICALS, INC.",True,False
CTLA-4|CD40,MAB,UNRESOLVED,,ABSTAIN - no decisive readout,0,0.0,1,,UNRESOLVED_no_grounded_patents,0.0,0.0,0.0,0,0,,,,False,False
CTLA-4|CD47,BISPECIFIC,UNRESOLVED,,ABSTAIN - no decisive readout,0,0.0,0,0.0,weighted_fto_deterministic,0.0,0.0,0.0,1,1,BISPECIFIC,WO2025061050A1,"HANX BIOPHARMACEUTICALS, (WUHAN) LTD.",True,False
CTLA-4|EGFR,CAR-T,UNRESOLVED,,ABSTAIN - no decisive readout,0,0.0,1,,UNRESOLVED_no_grounded_patents,0.0,0.0,0.0,0,0,,,,False,False
CTLA-4|EGFR,MAB,UNRESOLVED,,ABSTAIN - no decisive readout,0,0.0,3,,UNRESOLVED_no_grounded_patents,0.0,0.0,0.0,0,0,,,,False,False
CTLA-4|EGFR|KRAS|PD-1,MAB,UNRESOLVED,,ABSTAIN - no decisive readout,0,0.0,1,,UNRESOLVED_no_grounded_patents,0.0,0.0,0.0,0,0,,,,False,False
CTLA-4|EGFR|PD-1,ADC,UNRESOLVED,,ABSTAIN - no decisive readout,0,0.0,1,,UNRESOLVED_no_grounded_patents,0.0,0.0,0.0,0,0,,,,False,False
CTLA-4|EGFR|PD-1,UNCLASSIFIED,UNRESOLVED,,ABSTAIN - no decisive readout,0,0.0,1,,UNRESOLVED_no_grounded_patents,0.0,0.0,0.0,0,0,,,,False,False
CTLA-4|EGFR|PD-1|PD-L1,MAB,UNRESOLVED,,ABSTAIN - no decisive readout,0,0.0,1,,UNRESOLVED_no_grounded_patents,0.0,0.0,0.0,0,0,,,,False,False
CTLA-4|EGFR|PD-L1,MAB,UNRESOLVED,,ABSTAIN - no decisive readout,0,0.0,1,,UNRESOLVED_no_grounded_patents,0.0,0.0,0.0,0,0,,,,False,False
CTLA-4|ER|HER2,BISPECIFIC,UNRESOLVED,,ABSTAIN - no decisive readout,0,0.0,1,,UNRESOLVED_no_grounded_patents,0.0,0.0,0.0,0,0,,,,False,False
CTLA-4|EZH2,MAB,UNRESOLVED,,ABSTAIN - no decisive readout,0,0.0,1,,UNRESOLVED_no_grounded_patents,0.0,0.0,0.0,0,0,,,,False,False
CTLA-4|EZH2|PD-1|PD-L1,MAB,UNRESOLVED,,ABSTAIN - no decisive readout,0,0.0,1,,UNRESOLVED_no_grounded_patents,0.0,0.0,0.0,0,0,,,,False,False
CTLA-4|FGFR|PD-1,BISPECIFIC,UNRESOLVED,,ABSTAIN - no decisive readout,0,0.0,2,,UNRESOLVED_no_grounded_patents,0.0,0.0,0.0,0,0,,,,False,False
CTLA-4|FGFR|PD-1|PD-L1|VEGF,BISPECIFIC,UNRESOLVED,,ABSTAIN - no decisive readout,0,0.0,2,,UNRESOLVED_no_grounded_patents,0.0,0.0,0.0,0,0,,,,False,False
CTLA-4|GD2|MUC1|PD-1|PD-L1,CAR-T,UNRESOLVED,,ABSTAIN - no decisive readout,0,0.0,1,,UNRESOLVED_no_grounded_patents,0.0,0.0,0.0,0,0,,,,False,False
CTLA-4|GP100,MAB,UNRESOLVED,,ABSTAIN - no decisive readout,0,0.0,1,,UNRESOLVED_no_grounded_patents,0.0,0.0,0.0,0,0,,,,False,False
CTLA-4|GPC3|TIGIT,CAR-T,UNRESOLVED,,ABSTAIN - no decisive readout,0,0.0,1,,UNRESOLVED_no_grounded_patents,0.0,0.0,0.0,0,0,,,,False,False
CTLA-4|HER2,MAB,UNRESOLVED,,ABSTAIN - no decisive readout,0,0.0,1,,UNRESOLVED_no_grounded_patents,0.0,0.0,0.0,0,0,,,,False,False
CTLA-4|HER2,UNCLASSIFIED,UNRESOLVED,,ABSTAIN - no decisive readout,0,0.0,2,,UNRESOLVED_no_grounded_patents,0.0,0.0,0.0,0,0,,,,False,False
CTLA-4|HER2|PD-1,BISPECIFIC,UNRESOLVED,,ABSTAIN - no decisive readout,0,0.0,2,,UNRESOLVED_no_grounded_patents,0.0,0.0,0.0,0,0,,,,False,False
CTLA-4|HER2|PD-1,MAB,UNRESOLVED,,ABSTAIN - no decisive readout,0,0.0,2,,UNRESOLVED_no_grounded_patents,0.0,0.0,0.0,0,0,,,,False,False
CTLA-4|HER2|PD-1|PD-L1,UNCLASSIFIED,UNRESOLVED,,ABSTAIN - no decisive readout,0,0.0,1,,UNRESOLVED_no_grounded_patents,0.0,0.0,0.0,0,0,,,,False,False
CTLA-4|HIF,UNCLASSIFIED,UNRESOLVED,,ABSTAIN - no decisive readout,0,0.0,1,,UNRESOLVED_no_grounded_patents,0.0,0.0,0.0,0,0,,,,False,False
CTLA-4|KRAS,MAB,UNRESOLVED,,ABSTAIN - no decisive readout,0,0.0,1,,UNRESOLVED_no_grounded_patents,0.0,0.0,0.0,0,0,,,,False,False
CTLA-4|KRAS|PD-1,MAB,UNRESOLVED,,ABSTAIN - no decisive readout,0,0.0,2,,UNRESOLVED_no_grounded_patents,0.0,0.0,0.0,0,0,,,,False,False
CTLA-4|KRAS|PD-1,UNCLASSIFIED,UNRESOLVED,,ABSTAIN - no decisive readout,0,0.0,1,,UNRESOLVED_no_grounded_patents,0.0,0.0,0.0,0,0,,,,False,False
CTLA-4|LAG-3,BISPECIFIC,UNRESOLVED,,ABSTAIN - no decisive readout,0,0.0,1,,UNRESOLVED_no_grounded_patents,0.0,0.0,0.0,0,0,,,,False,False
CTLA-4|LAG-3|PD-1,MAB,UNRESOLVED,,ABSTAIN - no decisive readout,0,0.0,9,,UNRESOLVED_no_grounded_patents,0.0,0.0,0.0,0,0,,,,False,False
CTLA-4|LAG-3|PD-1|PD-L1,MAB,UNRESOLVED,,ABSTAIN - no decisive readout,0,0.0,1,,UNRESOLVED_no_grounded_patents,0.0,0.0,0.0,0,0,,,,False,False
CTLA-4|MAGE,MAB,UNRESOLVED,,ABSTAIN - no decisive readout,0,0.0,2,,UNRESOLVED_no_grounded_patents,0.0,0.0,0.0,0,0,,,,False,False
CTLA-4|MESOTHELIN,CAR-T,UNRESOLVED,,ABSTAIN - no decisive readout,0,0.0,1,,UNRESOLVED_no_grounded_patents,0.0,0.0,0.0,0,0,,,,False,False
CTLA-4|MESOTHELIN|PD-1,CAR-T,UNRESOLVED,,ABSTAIN - no decisive readout,0,0.0,1,,UNRESOLVED_no_grounded_patents,0.0,0.0,0.0,0,0,,,,False,False
CTLA-4|MET|PD-L1,MAB,UNRESOLVED,,ABSTAIN - no decisive readout,0,0.0,1,,UNRESOLVED_no_grounded_patents,0.0,0.0,0.0,0,0,,,,False,False
CTLA-4|MUC1,CAR-T,UNRESOLVED,,ABSTAIN - no decisive readout,0,0.0,1,,UNRESOLVED_no_grounded_patents,0.0,0.0,0.0,0,0,,,,False,False
CTLA-4|PD-1,CAR-T,UNRESOLVED,,ABSTAIN - no decisive readout,0,0.0,2,,UNRESOLVED_no_grounded_patents,0.239,0.0,0.0,3,3,BISPECIFIC,WO2023170549A1,MEDIMMUNE LLC,False,False
CTLA-4|PD-1,MAB,UNRESOLVED,0.0,FAILED / CONTESTED (late),60,1.0,274,,UNRESOLVED_no_grounded_patents,0.239,0.0,0.0,3,3,BISPECIFIC,WO2023170549A1,MEDIMMUNE LLC,False,True
CTLA-4|PD-1,UNCLASSIFIED,UNRESOLVED,,ABSTAIN - no decisive readout,0,0.0,21,,UNRESOLVED_no_grounded_patents,0.239,0.0,0.0,3,3,BISPECIFIC,WO2023170549A1,MEDIMMUNE LLC,False,False
CTLA-4|PD-1|ALK,MAB,UNRESOLVED,,ABSTAIN - no decisive readout,0,0.0,1,,UNRESOLVED_no_grounded_patents,0.0,0.0,0.0,0,0,,,,False,False
CTLA-4|PD-1|ALK|EGFR,MAB,UNRESOLVED,,ABSTAIN - no decisive readout,0,0.0,1,,UNRESOLVED_no_grounded_patents,0.0,0.0,0.0,0,0,,,,False,False
CTLA-4|PD-1|AR,MAB,UNRESOLVED,,ABSTAIN - no decisive readout,0,0.0,1,,UNRESOLVED_no_grounded_patents,0.0,0.0,0.0,0,0,,,,False,False
CTLA-4|PD-1|AR|HER2,MAB,UNRESOLVED,,ABSTAIN - no decisive readout,0,0.0,1,,UNRESOLVED_no_grounded_patents,0.0,0.0,0.0,0,0,,,,False,False
CTLA-4|PD-1|AXL,MAB,UNRESOLVED,,ABSTAIN - no decisive readout,0,0.0,1,,UNRESOLVED_no_grounded_patents,0.0,0.0,0.0,0,0,,,,False,False
CTLA-4|PD-1|CD19,MAB,UNRESOLVED,,ABSTAIN - no decisive readout,0,0.0,1,,UNRESOLVED_no_grounded_patents,0.0,0.0,0.0,0,0,,,,False,False
CTLA-4|PD-1|HER2,MAB,UNRESOLVED,,ABSTAIN - no decisive readout,0,0.0,2,,UNRESOLVED_no_grounded_patents,0.0,0.0,0.0,0,0,,,,False,False
CTLA-4|PD-1|HIF,MAB,UNRESOLVED,,ABSTAIN - no decisive readout,0,0.0,1,,UNRESOLVED_no_grounded_patents,0.0,0.0,0.0,0,0,,,,False,False
CTLA-4|PD-1|KRAS,MAB,UNRESOLVED,,ABSTAIN - no decisive readout,0,0.0,2,,UNRESOLVED_no_grounded_patents,0.0,0.0,0.0,0,0,,,,False,False
CTLA-4|PD-1|LAG-3,MAB,UNRESOLVED,,ABSTAIN - no decisive readout,0,0.0,1,,UNRESOLVED_no_grounded_patents,0.0,0.0,0.0,0,0,,,,False,False
CTLA-4|PD-1|MESOTHELIN,MAB,UNRESOLVED,,ABSTAIN - no decisive readout,0,0.0,1,,UNRESOLVED_no_grounded_patents,0.0,0.0,0.0,0,0,,,,False,False
CTLA-4|PD-1|MESOTHELIN|TCR,MAB,UNRESOLVED,,ABSTAIN - no decisive readout,0,0.0,1,,UNRESOLVED_no_grounded_patents,0.0,0.0,0.0,0,0,,,,False,False
CTLA-4|PD-1|PD-L1,OUT_OF_SCOPE,UNRESOLVED,,ABSTAIN - no decisive readout,0,0.0,1,,UNRESOLVED_no_grounded_patents,0.0,0.0,0.0,0,0,,,,False,False
CTLA-4|PD-1|PD-L1|VEGF,BISPECIFIC,UNRESOLVED,,ABSTAIN - no decisive readout,0,0.0,1,,UNRESOLVED_no_grounded_patents,0.0,0.0,0.0,0,0,,,,False,False
CTLA-4|PD-1|PD-L1|VEGF,MAB,UNRESOLVED,,ABSTAIN - no decisive readout,0,0.0,2,,UNRESOLVED_no_grounded_patents,0.0,0.0,0.0,0,0,,,,False,False
CTLA-4|PD-1|TCR|VEGF,MAB,UNRESOLVED,,ABSTAIN - no decisive readout,0,0.0,1,,UNRESOLVED_no_grounded_patents,0.0,0.0,0.0,0,0,,,,False,False
CTLA-4|PD-1|TROP-2,UNCLASSIFIED,UNRESOLVED,,ABSTAIN - no decisive readout,0,0.0,1,,UNRESOLVED_no_grounded_patents,0.0,0.0,0.0,0,0,,,,False,False
CTLA-4|PD-1|VEGF,BISPECIFIC,UNRESOLVED,,ABSTAIN - no decisive readout,0,0.0,5,,UNRESOLVED_no_grounded_patents,0.0,0.0,0.0,0,0,,,,False,False
CTLA-4|PD-1|VEGF,MAB,UNRESOLVED,,ABSTAIN - no decisive readout,0,0.0,4,,UNRESOLVED_no_grounded_patents,0.0,0.0,0.0,0,0,,,,False,False
CTLA-4|PD-1|VEGF,UNCLASSIFIED,UNRESOLVED,,ABSTAIN - no decisive readout,0,0.0,2,,UNRESOLVED_no_grounded_patents,0.0,0.0,0.0,0,0,,,,False,False
CTLA-4|PD-L1|5T4|MAGE|MUC1,MAB,UNRESOLVED,,ABSTAIN - no decisive readout,0,0.0,1,,UNRESOLVED_no_grounded_patents,0.0,0.0,0.0,0,0,,,,False,False
CTLA-4|PD-L1|ALK|BCL-2,MAB,UNRESOLVED,,ABSTAIN - no decisive readout,0,0.0,1,,UNRESOLVED_no_grounded_patents,0.0,0.0,0.0,0,0,,,,False,False
CTLA-4|PD-L1|ALK|EGFR,MAB,UNRESOLVED,,ABSTAIN - no decisive readout,0,0.0,2,,UNRESOLVED_no_grounded_patents,0.0,0.0,0.0,0,0,,,,False,False
CTLA-4|PD-L1|AR|MET,MAB,UNRESOLVED,,ABSTAIN - no decisive readout,0,0.0,1,,UNRESOLVED_no_grounded_patents,0.0,0.0,0.0,0,0,,,,False,False
CTLA-4|PD-L1|AXL|PD-1,MAB,UNRESOLVED,,ABSTAIN - no decisive readout,0,0.0,1,,UNRESOLVED_no_grounded_patents,0.0,0.0,0.0,0,0,,,,False,False
CTLA-4|PD-L1|CD19,MAB,UNRESOLVED,,ABSTAIN - no decisive readout,0,0.0,1,,UNRESOLVED_no_grounded_patents,0.0,0.0,0.0,0,0,,,,False,False
CTLA-4|PD-L1|CD25,MAB,UNRESOLVED,,ABSTAIN - no decisive readout,0,0.0,1,,UNRESOLVED_no_grounded_patents,0.0,0.0,0.0,0,0,,,,False,False
CTLA-4|PD-L1|HER2,MAB,UNRESOLVED,,ABSTAIN - no decisive readout,0,0.0,1,,UNRESOLVED_no_grounded_patents,0.0,0.0,0.0,0,0,,,,False,False
CTLA-4|PD-L1|HER2|KRAS,MAB,UNRESOLVED,,ABSTAIN - no decisive readout,0,0.0,1,,UNRESOLVED_no_grounded_patents,0.0,0.0,0.0,0,0,,,,False,False
CTLA-4|PD-L1|KRAS|PD-1,MAB,UNRESOLVED,,ABSTAIN - no decisive readout,0,0.0,1,,UNRESOLVED_no_grounded_patents,0.0,0.0,0.0,0,0,,,,False,False
CTLA-4|PD-L1|VEGF,BISPECIFIC,UNRESOLVED,,ABSTAIN - no decisive readout,0,0.0,1,,UNRESOLVED_no_grounded_patents,0.0,0.0,0.0,0,0,,,,False,False
CTLA-4|PD-L1|VEGF,MAB,UNRESOLVED,,ABSTAIN - no decisive readout,0,0.0,1,,UNRESOLVED_no_grounded_patents,0.0,0.0,0.0,0,0,,,,False,False
CTLA-4|TCR,BISPECIFIC,UNRESOLVED,,ABSTAIN - no decisive readout,0,0.0,0,0.0,weighted_fto_deterministic,0.0,0.0,0.0,1,1,BISPECIFIC,WO2020057610A1,"WUXI BIOLOGICS (SHANGHAI) CO., LTD.",True,False
CTLA-4|TIM-3,UNCLASSIFIED,UNRESOLVED,,ABSTAIN - no decisive readout,0,0.0,1,,UNRESOLVED_no_grounded_patents,0.0,0.0,0.0,0,0,,,,False,False
CXCL1,MAB,UNRESOLVED,,ABSTAIN - no decisive readout,0,0.0,0,0.0,weighted_fto_deterministic,0.0,0.0,0.0,0,1,MAB,WO2023145844A1,CHIOME BIOSCIENCE INC.,True,False
CXCL13,MAB,UNRESOLVED,,ABSTAIN - no decisive readout,0,0.0,0,0.0,weighted_fto_deterministic,0.0,0.0,0.0,0,1,MAB,WO2020057540A1,"I-MAB BIOPHARMA CO., LTD.",True,False
CXCL16,MAB,UNRESOLVED,,ABSTAIN - no decisive readout,0,0.0,0,0.042,weighted_fto_deterministic,0.0,0.167,0.0,1,2,MAB,WO2023094995A1,"CELLUS, INC.",True,False
CXCL2,MAB,UNRESOLVED,,ABSTAIN - no decisive readout,0,0.0,0,0.0,weighted_fto_deterministic,0.0,0.0,0.0,0,1,MAB,WO2022068078A1,ZHEJIANG UNIVERSITY,True,False
CXCR2,MAB,UNRESOLVED,,ABSTAIN - no decisive readout,0,0.0,0,0.066,weighted_fto_deterministic,0.0,0.265,0.0,0,3,MAB,WO2025005692A1,SCRIPPS KOREA ANTIBODY INSTITUTE,True,False
CXCR4,MAB,UNRESOLVED,,ABSTAIN - no decisive readout,0,0.0,0,0.301,weighted_fto_deterministic,0.301,0.388,0.0,4,5,MAB,WO2019175802A1,FUNDACIÓN PARA LA INVESTIGACIÓN BIOMÉDICA DEL HOSPITAL UNIVERSITARIO LA PAZ,True,False
DC-SIGN,MAB,UNRESOLVED,,ABSTAIN - no decisive readout,0,0.0,0,0.151,weighted_fto_deterministic,0.151,0.167,0.0,2,2,MAB,WO2020092617A1,NOVARTIS AG,True,False
DCLK1,MAB,UNRESOLVED,,ABSTAIN - no decisive readout,0,0.0,0,0.0,weighted_fto_deterministic,0.0,0.0,0.0,1,1,MAB,WO2019112978A2,"COARE HOLDINGS, INC.",True,False
DCR1,MAB,UNRESOLVED,,ABSTAIN - no decisive readout,0,0.0,0,0.0,weighted_fto_deterministic,0.0,0.0,0.0,1,1,MAB,WO2021125787A1,SCIMMNUE INC.,True,False
DDR1,MAB,UNRESOLVED,,ABSTAIN - no decisive readout,0,0.0,0,0.301,weighted_fto_deterministic,0.301,0.388,0.0,4,5,MAB,WO2024107899A1,"INCENDIA THERAPEUTICS, INC.",True,False
DDR2,MAB,UNRESOLVED,,ABSTAIN - no decisive readout,0,0.0,0,0.0,weighted_fto_deterministic,0.0,0.0,0.0,1,1,MAB,WO2024027770A1,"FIBRO-BIOMED TECHNOLOGY (GUANGZHOU) COMPANY, LTD.",True,False
DECTIN-1,BISPECIFIC,UNRESOLVED,,ABSTAIN - no decisive readout,0,0.0,1,,UNRESOLVED_no_grounded_patents,0.0,0.0,0.0,0,0,,,,False,False
DECTIN-2,MAB,UNRESOLVED,,ABSTAIN - no decisive readout,0,0.0,0,0.0,weighted_fto_deterministic,0.0,0.0,0.0,0,1,MAB,WO2024216089A1,"BOLT BIOTHERAPEUTICS, INC.",True,False
DESPR,MAB,UNRESOLVED,,ABSTAIN - no decisive readout,0,0.0,0,0.0,weighted_fto_deterministic,0.0,0.0,0.0,1,1,MAB,WO2017035249A1,TRUSTEES OF BOSTON UNIVERSITY,True,False
DICER1,MAB,UNRESOLVED,,ABSTAIN - no decisive readout,0,0.0,0,0.0,weighted_fto_deterministic,0.0,0.0,0.0,1,1,MAB,WO2020132684A2,"BOARD OF REGENTS, THE UNIVERSITY OF TEXAS SYSTEM",True,False
DKK1,MAB,UNRESOLVED,,ABSTAIN - no decisive readout,0,0.0,0,0.042,weighted_fto_deterministic,0.0,0.167,0.0,1,2,MAB,WO2023143444A1,"SHANGHAI JUNSHI BIOSCIENCES CO., LTD.",True,False
DKK2,MAB,UNRESOLVED,,ABSTAIN - no decisive readout,0,0.0,0,0.151,weighted_fto_deterministic,0.151,0.167,0.0,2,2,MAB,WO2021003687A1,YALE UNIVERSITY,True,False
DKK3,MAB,UNRESOLVED,,ABSTAIN - no decisive readout,0,0.0,0,0.0,weighted_fto_deterministic,0.0,0.0,0.0,1,1,MAB,WO2017057308A1,NATIONAL UNIVERSITY CORPORATION OKAYAMA UNIVERSITY,True,False
DLK1,MAB,UNRESOLVED,,ABSTAIN - no decisive readout,0,0.0,0,0.0,weighted_fto_deterministic,0.0,0.0,0.0,0,1,MAB,WO2014054820A1,"LIVTECH, INC.",True,False
DLL3,BISPECIFIC,UNRESOLVED,,ABSTAIN - no decisive readout,0,0.0,0,0.54,weighted_fto_deterministic,0.54,0.0,0.0,12,17,ADC|BISPECIFIC|MAB,WO2026067620A1,"TJ BIOPHARMA (SHANGHAI) CO., LTD.",True,False
DLL3,CAR-T,UNRESOLVED,,ABSTAIN - no decisive readout,0,0.0,9,,UNRESOLVED_no_grounded_patents,0.54,0.0,0.0,12,17,ADC|BISPECIFIC|MAB,WO2026067620A1,"TJ BIOPHARMA (SHANGHAI) CO., LTD.",False,False
DLL3,MAB,UNRESOLVED,,ABSTAIN - no decisive readout,0,0.0,3,0.54,weighted_fto_deterministic,0.54,0.637,0.0,12,17,ADC|BISPECIFIC|MAB,WO2026067620A1,"TJ BIOPHARMA (SHANGHAI) CO., LTD.",True,False
DLL3,UNCLASSIFIED,UNRESOLVED,,ABSTAIN - no decisive readout,0,0.0,1,,UNRESOLVED_no_grounded_patents,0.54,0.0,0.0,12,17,ADC|BISPECIFIC|MAB,WO2026067620A1,"TJ BIOPHARMA (SHANGHAI) CO., LTD.",False,False
DLL3-AURISTATIN,ADC,UNRESOLVED,,ABSTAIN - no decisive readout,0,0.0,0,0.0,weighted_fto_deterministic,0.0,0.0,0.0,1,1,ADC,WO2025228330A1,FORTVITA BIOLOGICS (SINGAPORE) PTE. LTD.,True,False
DLL3-MAYTANSINOID,ADC,UNRESOLVED,,ABSTAIN - no decisive readout,0,0.0,0,0.0,weighted_fto_deterministic,0.0,0.0,0.0,1,1,ADC,WO2025228330A1,FORTVITA BIOLOGICS (SINGAPORE) PTE. LTD.,True,False
DLL3-TOP1I,ADC,UNRESOLVED,,ABSTAIN - no decisive readout,0,0.0,3,0.0,weighted_fto_deterministic,0.0,0.0,0.0,0,1,ADC,WO2025230927A1,"SYSTIMMUNE, INC.",True,False
DLL3-TOPOTECAN,ADC,UNRESOLVED,,ABSTAIN - no decisive readout,0,0.0,0,0.0,weighted_fto_deterministic,0.0,0.0,0.0,1,1,ADC,WO2025228330A1,FORTVITA BIOLOGICS (SINGAPORE) PTE. LTD.,True,False
DLL3|CD47,BISPECIFIC,UNRESOLVED,,ABSTAIN - no decisive readout,0,0.0,1,0.0,weighted_fto_deterministic,0.0,0.0,0.0,1,1,BISPECIFIC,WO2019217145A1,"PHANES THERAPEUTICS, INC.",True,False
DLL3|DLL4,BISPECIFIC,UNRESOLVED,,ABSTAIN - no decisive readout,0,0.0,0,0.0,weighted_fto_deterministic,0.0,0.0,0.0,1,1,BISPECIFIC,WO2022084915A1,"JANSSEN BIOTECH, INC.",True,False
DLL3|GD2,CAR-T,UNRESOLVED,,ABSTAIN - no decisive readout,0,0.0,1,,UNRESOLVED_no_grounded_patents,0.0,0.0,0.0,0,0,,,,False,False
DLL3|PD-1|PD-L1,BITE,UNRESOLVED,,ABSTAIN - no decisive readout,0,0.0,1,,UNRESOLVED_no_grounded_patents,0.0,0.0,0.0,0,0,,,,False,False
DLL3|PD-L1,CAR-T,UNRESOLVED,,ABSTAIN - no decisive readout,0,0.0,1,,UNRESOLVED_no_grounded_patents,0.0,0.0,0.0,0,0,,,,False,False
DLL3|TCR,BISPECIFIC,UNRESOLVED,,ABSTAIN - no decisive readout,0,0.0,0,0.088,weighted_fto_deterministic,0.0,0.167,0.232,1,2,BISPECIFIC,WO2025212519A1,"MOONLIGHT BIO, INC.",True,False
DLL4|ANG2,BISPECIFIC,UNRESOLVED,,ABSTAIN - no decisive readout,0,0.0,0,0.0,weighted_fto_deterministic,0.0,0.0,0.0,1,1,BISPECIFIC,WO2012131076A1,BOEHRINGER INGELHEIM INTERNATIONAL GMBH,True,False
DMT1,MAB,UNRESOLVED,,ABSTAIN - no decisive readout,0,0.0,0,0.0,weighted_fto_deterministic,0.0,0.0,0.0,0,1,MAB,WO2020245790A1,UNIVERSITA' DEGLI STUDI DI MODENA E REGGIO EMILIA,True,False
DR3,MAB,UNRESOLVED,,ABSTAIN - no decisive readout,0,0.0,0,0.042,weighted_fto_deterministic,0.0,0.167,0.0,0,2,MAB,WO2021041672A1,"PELICAN THERAPEUTICS, INC.",True,False
DR5|MUC16,BISPECIFIC,UNRESOLVED,,ABSTAIN - no decisive readout,0,0.0,0,0.0,weighted_fto_deterministic,0.0,0.0,0.0,1,1,BISPECIFIC,WO2024102962A1,IMMUVIA INC,True,False
DR6,MAB,UNRESOLVED,,ABSTAIN - no decisive readout,0,0.0,0,0.0,weighted_fto_deterministic,0.0,0.0,0.0,0,1,MAB,WO2017193096A1,ABBVIE STEMCENTRX LLC,True,False
DSG2,MAB,UNRESOLVED,,ABSTAIN - no decisive readout,0,0.0,0,0.0,weighted_fto_deterministic,0.0,0.0,0.0,0,1,MAB,WO2017210844A1,"ASCLEPIUMM TAIWAN CO., LTD",True,False
EBNA1|HLA-A2,MAB,UNRESOLVED,,ABSTAIN - no decisive readout,0,0.0,0,0.0,weighted_fto_deterministic,0.0,0.0,0.0,1,1,MAB,WO2015199617A1,NATIONAL UNIVERSITY OF SINGAPORE,True,False
ECSCR,MAB,UNRESOLVED,,ABSTAIN - no decisive readout,0,0.0,0,0.0,weighted_fto_deterministic,0.0,0.0,0.0,1,1,MAB,WO2010116146A1,FUSION ANTIBODIES LTD,True,False
EGF,MAB,UNRESOLVED,,ABSTAIN - no decisive readout,0,0.0,0,0.0,weighted_fto_deterministic,0.0,0.0,0.0,0,1,MAB,WO2015117952A1,CELLTREND GMBH,True,False
EGFR,ANTISENSE,UNRESOLVED,,ABSTAIN - no decisive readout,0,0.0,1,,UNRESOLVED_no_grounded_patents,0.796,0.0,0.0,39,76,ADC|BISPECIFIC|MAB,WO2026108369A1,"SHANGHAI RUOTUO BIOSCIENCES CO., LTD.",False,False
EGFR,OUT_OF_SCOPE,UNRESOLVED,,ABSTAIN - no decisive readout,0,0.0,7,,UNRESOLVED_no_grounded_patents,0.796,0.0,0.0,39,76,ADC|BISPECIFIC|MAB,WO2026108369A1,"SHANGHAI RUOTUO BIOSCIENCES CO., LTD.",False,False
EGFR,UNCLASSIFIED,UNRESOLVED,0.0,FAILED / CONTESTED (late),31,1.0,177,,UNRESOLVED_no_grounded_patents,0.796,0.0,0.0,39,76,ADC|BISPECIFIC|MAB,WO2026108369A1,"SHANGHAI RUOTUO BIOSCIENCES CO., LTD.",False,True
EGFR-AMANITIN,ADC,UNRESOLVED,,ABSTAIN - no decisive readout,0,0.0,0,0.0,weighted_fto_deterministic,0.0,0.0,0.0,1,1,ADC,WO2017051254A1,"LEGOCHEM BIOSCIENCES, INC.",True,False
EGFR-AURISTATIN,ADC,UNRESOLVED,,ABSTAIN - no decisive readout,0,0.0,0,0.0,weighted_fto_deterministic,0.0,0.0,0.0,0,1,ADC,WO2016065456A1,FORMATION BIOLOGICS INC.,True,False
EGFR-CALICHEAMICIN,ADC,UNRESOLVED,,ABSTAIN - no decisive readout,0,0.0,0,0.0,weighted_fto_deterministic,0.0,0.0,0.0,1,1,ADC,WO2017051254A1,"LEGOCHEM BIOSCIENCES, INC.",True,False
EGFR-DM1,ADC,UNRESOLVED,,ABSTAIN - no decisive readout,0,0.0,1,0.0,weighted_fto_deterministic,0.0,0.0,0.0,0,1,ADC,WO2016065456A1,FORMATION BIOLOGICS INC.,True,False
EGFR-DOXORUBICIN,ADC,UNRESOLVED,,ABSTAIN - no decisive readout,0,0.0,0,0.0,weighted_fto_deterministic,0.0,0.0,0.0,1,1,ADC,WO2017051254A1,"LEGOCHEM BIOSCIENCES, INC.",True,False
EGFR-DUOCARMYCIN,ADC,UNRESOLVED,,ABSTAIN - no decisive readout,0,0.0,0,0.0,weighted_fto_deterministic,0.0,0.0,0.0,1,1,ADC,WO2017051254A1,"LEGOCHEM BIOSCIENCES, INC.",True,False
EGFR-DXD,ADC,UNRESOLVED,,ABSTAIN - no decisive readout,0,0.0,2,,UNRESOLVED_no_grounded_patents,0.0,0.0,0.0,0,0,,,,False,False
EGFR-KL610023,ADC,UNRESOLVED,,ABSTAIN - no decisive readout,0,0.0,6,,UNRESOLVED_no_grounded_patents,0.0,0.0,0.0,0,0,,,,False,False
EGFR-MAYTANSINOID,ADC,UNRESOLVED,,ABSTAIN - no decisive readout,0,0.0,0,0.0,weighted_fto_deterministic,0.0,0.0,0.0,1,1,ADC,WO2017051254A1,"LEGOCHEM BIOSCIENCES, INC.",True,False
EGFR-MMAF,ADC,UNRESOLVED,,ABSTAIN - no decisive readout,0,0.0,0,0.151,weighted_fto_deterministic,0.151,0.167,0.0,2,2,ADC,WO2017051254A1,"LEGOCHEM BIOSCIENCES, INC.",True,False
EGFR-PBD,ADC,UNRESOLVED,,ABSTAIN - no decisive readout,0,0.0,0,0.0,weighted_fto_deterministic,0.0,0.0,0.0,1,1,ADC,WO2017051254A1,"LEGOCHEM BIOSCIENCES, INC.",True,False
EGFR-TOP1I,ADC,UNRESOLVED,,ABSTAIN - no decisive readout,0,0.0,7,,UNRESOLVED_no_grounded_patents,0.0,0.0,0.0,0,0,,,,False,False
EGFR-TOPOTECAN,ADC,UNRESOLVED,,ABSTAIN - no decisive readout,0,0.0,0,0.0,weighted_fto_deterministic,0.0,0.0,0.0,1,1,ADC,WO2017051254A1,"LEGOCHEM BIOSCIENCES, INC.",True,False
EGFR-TUBULYSIN,ADC,UNRESOLVED,,ABSTAIN - no decisive readout,0,0.0,0,0.042,weighted_fto_deterministic,0.0,0.167,0.0,1,2,ADC,WO2017051254A1,"LEGOCHEM BIOSCIENCES, INC.",True,False
EGFR|ANG2|PD-1|SIRP-ALPHA|VEGF,MAB,UNRESOLVED,,ABSTAIN - no decisive readout,0,0.0,1,,UNRESOLVED_no_grounded_patents,0.0,0.0,0.0,0,0,,,,False,False
EGFR|AXL,MAB,UNRESOLVED,,ABSTAIN - no decisive readout,0,0.0,1,,UNRESOLVED_no_grounded_patents,0.0,0.0,0.0,0,0,,,,False,False
EGFR|B7-H3-TOP1I,ADC,UNRESOLVED,,ABSTAIN - no decisive readout,0,0.0,1,,UNRESOLVED_no_grounded_patents,0.0,0.0,0.0,0,0,,,,False,False
EGFR|B7-H3|PD-L1-TOP1I,ADC,UNRESOLVED,,ABSTAIN - no decisive readout,0,0.0,1,,UNRESOLVED_no_grounded_patents,0.0,0.0,0.0,0,0,,,,False,False
EGFR|CD137,BISPECIFIC,UNRESOLVED,,ABSTAIN - no decisive readout,0,0.0,2,0.042,weighted_fto_deterministic,0.0,0.167,0.0,1,2,BISPECIFIC,WO2021170068A1,"SHANGHAI HENLIUS BIOTECH, INC.",True,False
EGFR|CD137|CD16|CD25,MAB,UNRESOLVED,,ABSTAIN - no decisive readout,0,0.0,1,,UNRESOLVED_no_grounded_patents,0.0,0.0,0.0,0,0,,,,False,False
EGFR|CD16,BISPECIFIC,UNRESOLVED,,ABSTAIN - no decisive readout,0,0.0,1,0.042,weighted_fto_deterministic,0.0,0.167,0.0,1,2,BISPECIFIC,WO2024213097A1,"SHANDONG SIMCERE BIOPHARMACEUTICAL CO., LTD.",True,False
EGFR|CD28,BISPECIFIC,UNRESOLVED,,ABSTAIN - no decisive readout,0,0.0,0,0.151,weighted_fto_deterministic,0.151,0.167,0.0,2,2,BISPECIFIC,WO2024076926A1,"REGENERON PHARMACEUTICALS, INC.",True,False
EGFR|CD3,BISPECIFIC,UNRESOLVED,,ABSTAIN - no decisive readout,0,0.0,0,0.467,weighted_fto_deterministic,0.452,0.502,0.463,8,8,BISPECIFIC,WO2024184287A1,F. HOFFMANN-LA ROCHE AG,True,False
EGFR|CD47|KRAS|SIRP-ALPHA,MAB,UNRESOLVED,,ABSTAIN - no decisive readout,0,0.0,1,,UNRESOLVED_no_grounded_patents,0.0,0.0,0.0,0,0,,,,False,False
EGFR|CD70,BISPECIFIC,UNRESOLVED,,ABSTAIN - no decisive readout,0,0.0,0,0.0,weighted_fto_deterministic,0.0,0.0,0.0,1,1,BISPECIFIC,WO2025180385A1,"BIOCYTOGEN PHARMACEUTICALS (BEIJING) CO., LTD.",True,False
EGFR|CEA,MAB,UNRESOLVED,,ABSTAIN - no decisive readout,0,0.0,1,,UNRESOLVED_no_grounded_patents,0.0,0.0,0.0,0,0,,,,False,False
EGFR|CEA|KRAS,MAB,UNRESOLVED,,ABSTAIN - no decisive readout,0,0.0,1,,UNRESOLVED_no_grounded_patents,0.0,0.0,0.0,0,0,,,,False,False
EGFR|CEA|MUC16,MAB,UNRESOLVED,,ABSTAIN - no decisive readout,0,0.0,1,,UNRESOLVED_no_grounded_patents,0.0,0.0,0.0,0,0,,,,False,False
EGFR|CTLA-4|KRAS|PD-1|VEGF,MAB,UNRESOLVED,,ABSTAIN - no decisive readout,0,0.0,1,,UNRESOLVED_no_grounded_patents,0.0,0.0,0.0,0,0,,,,False,False
EGFR|CTLA-4|PD-1,MAB,UNRESOLVED,,ABSTAIN - no decisive readout,0,0.0,1,,UNRESOLVED_no_grounded_patents,0.0,0.0,0.0,0,0,,,,False,False
EGFR|ER,UNCLASSIFIED,UNRESOLVED,,ABSTAIN - no decisive readout,0,0.0,2,,UNRESOLVED_no_grounded_patents,0.0,0.0,0.0,0,0,,,,False,False
EGFR|FAP,UNCLASSIFIED,UNRESOLVED,,ABSTAIN - no decisive readout,0,0.0,1,,UNRESOLVED_no_grounded_patents,0.0,0.0,0.0,0,0,,,,False,False
EGFR|FGFR,UNCLASSIFIED,UNRESOLVED,,ABSTAIN - no decisive readout,0,0.0,5,,UNRESOLVED_no_grounded_patents,0.0,0.0,0.0,0,0,,,,False,False
EGFR|FOLR1,UNCLASSIFIED,UNRESOLVED,,ABSTAIN - no decisive readout,0,0.0,1,,UNRESOLVED_no_grounded_patents,0.0,0.0,0.0,0,0,,,,False,False
EGFR|HER2|KRAS,UNCLASSIFIED,UNRESOLVED,,ABSTAIN - no decisive readout,0,0.0,2,,UNRESOLVED_no_grounded_patents,0.0,0.0,0.0,0,0,,,,False,False
EGFR|HER2|MESOTHELIN,CAR-T,UNRESOLVED,,ABSTAIN - no decisive readout,0,0.0,2,,UNRESOLVED_no_grounded_patents,0.0,0.0,0.0,0,0,,,,False,False
EGFR|HER2|PD-1,MAB,UNRESOLVED,,ABSTAIN - no decisive readout,0,0.0,1,,UNRESOLVED_no_grounded_patents,0.0,0.0,0.0,0,0,,,,False,False
EGFR|HER2|PD-1|PD-L1,MAB,UNRESOLVED,,ABSTAIN - no decisive readout,0,0.0,1,,UNRESOLVED_no_grounded_patents,0.0,0.0,0.0,0,0,,,,False,False
EGFR|HER2|PD-L1,MAB,UNRESOLVED,,ABSTAIN - no decisive readout,0,0.0,2,,UNRESOLVED_no_grounded_patents,0.0,0.0,0.0,0,0,,,,False,False
EGFR|HER2|VEGF,UNCLASSIFIED,UNRESOLVED,,ABSTAIN - no decisive readout,0,0.0,1,,UNRESOLVED_no_grounded_patents,0.0,0.0,0.0,0,0,,,,False,False
EGFR|HER3-ED04,ADC,UNRESOLVED,,ABSTAIN - no decisive readout,0,0.0,4,,UNRESOLVED_no_grounded_patents,0.0,0.0,0.0,0,0,,,,False,False
EGFR|HER3-EXATECAN,ADC,UNRESOLVED,,ABSTAIN - no decisive readout,0,0.0,2,,UNRESOLVED_no_grounded_patents,0.0,0.0,0.0,0,0,,,,False,False
EGFR|HER3|HER2,UNCLASSIFIED,UNRESOLVED,,ABSTAIN - no decisive readout,0,0.0,2,,UNRESOLVED_no_grounded_patents,0.0,0.0,0.0,0,0,,,,False,False
EGFR|HER3|KRAS,ADC,UNRESOLVED,,ABSTAIN - no decisive readout,0,0.0,1,,UNRESOLVED_no_grounded_patents,0.0,0.0,0.0,0,0,,,,False,False
EGFR|IGF-1R,BISPECIFIC,UNRESOLVED,,ABSTAIN - no decisive readout,0,0.0,0,0.0,weighted_fto_deterministic,0.0,0.0,0.0,1,1,BISPECIFIC,WO2013041462A1,ROCHE GLYCART AG,True,False
EGFR|IGF-1R,MAB,UNRESOLVED,,ABSTAIN - no decisive readout,0,0.0,5,,UNRESOLVED_no_grounded_patents,0.0,0.0,0.0,1,1,BISPECIFIC,WO2013041462A1,ROCHE GLYCART AG,False,False
EGFR|IGF-1R,UNCLASSIFIED,UNRESOLVED,,ABSTAIN - no decisive readout,0,0.0,1,,UNRESOLVED_no_grounded_patents,0.0,0.0,0.0,1,1,BISPECIFIC,WO2013041462A1,ROCHE GLYCART AG,False,False
EGFR|KRAS|MET,MAB,UNRESOLVED,,ABSTAIN - no decisive readout,0,0.0,3,,UNRESOLVED_no_grounded_patents,0.0,0.0,0.0,0,0,,,,False,False
EGFR|KRAS|MUC16,MAB,UNRESOLVED,,ABSTAIN - no decisive readout,0,0.0,1,,UNRESOLVED_no_grounded_patents,0.0,0.0,0.0,0,0,,,,False,False
EGFR|KRAS|PD-1,MAB,UNRESOLVED,,ABSTAIN - no decisive readout,0,0.0,1,,UNRESOLVED_no_grounded_patents,0.0,0.0,0.0,0,0,,,,False,False
EGFR|KRAS|PD-L1,MAB,UNRESOLVED,,ABSTAIN - no decisive readout,0,0.0,1,,UNRESOLVED_no_grounded_patents,0.0,0.0,0.0,0,0,,,,False,False
EGFR|KRAS|VEGF,MAB,UNRESOLVED,,ABSTAIN - no decisive readout,0,0.0,1,,UNRESOLVED_no_grounded_patents,0.0,0.0,0.0,0,0,,,,False,False
EGFR|KRAS|VEGF,OUT_OF_SCOPE,UNRESOLVED,,ABSTAIN - no decisive readout,0,0.0,1,,UNRESOLVED_no_grounded_patents,0.0,0.0,0.0,0,0,,,,False,False
EGFR|LAG-3,BISPECIFIC,UNRESOLVED,,ABSTAIN - no decisive readout,0,0.0,0,0.0,weighted_fto_deterministic,0.0,0.0,0.0,1,1,BISPECIFIC,WO2024168588A1,"ZHEJIANG SHIMAI PHARMACEUTICAL CO., LTD.",True,False
EGFR|LGR5,BISPECIFIC,UNRESOLVED,,ABSTAIN - no decisive readout,0,0.0,0,0.0,weighted_fto_deterministic,0.0,0.0,0.0,1,1,BISPECIFIC,WO2026121966A2,MERUS B.V.,True,False
EGFR|MESOTHELIN,CAR-T,UNRESOLVED,,ABSTAIN - no decisive readout,0,0.0,1,,UNRESOLVED_no_grounded_patents,0.0,0.0,0.0,0,0,,,,False,False
EGFR|MET,MULTISPECIFIC,UNRESOLVED,,ABSTAIN - no decisive readout,0,0.0,1,,UNRESOLVED_no_grounded_patents,0.681,0.0,0.0,23,30,BISPECIFIC,WO2026086844A1,"CHIA TAI TIANQING PHARMACEUTICAL GROUP CO., LTD.",False,False
EGFR|MET,RADIOLIGAND,UNRESOLVED,,ABSTAIN - no decisive readout,0,0.0,1,,UNRESOLVED_no_grounded_patents,0.681,0.0,0.0,23,30,BISPECIFIC,WO2026086844A1,"CHIA TAI TIANQING PHARMACEUTICAL GROUP CO., LTD.",False,False
EGFR|MET-AMANITIN,BISPECIFIC,UNRESOLVED,,ABSTAIN - no decisive readout,0,0.0,0,0.0,weighted_fto_deterministic,0.0,0.0,0.0,1,1,BISPECIFIC,WO2025103450A1,"SICHUAN KELUN-BIOTECH BIOPHARMACEUTICAL CO., LTD.",True,False
EGFR|MET-AURISTATIN,BISPECIFIC,UNRESOLVED,,ABSTAIN - no decisive readout,0,0.0,0,0.0,weighted_fto_deterministic,0.0,0.0,0.0,1,1,BISPECIFIC,WO2025103450A1,"SICHUAN KELUN-BIOTECH BIOPHARMACEUTICAL CO., LTD.",True,False
EGFR|MET-DOXORUBICIN,BISPECIFIC,UNRESOLVED,,ABSTAIN - no decisive readout,0,0.0,0,0.0,weighted_fto_deterministic,0.0,0.0,0.0,1,1,BISPECIFIC,WO2025103450A1,"SICHUAN KELUN-BIOTECH BIOPHARMACEUTICAL CO., LTD.",True,False
EGFR|MET-MAYTANSINOID,BISPECIFIC,UNRESOLVED,,ABSTAIN - no decisive readout,0,0.0,0,0.0,weighted_fto_deterministic,0.0,0.0,0.0,1,1,BISPECIFIC,WO2025103450A1,"SICHUAN KELUN-BIOTECH BIOPHARMACEUTICAL CO., LTD.",True,False
EGFR|MET-PBD,BISPECIFIC,UNRESOLVED,,ABSTAIN - no decisive readout,0,0.0,0,0.0,weighted_fto_deterministic,0.0,0.0,0.0,1,1,BISPECIFIC,WO2025103450A1,"SICHUAN KELUN-BIOTECH BIOPHARMACEUTICAL CO., LTD.",True,False
EGFR|MET-SN38,BISPECIFIC,UNRESOLVED,,ABSTAIN - no decisive readout,0,0.0,0,0.0,weighted_fto_deterministic,0.0,0.0,0.0,1,1,BISPECIFIC,WO2025103450A1,"SICHUAN KELUN-BIOTECH BIOPHARMACEUTICAL CO., LTD.",True,False
EGFR|MET-TOP1I,ADC,UNRESOLVED,,ABSTAIN - no decisive readout,0,0.0,1,,UNRESOLVED_no_grounded_patents,0.0,0.0,0.0,0,0,,,,False,False
EGFR|MET-TOPOTECAN,BISPECIFIC,UNRESOLVED,,ABSTAIN - no decisive readout,0,0.0,0,0.0,weighted_fto_deterministic,0.0,0.0,0.0,1,1,BISPECIFIC,WO2025103450A1,"SICHUAN KELUN-BIOTECH BIOPHARMACEUTICAL CO., LTD.",True,False
EGFR|MET|HER2|KRAS,BISPECIFIC,UNRESOLVED,,ABSTAIN - no decisive readout,0,0.0,1,,UNRESOLVED_no_grounded_patents,0.0,0.0,0.0,0,0,,,,False,False
EGFR|MET|PD-1,BISPECIFIC,UNRESOLVED,,ABSTAIN - no decisive readout,0,0.0,1,,UNRESOLVED_no_grounded_patents,0.0,0.0,0.0,0,0,,,,False,False
EGFR|MET|VEGF,UNCLASSIFIED,UNRESOLVED,,ABSTAIN - no decisive readout,0,0.0,1,,UNRESOLVED_no_grounded_patents,0.0,0.0,0.0,0,0,,,,False,False
EGFR|MET|VEGF|HER2|KRAS,BISPECIFIC,UNRESOLVED,,ABSTAIN - no decisive readout,0,0.0,1,,UNRESOLVED_no_grounded_patents,0.0,0.0,0.0,0,0,,,,False,False
EGFR|MUC1,ADC,UNRESOLVED,,ABSTAIN - no decisive readout,0,0.0,1,,UNRESOLVED_no_grounded_patents,0.0,0.0,0.0,1,1,BISPECIFIC,WO2021247798A1,MERCK PATENT GMBH,False,False
EGFR|MUC1,BISPECIFIC,UNRESOLVED,,ABSTAIN - no decisive readout,0,0.0,1,0.0,weighted_fto_deterministic,0.0,0.0,0.0,1,1,BISPECIFIC,WO2021247798A1,MERCK PATENT GMBH,True,False
EGFR|MUC1,MAB,UNRESOLVED,,ABSTAIN - no decisive readout,0,0.0,1,,UNRESOLVED_no_grounded_patents,0.0,0.0,0.0,1,1,BISPECIFIC,WO2021247798A1,MERCK PATENT GMBH,False,False
EGFR|NECTIN4|PD-1,MAB,UNRESOLVED,,ABSTAIN - no decisive readout,0,0.0,1,,UNRESOLVED_no_grounded_patents,0.0,0.0,0.0,0,0,,,,False,False
EGFR|NKG2D,BISPECIFIC,UNRESOLVED,,ABSTAIN - no decisive readout,0,0.0,0,0.0,weighted_fto_deterministic,0.0,0.0,0.0,1,1,BISPECIFIC,WO2016134371A2,OHIO STATE INNOVATION FOUNDATION,True,False
EGFR|PD-1,ADC,UNRESOLVED,,ABSTAIN - no decisive readout,0,0.0,3,,UNRESOLVED_no_grounded_patents,0.0,0.0,0.0,1,1,BISPECIFIC,WO2019062755A1,"WUXI BIOLOGICS (SHANGHAI) CO., LTD.",False,False
EGFR|PD-1,UNCLASSIFIED,UNRESOLVED,,ABSTAIN - no decisive readout,0,0.0,4,,UNRESOLVED_no_grounded_patents,0.0,0.0,0.0,1,1,BISPECIFIC,WO2019062755A1,"WUXI BIOLOGICS (SHANGHAI) CO., LTD.",False,False
EGFR|PD-1-MMAE,ADC,UNRESOLVED,,ABSTAIN - no decisive readout,0,0.0,1,,UNRESOLVED_no_grounded_patents,0.0,0.0,0.0,0,0,,,,False,False
EGFR|PD-1|MET,MAB,UNRESOLVED,,ABSTAIN - no decisive readout,0,0.0,1,,UNRESOLVED_no_grounded_patents,0.0,0.0,0.0,0,0,,,,False,False
EGFR|PD-1|PD-L1,ADC,UNRESOLVED,,ABSTAIN - no decisive readout,0,0.0,5,,UNRESOLVED_no_grounded_patents,0.0,0.0,0.0,0,0,,,,False,False
EGFR|PD-1|PD-L1,MAB,UNRESOLVED,,ABSTAIN - no decisive readout,0,0.0,10,,UNRESOLVED_no_grounded_patents,0.0,0.0,0.0,0,0,,,,False,False
EGFR|PD-1|PD-L1,UNCLASSIFIED,UNRESOLVED,,ABSTAIN - no decisive readout,0,0.0,2,,UNRESOLVED_no_grounded_patents,0.0,0.0,0.0,0,0,,,,False,False
EGFR|PD-1|TCR,ADC,UNRESOLVED,,ABSTAIN - no decisive readout,0,0.0,1,,UNRESOLVED_no_grounded_patents,0.0,0.0,0.0,0,0,,,,False,False
EGFR|PD-1|VEGF,BISPECIFIC,UNRESOLVED,,ABSTAIN - no decisive readout,0,0.0,1,,UNRESOLVED_no_grounded_patents,0.0,0.0,0.0,0,0,,,,False,False
EGFR|PD-1|VEGF,MAB,UNRESOLVED,,ABSTAIN - no decisive readout,0,0.0,2,,UNRESOLVED_no_grounded_patents,0.0,0.0,0.0,0,0,,,,False,False
EGFR|PD-1|VEGF,UNCLASSIFIED,UNRESOLVED,,ABSTAIN - no decisive readout,0,0.0,1,,UNRESOLVED_no_grounded_patents,0.0,0.0,0.0,0,0,,,,False,False
EGFR|PD-L1,BISPECIFIC,UNRESOLVED,,ABSTAIN - no decisive readout,0,0.0,0,0.151,weighted_fto_deterministic,0.151,0.167,0.0,2,2,BISPECIFIC,WO2023165813A1,TECHNISCHE UNIVERSITÄT DARMSTADT,True,False
EGFR|PTK7,ADC,UNRESOLVED,,ABSTAIN - no decisive readout,0,0.0,1,,UNRESOLVED_no_grounded_patents,0.0,0.0,0.0,0,0,,,,False,False
EGFR|TCR,BISPECIFIC,UNRESOLVED,,ABSTAIN - no decisive readout,0,0.0,0,0.349,weighted_fto_deterministic,0.349,0.388,0.0,5,5,BISPECIFIC,WO2025128615A1,SEAGEN INC.,True,False
EGFR|TGF-BETA1,BISPECIFIC,UNRESOLVED,,ABSTAIN - no decisive readout,0,0.0,1,,UNRESOLVED_no_grounded_patents,0.0,0.0,0.0,0,0,,,,False,False
EGFR|TROP-2,ADC,UNRESOLVED,,ABSTAIN - no decisive readout,0,0.0,1,,UNRESOLVED_no_grounded_patents,0.0,0.0,0.0,0,0,,,,False,False
EGFR|TROP-2,CAR-T,UNRESOLVED,,ABSTAIN - no decisive readout,0,0.0,2,,UNRESOLVED_no_grounded_patents,0.0,0.0,0.0,0,0,,,,False,False
EGFR|TROP-2-KL610023,ADC,UNRESOLVED,,ABSTAIN - no decisive readout,0,0.0,2,,UNRESOLVED_no_grounded_patents,0.0,0.0,0.0,0,0,,,,False,False
EGFR|VEGFR2,MAB,UNRESOLVED,,ABSTAIN - no decisive readout,0,0.0,1,,UNRESOLVED_no_grounded_patents,0.0,0.0,0.0,0,0,,,,False,False
EGFR|VEGF|PD-L1|CTLA-4|PD-1,MAB,UNRESOLVED,,ABSTAIN - no decisive readout,0,0.0,1,,UNRESOLVED_no_grounded_patents,0.0,0.0,0.0,0,0,,,,False,False
EHD2,MAB,UNRESOLVED,,ABSTAIN - no decisive readout,0,0.0,0,0.0,weighted_fto_deterministic,0.0,0.0,0.0,0,1,MAB,WO2015149450A1,"TIANJIN YINGSHIBO TECHNOLOGY DEVELOPMENT CO., LTD",True,False
EIF3L,MAB,UNRESOLVED,,ABSTAIN - no decisive readout,0,0.0,0,0.0,weighted_fto_deterministic,0.0,0.0,0.0,0,1,MAB,WO2024243152A2,THE CLEVELAND CLINIC FOUNDATION,True,False
ELTD1,MAB,UNRESOLVED,,ABSTAIN - no decisive readout,0,0.0,0,0.0,weighted_fto_deterministic,0.0,0.0,0.0,1,1,MAB,WO2020092969A1,OKLAHOMA MEDICAL RESEARCH FOUNDATION,True,False
ENPP3,BISPECIFIC,UNRESOLVED,,ABSTAIN - no decisive readout,0,0.0,0,0.0,weighted_fto_deterministic,0.0,0.0,0.0,1,1,BISPECIFIC,WO2024226829A2,YALE UNIVERSITY,True,False
ENPP3|CD28,BISPECIFIC,UNRESOLVED,,ABSTAIN - no decisive readout,0,0.0,0,0.0,weighted_fto_deterministic,0.0,0.0,0.0,1,1,BISPECIFIC,WO2024216226A1,"XENCOR, INC.",True,False
ENPP3|CD3,BISPECIFIC,UNRESOLVED,,ABSTAIN - no decisive readout,0,0.0,0,0.0,weighted_fto_deterministic,0.0,0.0,0.0,1,1,BISPECIFIC,WO2025126102A1,"JANSSEN BIOTECH, INC.",True,False
ENPP3|TCR,BISPECIFIC,UNRESOLVED,,ABSTAIN - no decisive readout,0,0.0,0,0.0,weighted_fto_deterministic,0.0,0.0,0.0,0,1,BISPECIFIC,WO2023236099A1,"ZHEJIANG SHIMAI PHARMACEUTICAL CO., LTD.",True,False
ENTPD2,MAB,UNRESOLVED,,ABSTAIN - no decisive readout,0,0.0,0,0.0,weighted_fto_deterministic,0.0,0.0,0.0,1,1,MAB,WO2021053559A1,NOVARTIS AG,True,False
EPCAM,BITE,UNRESOLVED,,ABSTAIN - no decisive readout,0,0.0,1,,UNRESOLVED_no_grounded_patents,0.452,0.0,0.0,8,13,BISPECIFIC|MAB,WO2024015830A1,"CYTOMX THERAPEUTICS, INC.",False,False
EPCAM,CAR-T,UNRESOLVED,,ABSTAIN - no decisive readout,0,0.0,8,,UNRESOLVED_no_grounded_patents,0.452,0.0,0.0,8,13,BISPECIFIC|MAB,WO2024015830A1,"CYTOMX THERAPEUTICS, INC.",False,False
EPCAM,MAB,UNRESOLVED,,ABSTAIN - no decisive readout,0,0.0,3,0.452,weighted_fto_deterministic,0.452,0.6,0.0,8,13,BISPECIFIC|MAB,WO2024015830A1,"CYTOMX THERAPEUTICS, INC.",True,False
EPCAM,UNCLASSIFIED,UNRESOLVED,,ABSTAIN - no decisive readout,0,0.0,1,,UNRESOLVED_no_grounded_patents,0.452,0.0,0.0,8,13,BISPECIFIC|MAB,WO2024015830A1,"CYTOMX THERAPEUTICS, INC.",False,False
EPCAM|CD28,BISPECIFIC,UNRESOLVED,,ABSTAIN - no decisive readout,0,0.0,0,0.0,weighted_fto_deterministic,0.0,0.0,0.0,1,1,BISPECIFIC,WO2022253867A1,F. HOFFMANN-LA ROCHE AG,True,False
EPCAM|HER2|NECTIN4,CAR-T,UNRESOLVED,,ABSTAIN - no decisive readout,0,0.0,1,,UNRESOLVED_no_grounded_patents,0.0,0.0,0.0,0,0,,,,False,False
EPCAM|KRAS,UNCLASSIFIED,UNRESOLVED,,ABSTAIN - no decisive readout,0,0.0,1,,UNRESOLVED_no_grounded_patents,0.0,0.0,0.0,0,0,,,,False,False
EPCAM|TCR,UNCLASSIFIED,UNRESOLVED,,ABSTAIN - no decisive readout,0,0.0,1,,UNRESOLVED_no_grounded_patents,0.0,0.0,0.0,0,0,,,,False,False
EPCAM|TROP-2,UNCLASSIFIED,UNRESOLVED,,ABSTAIN - no decisive readout,0,0.0,1,,UNRESOLVED_no_grounded_patents,0.0,0.0,0.0,0,0,,,,False,False
EPCAM|VEGF,MAB,UNRESOLVED,,ABSTAIN - no decisive readout,0,0.0,1,,UNRESOLVED_no_grounded_patents,0.0,0.0,0.0,0,0,,,,False,False
EPHA10,MAB,UNRESOLVED,,ABSTAIN - no decisive readout,0,0.0,0,0.0,weighted_fto_deterministic,0.0,0.0,0.0,1,1,MAB,WO2012124334A1,NATIONAL INSTITUTE OF BIOMEDICAL INNOVATION,True,False
EPHA2,CAR-T,UNRESOLVED,,ABSTAIN - no decisive readout,0,0.0,1,,UNRESOLVED_no_grounded_patents,0.301,0.0,0.0,4,8,MAB,WO2023230624A2,TAIPEI MEDICAL UNIVERSITY,False,False
EPHA2,MAB,UNRESOLVED,,ABSTAIN - no decisive readout,0,0.0,0,0.301,weighted_fto_deterministic,0.301,0.502,0.0,4,8,MAB,WO2023230624A2,TAIPEI MEDICAL UNIVERSITY,True,False
EPHA2,OUT_OF_SCOPE,UNRESOLVED,,ABSTAIN - no decisive readout,0,0.0,1,,UNRESOLVED_no_grounded_patents,0.301,0.0,0.0,4,8,MAB,WO2023230624A2,TAIPEI MEDICAL UNIVERSITY,False,False
EPHA5,MAB,UNRESOLVED,,ABSTAIN - no decisive readout,0,0.0,0,0.0,weighted_fto_deterministic,0.0,0.0,0.0,0,1,MAB,WO2025208100A1,"MBRACE THERAPEUTICS, INC.",True,False
EPHB2,MAB,UNRESOLVED,,ABSTAIN - no decisive readout,0,0.0,0,0.0,weighted_fto_deterministic,0.0,0.0,0.0,1,1,MAB,WO2021255741A1,4C BIOMED SERVICES LTD.,True,False
EPIREGULIN,MAB,UNRESOLVED,,ABSTAIN - no decisive readout,0,0.0,0,0.151,weighted_fto_deterministic,0.151,0.167,0.0,2,2,MAB,WO2014208482A1,CHUGAI SEIYAKU KABUSHIKI KAISHA,True,False
EPN1,MAB,UNRESOLVED,,ABSTAIN - no decisive readout,0,0.0,0,0.0,weighted_fto_deterministic,0.0,0.0,0.0,1,1,MAB,WO2020072618A1,"IMMUNOME, INC.",True,False
EPO,MAB,UNRESOLVED,,ABSTAIN - no decisive readout,0,0.0,0,0.151,weighted_fto_deterministic,0.151,0.167,0.0,2,2,MAB,WO2023280952A1,ANDREMACON S.R.L.,True,False
ER,ADC,UNRESOLVED,,ABSTAIN - no decisive readout,0,0.0,1,,UNRESOLVED_no_grounded_patents,0.0,0.0,0.0,0,0,,,,False,False
ER,PROTAC,UNRESOLVED,,ABSTAIN - no decisive readout,0,0.0,3,,UNRESOLVED_no_grounded_patents,0.0,0.0,0.0,0,0,,,,False,False
ERBB,MAB,UNRESOLVED,,ABSTAIN - no decisive readout,0,0.0,0,0.301,weighted_fto_deterministic,0.301,0.388,0.0,4,5,MAB,WO2015157634A1,"KOLLTAN PHARMACEUTICALS, INC.",True,False
ERG,MAB,UNRESOLVED,,ABSTAIN - no decisive readout,0,0.0,0,0.0,weighted_fto_deterministic,0.0,0.0,0.0,1,1,MAB,WO2025120444A1,FONDAZIONE PER L’ISTITUTO ONCOLOGICO DI RICERCA (IOR),True,False
ERK2|ERK1,OUT_OF_SCOPE,UNRESOLVED,,ABSTAIN - no decisive readout,0,0.0,1,,UNRESOLVED_no_grounded_patents,0.0,0.0,0.0,0,0,,,,False,False
ERP29,MAB,UNRESOLVED,,ABSTAIN - no decisive readout,0,0.0,0,0.0,weighted_fto_deterministic,0.0,0.0,0.0,0,1,MAB,WO2011111698A1,FUJIFILM CORPORATION,True,False
ER|FGFR,UNCLASSIFIED,UNRESOLVED,,ABSTAIN - no decisive readout,0,0.0,1,,UNRESOLVED_no_grounded_patents,0.0,0.0,0.0,0,0,,,,False,False
ER|HER2,ADC,UNRESOLVED,,ABSTAIN - no decisive readout,0,0.0,1,,UNRESOLVED_no_grounded_patents,0.0,0.0,0.0,0,0,,,,False,False
ER|HER2,BISPECIFIC,UNRESOLVED,,ABSTAIN - no decisive readout,0,0.0,1,,UNRESOLVED_no_grounded_patents,0.0,0.0,0.0,0,0,,,,False,False
ER|HER2,OUT_OF_SCOPE,UNRESOLVED,,ABSTAIN - no decisive readout,0,0.0,1,,UNRESOLVED_no_grounded_patents,0.0,0.0,0.0,0,0,,,,False,False
ER|HER2-TOP1I,ADC,UNRESOLVED,,ABSTAIN - no decisive readout,0,0.0,1,,UNRESOLVED_no_grounded_patents,0.0,0.0,0.0,0,0,,,,False,False
ER|HER2|LAG-3,UNCLASSIFIED,UNRESOLVED,,ABSTAIN - no decisive readout,0,0.0,1,,UNRESOLVED_no_grounded_patents,0.0,0.0,0.0,0,0,,,,False,False
ER|HER2|PD-1,MAB,UNRESOLVED,,ABSTAIN - no decisive readout,0,0.0,1,,UNRESOLVED_no_grounded_patents,0.0,0.0,0.0,0,0,,,,False,False
ER|HER2|PD-L1,MAB,UNRESOLVED,,ABSTAIN - no decisive readout,0,0.0,2,,UNRESOLVED_no_grounded_patents,0.0,0.0,0.0,0,0,,,,False,False
ER|HER3|HER2,MAB,UNRESOLVED,,ABSTAIN - no decisive readout,0,0.0,1,,UNRESOLVED_no_grounded_patents,0.0,0.0,0.0,0,0,,,,False,False
ER|PD-1,MAB,UNRESOLVED,,ABSTAIN - no decisive readout,0,0.0,1,,UNRESOLVED_no_grounded_patents,0.0,0.0,0.0,0,0,,,,False,False
ER|VEGF,MAB,UNRESOLVED,,ABSTAIN - no decisive readout,0,0.0,1,,UNRESOLVED_no_grounded_patents,0.0,0.0,0.0,0,0,,,,False,False
ETV1,MAB,UNRESOLVED,,ABSTAIN - no decisive readout,0,0.0,0,0.0,weighted_fto_deterministic,0.0,0.0,0.0,1,1,MAB,WO2024155805A2,"THE HENRY M. JACKSON FOUNDATION FOR THE ADVANCEMENT OF MILITARY MEDICINE, INC.",True,False
EZH2,ADC,UNRESOLVED,,ABSTAIN - no decisive readout,0,0.0,0,0.0,weighted_fto_deterministic,0.0,0.0,0.0,0,5,ADC|MAB|PROTAC,WO2025121807A1,INJE UNIVERSITY INDUSTRY-ACADEMIC COOPERATION FOUNDATION,True,False
EZH2,MAB,UNRESOLVED,,ABSTAIN - no decisive readout,0,0.0,1,0.042,weighted_fto_deterministic,0.0,0.167,0.0,0,5,ADC|MAB|PROTAC,WO2025121807A1,INJE UNIVERSITY INDUSTRY-ACADEMIC COOPERATION FOUNDATION,True,False
EZH2,PROTAC,UNRESOLVED,,ABSTAIN - no decisive readout,0,0.0,0,0.042,weighted_fto_deterministic,0.0,0.167,0.0,0,5,ADC|MAB|PROTAC,WO2025121807A1,INJE UNIVERSITY INDUSTRY-ACADEMIC COOPERATION FOUNDATION,True,False
EZH2|HER2|PD-1|PD-L1|VEGF,UNCLASSIFIED,UNRESOLVED,,ABSTAIN - no decisive readout,0,0.0,1,,UNRESOLVED_no_grounded_patents,0.0,0.0,0.0,0,0,,,,False,False
EZH2|PD-1,UNCLASSIFIED,UNRESOLVED,,ABSTAIN - no decisive readout,0,0.0,1,,UNRESOLVED_no_grounded_patents,0.0,0.0,0.0,0,0,,,,False,False
FACTOR H,MAB,UNRESOLVED,,ABSTAIN - no decisive readout,0,0.0,1,,UNRESOLVED_no_grounded_patents,0.0,0.0,0.0,0,0,,,,False,False
FAM19A5,MAB,UNRESOLVED,,ABSTAIN - no decisive readout,0,0.0,0,0.239,weighted_fto_deterministic,0.239,0.334,0.0,3,4,MAB,WO2020141452A1,"NEURACLE SCIENCE CO., LTD.",True,False
FAP,ADC,UNRESOLVED,,ABSTAIN - no decisive readout,0,0.0,2,,UNRESOLVED_no_grounded_patents,0.452,0.0,0.0,8,10,BISPECIFIC|MAB,WO2026076198A1,UNIVERSITY OF IOWA RESEARCH FOUNDATION,False,False
FAP,BISPECIFIC,UNRESOLVED,,ABSTAIN - no decisive readout,0,0.0,0,0.452,weighted_fto_deterministic,0.452,0.265,0.232,8,10,BISPECIFIC|MAB,WO2026076198A1,UNIVERSITY OF IOWA RESEARCH FOUNDATION,True,False
FAP,CAR-T,UNRESOLVED,,ABSTAIN - no decisive readout,0,0.0,1,,UNRESOLVED_no_grounded_patents,0.452,0.0,0.0,8,10,BISPECIFIC|MAB,WO2026076198A1,UNIVERSITY OF IOWA RESEARCH FOUNDATION,False,False
FAP,UNCLASSIFIED,UNRESOLVED,,ABSTAIN - no decisive readout,0,0.0,8,,UNRESOLVED_no_grounded_patents,0.452,0.0,0.0,8,10,BISPECIFIC|MAB,WO2026076198A1,UNIVERSITY OF IOWA RESEARCH FOUNDATION,False,False
FAP|CD137,BISPECIFIC,UNRESOLVED,,ABSTAIN - no decisive readout,0,0.0,0,0.0,weighted_fto_deterministic,0.0,0.0,0.0,1,1,BISPECIFIC,WO2018114754A1,F. HOFFMANN-LA ROCHE AG,True,False
FAP|CD3,BISPECIFIC,UNRESOLVED,,ABSTAIN - no decisive readout,0,0.0,0,0.0,weighted_fto_deterministic,0.0,0.0,0.0,1,1,BISPECIFIC,WO2024261013A1,F. HOFFMANN-LA ROCHE AG,True,False
FAP|CD40,BISPECIFIC,UNRESOLVED,,ABSTAIN - no decisive readout,0,0.0,0,0.0,weighted_fto_deterministic,0.0,0.0,0.0,1,1,BISPECIFIC,WO2026052650A1,F. HOFFMANN-LA ROCHE AG,True,False
FAP|DR5,BISPECIFIC,UNRESOLVED,,ABSTAIN - no decisive readout,0,0.0,0,0.151,weighted_fto_deterministic,0.151,0.167,0.0,2,2,BISPECIFIC,WO2016055432A3,F. HOFFMANN-LA ROCHE AG,True,False
FAP|GPC3|NECTIN4|TROP-2,CAR-T,UNRESOLVED,,ABSTAIN - no decisive readout,0,0.0,1,,UNRESOLVED_no_grounded_patents,0.0,0.0,0.0,0,0,,,,False,False
FAP|HER2,CAR-T,UNRESOLVED,,ABSTAIN - no decisive readout,0,0.0,1,,UNRESOLVED_no_grounded_patents,0.0,0.0,0.0,0,0,,,,False,False
FAP|HER2,UNCLASSIFIED,UNRESOLVED,,ABSTAIN - no decisive readout,0,0.0,1,,UNRESOLVED_no_grounded_patents,0.0,0.0,0.0,0,0,,,,False,False
FAP|LRRC15,BISPECIFIC,UNRESOLVED,,ABSTAIN - no decisive readout,0,0.0,0,0.0,weighted_fto_deterministic,0.0,0.0,0.0,1,1,BISPECIFIC,WO2025201242A1,TAVOTEK BIOTHERAPEUTICS (HONG KONG) LIMITED,True,False
FAP|MESOTHELIN,CAR-T,UNRESOLVED,,ABSTAIN - no decisive readout,0,0.0,1,,UNRESOLVED_no_grounded_patents,0.0,0.0,0.0,0,0,,,,False,False
FAP|MESOTHELIN,UNCLASSIFIED,UNRESOLVED,,ABSTAIN - no decisive readout,0,0.0,1,,UNRESOLVED_no_grounded_patents,0.0,0.0,0.0,0,0,,,,False,False
FAP|MUC1,UNCLASSIFIED,UNRESOLVED,,ABSTAIN - no decisive readout,0,0.0,1,,UNRESOLVED_no_grounded_patents,0.0,0.0,0.0,0,0,,,,False,False
FAP|NECTIN4,CAR-T,UNRESOLVED,,ABSTAIN - no decisive readout,0,0.0,1,,UNRESOLVED_no_grounded_patents,0.0,0.0,0.0,0,0,,,,False,False
FAP|PD-1,MAB,UNRESOLVED,,ABSTAIN - no decisive readout,0,0.0,1,,UNRESOLVED_no_grounded_patents,0.0,0.0,0.0,0,0,,,,False,False
FAP|PD-1,UNCLASSIFIED,UNRESOLVED,,ABSTAIN - no decisive readout,0,0.0,1,,UNRESOLVED_no_grounded_patents,0.0,0.0,0.0,0,0,,,,False,False
FAP|TCR,UNCLASSIFIED,UNRESOLVED,,ABSTAIN - no decisive readout,0,0.0,1,,UNRESOLVED_no_grounded_patents,0.0,0.0,0.0,0,0,,,,False,False
FAP|TGF-BETA1,BISPECIFIC,UNRESOLVED,,ABSTAIN - no decisive readout,0,0.0,0,0.0,weighted_fto_deterministic,0.0,0.0,0.0,1,1,BISPECIFIC,WO2025140212A1,"LAEKNA THERAPEUTICS SHANGHAI CO., LTD.",True,False
FAS,MAB,UNRESOLVED,,ABSTAIN - no decisive readout,0,0.0,0,0.0,weighted_fto_deterministic,0.0,0.0,0.0,1,1,MAB,WO2024097660A2,PROVIDENCE HEALTH & SERVICES - OREGON,True,False
FASL,MAB,UNRESOLVED,,ABSTAIN - no decisive readout,0,0.0,0,0.151,weighted_fto_deterministic,0.151,0.167,0.0,2,2,MAB,WO2017051002A1,APOGENIX AG,True,False
FAT1,MAB,UNRESOLVED,,ABSTAIN - no decisive readout,0,0.0,0,0.0,weighted_fto_deterministic,0.0,0.0,0.0,1,1,MAB,WO2014198919A2,EXTERNAUTICS S.P.A.,True,False
FCRH5,BISPECIFIC,UNRESOLVED,,ABSTAIN - no decisive readout,0,0.0,0,0.151,weighted_fto_deterministic,0.151,0.0,0.0,2,2,BISPECIFIC|MAB,WO2016205520A1,"GENENTECH, INC.",True,False
FCRH5,MAB,UNRESOLVED,,ABSTAIN - no decisive readout,0,0.0,0,0.151,weighted_fto_deterministic,0.151,0.0,0.0,2,2,BISPECIFIC|MAB,WO2016205520A1,"GENENTECH, INC.",True,False
FCRH5|CD28,BISPECIFIC,UNRESOLVED,,ABSTAIN - no decisive readout,0,0.0,0,0.0,weighted_fto_deterministic,0.0,0.0,0.0,0,1,BISPECIFIC,WO2026078067A1,NOVIMMUNE SA,True,False
FCRH5|CD3,BISPECIFIC,UNRESOLVED,,ABSTAIN - no decisive readout,0,0.0,1,0.494,weighted_fto_deterministic,0.452,0.502,0.599,8,8,BISPECIFIC,WO2025106474A1,"GENENTECH, INC.",True,False
FCRH5|CD3|BCMA,ADC,UNRESOLVED,,ABSTAIN - no decisive readout,0,0.0,1,,UNRESOLVED_no_grounded_patents,0.0,0.0,0.0,0,0,,,,False,False
FCRH5|CD3|CD38,MAB,UNRESOLVED,,ABSTAIN - no decisive readout,0,0.0,1,,UNRESOLVED_no_grounded_patents,0.0,0.0,0.0,0,0,,,,False,False
FGF19,MAB,UNRESOLVED,,ABSTAIN - no decisive readout,0,0.0,0,0.0,weighted_fto_deterministic,0.0,0.0,0.0,1,1,MAB,WO2020156539A1,HUAHUI HEALTH LTD.,True,False
FGF2,MAB,UNRESOLVED,,ABSTAIN - no decisive readout,0,0.0,0,0.042,weighted_fto_deterministic,0.0,0.167,0.0,0,2,MAB,WO2024229542A2,INSTITUTO BUTANTAN,True,False
FGFR-TOP1I,ADC,UNRESOLVED,,ABSTAIN - no decisive readout,0,0.0,1,,UNRESOLVED_no_grounded_patents,0.0,0.0,0.0,0,0,,,,False,False
FGFR1,MAB,UNRESOLVED,,ABSTAIN - no decisive readout,0,0.0,1,0.0,weighted_fto_deterministic,0.0,0.0,0.0,1,1,MAB,WO2012125124A1,AGENCY FOR SCIENCE,True,False
FGFR2,MAB,UNRESOLVED,,ABSTAIN - no decisive readout,0,0.0,0,0.389,weighted_fto_deterministic,0.389,0.53,0.0,6,9,MAB,WO2025130860A1,"SHANDONG SIMCERE BIOPHARMACEUTICAL CO., LTD.",True,False
FGFR2-EXATECAN,ADC,UNRESOLVED,,ABSTAIN - no decisive readout,0,0.0,1,,UNRESOLVED_no_grounded_patents,0.0,0.0,0.0,0,0,,,,False,False
FGFR2|FGFR,BISPECIFIC,UNRESOLVED,,ABSTAIN - no decisive readout,0,0.0,0,0.0,weighted_fto_deterministic,0.0,0.0,0.0,1,1,BISPECIFIC,WO2016073789A2,"GENENTECH, INC.",True,False
FGFR3,MAB,UNRESOLVED,,ABSTAIN - no decisive readout,0,0.0,0,0.151,weighted_fto_deterministic,0.151,0.167,0.0,2,2,MAB,WO2024107759A2,"REGENERON PHARMACEUTICALS, INC.",True,False
FGFR3-CALICHEAMICIN,ADC,UNRESOLVED,,ABSTAIN - no decisive readout,0,0.0,0,0.0,weighted_fto_deterministic,0.0,0.0,0.0,1,1,ADC,WO2025140358A1,"GENEQUANTUM HEALTHCARE (SUZHOU) CO., LTD.",True,False
FGFR3-DUOCARMYCIN,ADC,UNRESOLVED,,ABSTAIN - no decisive readout,0,0.0,0,0.0,weighted_fto_deterministic,0.0,0.0,0.0,1,1,ADC,WO2025140358A1,"GENEQUANTUM HEALTHCARE (SUZHOU) CO., LTD.",True,False
FGFR3-DXD,ADC,UNRESOLVED,,ABSTAIN - no decisive readout,0,0.0,0,0.0,weighted_fto_deterministic,0.0,0.0,0.0,1,1,ADC,WO2025140358A1,"GENEQUANTUM HEALTHCARE (SUZHOU) CO., LTD.",True,False
FGFR3-ERIBULIN,ADC,UNRESOLVED,,ABSTAIN - no decisive readout,0,0.0,0,0.0,weighted_fto_deterministic,0.0,0.0,0.0,1,1,ADC,WO2025140358A1,"GENEQUANTUM HEALTHCARE (SUZHOU) CO., LTD.",True,False
FGFR3-EXATECAN,ADC,UNRESOLVED,,ABSTAIN - no decisive readout,0,0.0,0,0.0,weighted_fto_deterministic,0.0,0.0,0.0,1,1,ADC,WO2025140358A1,"GENEQUANTUM HEALTHCARE (SUZHOU) CO., LTD.",True,False
FGFR3-MAYTANSINOID,ADC,UNRESOLVED,,ABSTAIN - no decisive readout,0,0.0,0,0.0,weighted_fto_deterministic,0.0,0.0,0.0,1,1,ADC,WO2025140358A1,"GENEQUANTUM HEALTHCARE (SUZHOU) CO., LTD.",True,False
FGFR3-MMAE,ADC,UNRESOLVED,,ABSTAIN - no decisive readout,0,0.0,0,0.0,weighted_fto_deterministic,0.0,0.0,0.0,1,1,ADC,WO2025140358A1,"GENEQUANTUM HEALTHCARE (SUZHOU) CO., LTD.",True,False
FGFR3-MMAF,ADC,UNRESOLVED,,ABSTAIN - no decisive readout,0,0.0,0,0.0,weighted_fto_deterministic,0.0,0.0,0.0,1,1,ADC,WO2025140358A1,"GENEQUANTUM HEALTHCARE (SUZHOU) CO., LTD.",True,False
FGFR3-PBD,ADC,UNRESOLVED,,ABSTAIN - no decisive readout,0,0.0,0,0.0,weighted_fto_deterministic,0.0,0.0,0.0,1,1,ADC,WO2025140358A1,"GENEQUANTUM HEALTHCARE (SUZHOU) CO., LTD.",True,False
FGFR3-SN38,ADC,UNRESOLVED,,ABSTAIN - no decisive readout,0,0.0,0,0.0,weighted_fto_deterministic,0.0,0.0,0.0,1,1,ADC,WO2025140358A1,"GENEQUANTUM HEALTHCARE (SUZHOU) CO., LTD.",True,False
FGFR4,MAB,UNRESOLVED,,ABSTAIN - no decisive readout,0,0.0,0,0.042,weighted_fto_deterministic,0.0,0.167,0.0,1,2,MAB,WO2015107171A1,SANOFI,True,False
FGFR|HER2,UNCLASSIFIED,UNRESOLVED,,ABSTAIN - no decisive readout,0,0.0,1,,UNRESOLVED_no_grounded_patents,0.0,0.0,0.0,0,0,,,,False,False
FGFR|HER2-TOP1I,ADC,UNRESOLVED,,ABSTAIN - no decisive readout,0,0.0,1,,UNRESOLVED_no_grounded_patents,0.0,0.0,0.0,0,0,,,,False,False
FGFR|MAGE|PD-1|TCR,UNCLASSIFIED,UNRESOLVED,,ABSTAIN - no decisive readout,0,0.0,1,,UNRESOLVED_no_grounded_patents,0.0,0.0,0.0,0,0,,,,False,False
FGFR|PD-1,MAB,UNRESOLVED,,ABSTAIN - no decisive readout,0,0.0,1,,UNRESOLVED_no_grounded_patents,0.0,0.0,0.0,0,0,,,,False,False
FGFR|PD-1,UNCLASSIFIED,UNRESOLVED,,ABSTAIN - no decisive readout,0,0.0,1,,UNRESOLVED_no_grounded_patents,0.0,0.0,0.0,0,0,,,,False,False
FGFR|PD-1|PD-L1,MAB,UNRESOLVED,,ABSTAIN - no decisive readout,0,0.0,5,,UNRESOLVED_no_grounded_patents,0.0,0.0,0.0,0,0,,,,False,False
FGFR|PD-1|PD-L1,UNCLASSIFIED,UNRESOLVED,,ABSTAIN - no decisive readout,0,0.0,1,,UNRESOLVED_no_grounded_patents,0.0,0.0,0.0,0,0,,,,False,False
FGFR|PD-L1,MAB,UNRESOLVED,,ABSTAIN - no decisive readout,0,0.0,1,,UNRESOLVED_no_grounded_patents,0.0,0.0,0.0,0,0,,,,False,False
FGFR|VEGF,MAB,UNRESOLVED,,ABSTAIN - no decisive readout,0,0.0,1,,UNRESOLVED_no_grounded_patents,0.0,0.0,0.0,0,0,,,,False,False
FGL2,MAB,UNRESOLVED,,ABSTAIN - no decisive readout,0,0.0,0,0.151,weighted_fto_deterministic,0.151,0.167,0.0,2,2,MAB,WO2018204928A1,"BOARD OF REGENTS, THE UNIVERSITY OF TEXAS SYSTEM",True,False
FIBRIN|VEGF,BISPECIFIC,UNRESOLVED,,ABSTAIN - no decisive readout,0,0.0,0,0.151,weighted_fto_deterministic,0.151,0.167,0.0,2,2,BISPECIFIC,WO2024076993A2,"THERINI BIO, INC.",True,False
FIBRONECTIN,MAB,UNRESOLVED,,ABSTAIN - no decisive readout,0,0.0,2,0.0,weighted_fto_deterministic,0.0,0.0,0.0,1,1,MAB,WO2014194784A1,HEFEI LIFEON PHARMACEUTICAL CO. LTD.,True,False
FILAMIN A,MAB,UNRESOLVED,,ABSTAIN - no decisive readout,0,0.0,0,0.0,weighted_fto_deterministic,0.0,0.0,0.0,1,1,MAB,WO2020076954A1,"IBEX BIOSCIENCES, LLC",True,False
FLT3,MAB,UNRESOLVED,,ABSTAIN - no decisive readout,0,0.0,0,0.239,weighted_fto_deterministic,0.239,0.265,0.0,3,3,MAB,WO2021209495A1,LES LABORATOIRES SERVIER,True,False
FN14,MAB,UNRESOLVED,,ABSTAIN - no decisive readout,0,0.0,0,0.084,weighted_fto_deterministic,0.0,0.334,0.0,0,4,MAB,WO2023062848A1,ASTELLAS PHARMA INC.,True,False
FOLR1,UNCLASSIFIED,UNRESOLVED,,ABSTAIN - no decisive readout,0,0.0,6,,UNRESOLVED_no_grounded_patents,0.0,0.0,0.0,1,4,MAB,WO2023217133A1,"SORRENTO THERAPEUTICS, INC.",False,False
FOLR1-DM4,ADC,UNRESOLVED,,ABSTAIN - no decisive readout,0,0.0,1,,UNRESOLVED_no_grounded_patents,0.0,0.0,0.0,0,0,,,,False,False
FOLR1-EXATECAN,ADC,UNRESOLVED,,ABSTAIN - no decisive readout,0,0.0,3,,UNRESOLVED_no_grounded_patents,0.0,0.0,0.0,0,0,,,,False,False
FOLR1|CD3,BISPECIFIC,UNRESOLVED,,ABSTAIN - no decisive readout,0,0.0,0,0.042,weighted_fto_deterministic,0.0,0.167,0.0,1,2,BISPECIFIC,WO2024254757A1,"ZHEJIANG SHIMAI PHARMACEUTICAL CO., LTD.",True,False
FOLR1|HER2,UNCLASSIFIED,UNRESOLVED,,ABSTAIN - no decisive readout,0,0.0,1,,UNRESOLVED_no_grounded_patents,0.0,0.0,0.0,0,0,,,,False,False
FOLR1|HER2|VEGF-DXD,ADC,UNRESOLVED,,ABSTAIN - no decisive readout,0,0.0,1,,UNRESOLVED_no_grounded_patents,0.0,0.0,0.0,0,0,,,,False,False
FOLR1|MUC16|MESOTHELIN,CAR-T,UNRESOLVED,,ABSTAIN - no decisive readout,0,0.0,2,,UNRESOLVED_no_grounded_patents,0.0,0.0,0.0,0,0,,,,False,False
FOLR1|PD-1|VEGF,ADC,UNRESOLVED,,ABSTAIN - no decisive readout,0,0.0,1,,UNRESOLVED_no_grounded_patents,0.0,0.0,0.0,0,0,,,,False,False
FRA-SAMROTECAN,ADC,UNRESOLVED,,ABSTAIN - no decisive readout,0,0.0,1,,UNRESOLVED_no_grounded_patents,0.0,0.0,0.0,0,0,,,,False,False
GALECTIN-3,MAB,UNRESOLVED,,ABSTAIN - no decisive readout,0,0.0,0,0.301,weighted_fto_deterministic,0.301,0.388,0.0,4,5,MAB,WO2023180533A1,LES LABORATOIRES SERVIER,True,False
GALECTIN-9,MAB,UNRESOLVED,,ABSTAIN - no decisive readout,0,0.0,0,0.349,weighted_fto_deterministic,0.349,0.579,0.0,5,11,MAB,WO2024015993A1,"FIBROGEN, INC.",True,False
GANGLIOSIDE,MAB,UNRESOLVED,,ABSTAIN - no decisive readout,0,0.0,0,0.0,weighted_fto_deterministic,0.0,0.0,0.0,0,1,MAB,WO2015081438A1,THE ROYAL INSTITUTION FOR THE ADVANCEMENT OF LEARNING/MCGILL UNIVERSITY,True,False
GARP,MAB,UNRESOLVED,,ABSTAIN - no decisive readout,0,0.0,0,0.151,weighted_fto_deterministic,0.151,0.265,0.0,2,3,MAB,WO2021231732A1,BRISTOL-MYERS SQUIBB COMPANY,True,False
GB3,MAB,UNRESOLVED,,ABSTAIN - no decisive readout,0,0.0,0,0.0,weighted_fto_deterministic,0.0,0.0,0.0,0,1,MAB,WO2012107424A1,UNIVERSITE DE NANTES,True,False
GCC,MAB,UNRESOLVED,,ABSTAIN - no decisive readout,0,0.0,0,0.0,weighted_fto_deterministic,0.0,0.0,0.0,1,1,MAB,WO2024067762A1,"NANJING LEGEND BIOTECH CO., LTD.",True,False
GD2-EXATECAN,ADC,UNRESOLVED,,ABSTAIN - no decisive readout,0,0.0,1,,UNRESOLVED_no_grounded_patents,0.0,0.0,0.0,0,0,ADC,,,False,False
GD2|B7-H3,BISPECIFIC,UNRESOLVED,,ABSTAIN - no decisive readout,0,0.0,0,0.0,weighted_fto_deterministic,0.0,0.0,0.0,1,1,BISPECIFIC,WO2021168379A1,"WIN THERAPEUTICS, INC.",True,False
GD2|CD1D,BISPECIFIC,UNRESOLVED,,ABSTAIN - no decisive readout,0,0.0,0,0.0,weighted_fto_deterministic,0.0,0.0,0.0,0,1,BISPECIFIC,WO2024040261A1,THE CHILDREN'S HOSPITAL OF PHILADELPHIA,True,False
GD2|CD3,BISPECIFIC,UNRESOLVED,,ABSTAIN - no decisive readout,0,0.0,0,0.0,weighted_fto_deterministic,0.0,0.0,0.0,1,1,BISPECIFIC,WO2011160119A8,MEMORIAL SLOAN-KETTERING CANCER CENTER,True,False
GD2|HER2,CAR-T,UNRESOLVED,,ABSTAIN - no decisive readout,0,0.0,1,,UNRESOLVED_no_grounded_patents,0.0,0.0,0.0,0,0,,,,False,False
GD2|MAGE|MUC1|MESOTHELIN,CAR-T,UNRESOLVED,,ABSTAIN - no decisive readout,0,0.0,1,,UNRESOLVED_no_grounded_patents,0.0,0.0,0.0,0,0,,,,False,False
GD2|MUC1|MESOTHELIN,CAR-T,UNRESOLVED,,ABSTAIN - no decisive readout,0,0.0,2,,UNRESOLVED_no_grounded_patents,0.0,0.0,0.0,0,0,,,,False,False
GD2|PD-1|PD-L1,CAR-T,UNRESOLVED,,ABSTAIN - no decisive readout,0,0.0,1,,UNRESOLVED_no_grounded_patents,0.0,0.0,0.0,0,0,,,,False,False
GD2|PD-L1,CAR-T,UNRESOLVED,,ABSTAIN - no decisive readout,0,0.0,1,,UNRESOLVED_no_grounded_patents,0.0,0.0,0.0,0,0,,,,False,False
GD2|PSMA,CAR-T,UNRESOLVED,,ABSTAIN - no decisive readout,0,0.0,1,,UNRESOLVED_no_grounded_patents,0.0,0.0,0.0,0,0,,,,False,False
GFRAL,MAB,UNRESOLVED,,ABSTAIN - no decisive readout,0,0.0,1,0.0,weighted_fto_deterministic,0.0,0.0,0.0,1,1,MAB,WO2022207785A1,KYMAB LIMITED,True,False
GITR|CTLA-4,BISPECIFIC,UNRESOLVED,,ABSTAIN - no decisive readout,0,0.0,0,0.0,weighted_fto_deterministic,0.0,0.0,0.0,1,1,BISPECIFIC,WO2018091739A1,ALLIGATOR BIOSCIENCE AB,True,False
GLOBO H,MAB,UNRESOLVED,,ABSTAIN - no decisive readout,0,0.0,0,0.239,weighted_fto_deterministic,0.239,0.334,0.0,3,4,MAB,WO2019232519A1,"OBI PHARMA, INC.",True,False
GLOBO H|CD3,BISPECIFIC,UNRESOLVED,,ABSTAIN - no decisive readout,0,0.0,0,0.0,weighted_fto_deterministic,0.0,0.0,0.0,1,1,BISPECIFIC,WO2018237364A1,DEVELOPMENT CENTER FOR BIOTECHNOLOGY,True,False
GLUCAGON,MAB,UNRESOLVED,,ABSTAIN - no decisive readout,0,0.0,0,0.0,weighted_fto_deterministic,0.0,0.0,0.0,1,1,MAB,WO2016002189A1,SHIZUOKA PREFECTURE,True,False
GNRHR,MAB,UNRESOLVED,,ABSTAIN - no decisive readout,0,0.0,0,0.0,weighted_fto_deterministic,0.0,0.0,0.0,0,1,MAB,WO2019153075A1,VANCOUVER BIOTECH LTD.,True,False
GP100,MAB,UNRESOLVED,,ABSTAIN - no decisive readout,0,0.0,0,0.0,weighted_fto_deterministic,0.0,0.0,0.0,0,1,MAB,WO2020128612A2,NOVARTIS AG,True,False
GP100,UNCLASSIFIED,UNRESOLVED,,ABSTAIN - no decisive readout,0,0.0,2,,UNRESOLVED_no_grounded_patents,0.0,0.0,0.0,0,1,MAB,WO2020128612A2,NOVARTIS AG,False,False
GP120|CD3,BISPECIFIC,UNRESOLVED,,ABSTAIN - no decisive readout,0,0.0,0,0.0,weighted_fto_deterministic,0.0,0.0,0.0,1,1,BISPECIFIC,WO2018237148A1,"GILEAD SCIENCES, INC.",True,False
GPA33,MAB,UNRESOLVED,,ABSTAIN - no decisive readout,0,0.0,0,0.151,weighted_fto_deterministic,0.151,0.167,0.0,2,2,MAB,WO2025064419A1,MEMORIAL SLOAN-KETTERING CANCER CENTER,True,False
GPA33|CD3,BISPECIFIC,UNRESOLVED,,ABSTAIN - no decisive readout,0,0.0,0,0.0,weighted_fto_deterministic,0.0,0.0,0.0,1,1,BISPECIFIC,WO2015026894A2,"MACROGENICS, INC.",True,False
GPC1,MAB,UNRESOLVED,,ABSTAIN - no decisive readout,0,0.0,0,0.066,weighted_fto_deterministic,0.0,0.265,0.0,1,3,MAB,WO2025202361A1,ADCENDO APS,True,False
GPC2,MAB,UNRESOLVED,,ABSTAIN - no decisive readout,0,0.0,0,0.0,weighted_fto_deterministic,0.0,0.0,0.0,1,1,MAB,WO2018026533A1,"THE UNITED STATES OF AMERICA, AS REPRESENTED BY THE SECRETARY",True,False
GPC3,ADC,UNRESOLVED,,ABSTAIN - no decisive readout,0,0.0,0,0.54,weighted_fto_deterministic,0.54,0.0,0.0,12,16,ADC|BISPECIFIC|MAB,WO2025207909A1,"THE UNITED STATES OF AMERICA, AS REPRESENTED BY THE SECRETARY",True,False
GPC3,BISPECIFIC,UNRESOLVED,,ABSTAIN - no decisive readout,0,0.0,0,0.54,weighted_fto_deterministic,0.54,0.0,0.0,12,16,ADC|BISPECIFIC|MAB,WO2025207909A1,"THE UNITED STATES OF AMERICA, AS REPRESENTED BY THE SECRETARY",True,False
GPC3,MAB,UNRESOLVED,,ABSTAIN - no decisive readout,0,0.0,3,0.54,weighted_fto_deterministic,0.54,0.637,0.0,12,16,ADC|BISPECIFIC|MAB,WO2025207909A1,"THE UNITED STATES OF AMERICA, AS REPRESENTED BY THE SECRETARY",True,False
GPC3,UNCLASSIFIED,UNRESOLVED,,ABSTAIN - no decisive readout,0,0.0,6,,UNRESOLVED_no_grounded_patents,0.54,0.0,0.0,12,16,ADC|BISPECIFIC|MAB,WO2025207909A1,"THE UNITED STATES OF AMERICA, AS REPRESENTED BY THE SECRETARY",False,False
GPC3-TOP1I,ADC,UNRESOLVED,,ABSTAIN - no decisive readout,0,0.0,2,,UNRESOLVED_no_grounded_patents,0.0,0.0,0.0,0,0,,,,False,False
GPC3|CD137,BISPECIFIC,UNRESOLVED,,ABSTAIN - no decisive readout,0,0.0,1,0.151,weighted_fto_deterministic,0.151,0.167,0.0,2,2,BISPECIFIC,WO2022242682A1,"BEIGENE, LTD.",True,False
GPC3|CD3,BISPECIFIC,UNRESOLVED,,ABSTAIN - no decisive readout,0,0.0,1,0.084,weighted_fto_deterministic,0.0,0.334,0.0,1,4,BISPECIFIC,WO2025214441A1,"QILU PHARMACEUTICAL CO., LTD.",True,False
GPC3|CD47,BISPECIFIC,UNRESOLVED,,ABSTAIN - no decisive readout,0,0.0,0,0.0,weighted_fto_deterministic,0.0,0.0,0.0,1,1,BISPECIFIC,WO2022148383A1,NATIONAL INSTITUTE OF BIOLOGICAL SCIENCES,True,False
GPC3|MESOTHELIN,UNCLASSIFIED,UNRESOLVED,,ABSTAIN - no decisive readout,0,0.0,1,,UNRESOLVED_no_grounded_patents,0.0,0.0,0.0,0,0,,,,False,False
GPC3|MESOTHELIN|PD-1,CAR-T,UNRESOLVED,,ABSTAIN - no decisive readout,0,0.0,1,,UNRESOLVED_no_grounded_patents,0.0,0.0,0.0,0,0,,,,False,False
GPC3|MUC1,BISPECIFIC,UNRESOLVED,,ABSTAIN - no decisive readout,0,0.0,1,,UNRESOLVED_no_grounded_patents,0.0,0.0,0.0,0,0,,,,False,False
GPC3|PD-1|VEGF,UNCLASSIFIED,UNRESOLVED,,ABSTAIN - no decisive readout,0,0.0,1,,UNRESOLVED_no_grounded_patents,0.0,0.0,0.0,0,0,,,,False,False
GPC3|TCR,BISPECIFIC,UNRESOLVED,,ABSTAIN - no decisive readout,0,0.0,0,0.042,weighted_fto_deterministic,0.0,0.167,0.0,1,2,BISPECIFIC,WO2023045151A1,"ZHEJIANG SHIMAI PHARMACEUTICAL CO., LTD.",True,False
GPC3|TCR,UNCLASSIFIED,UNRESOLVED,,ABSTAIN - no decisive readout,0,0.0,1,,UNRESOLVED_no_grounded_patents,0.0,0.0,0.0,1,2,BISPECIFIC,WO2023045151A1,"ZHEJIANG SHIMAI PHARMACEUTICAL CO., LTD.",False,False
GPIB-ALPHA,MAB,UNRESOLVED,,ABSTAIN - no decisive readout,0,0.0,0,0.0,weighted_fto_deterministic,0.0,0.0,0.0,0,1,MAB,WO2021113974A1,CCOA THERAPEUTICS INC.,True,False
GPNMB,MAB,UNRESOLVED,,ABSTAIN - no decisive readout,0,0.0,0,0.151,weighted_fto_deterministic,0.151,0.167,0.0,2,2,MAB,WO2024100557A1,UTI LIMITED PARTNERSHIP,True,False
GPNMB-AURISTATIN,ADC,UNRESOLVED,,ABSTAIN - no decisive readout,0,0.0,1,,UNRESOLVED_no_grounded_patents,0.0,0.0,0.0,0,0,,,,False,False
GPRC5D,BISPECIFIC,UNRESOLVED,,ABSTAIN - no decisive readout,0,0.0,1,0.301,weighted_fto_deterministic,0.301,0.167,0.0,4,7,BISPECIFIC|MAB,WO2024251154A1,"INNOVENT BIOLOGICS (SUZHOU) CO., LTD.",True,False
GPRC5D,CAR-T,UNRESOLVED,,ABSTAIN - no decisive readout,0,0.0,11,,UNRESOLVED_no_grounded_patents,0.301,0.0,0.0,4,7,BISPECIFIC|MAB,WO2024251154A1,"INNOVENT BIOLOGICS (SUZHOU) CO., LTD.",False,False
GPRC5D,UNCLASSIFIED,UNRESOLVED,,ABSTAIN - no decisive readout,0,0.0,2,,UNRESOLVED_no_grounded_patents,0.301,0.0,0.0,4,7,BISPECIFIC|MAB,WO2024251154A1,"INNOVENT BIOLOGICS (SUZHOU) CO., LTD.",False,False
GPRC5D|CD28,BISPECIFIC,UNRESOLVED,,ABSTAIN - no decisive readout,0,0.0,0,0.0,weighted_fto_deterministic,0.0,0.0,0.0,1,1,BISPECIFIC,WO2026015729A1,"REGENERON PHARMACEUTICALS, INC.",True,False
GPRC5D|CD3|BCMA,BISPECIFIC,UNRESOLVED,,ABSTAIN - no decisive readout,0,0.0,2,,UNRESOLVED_no_grounded_patents,0.0,0.0,0.0,0,0,,,,False,False
GREMLIN-1,MAB,UNRESOLVED,,ABSTAIN - no decisive readout,0,0.0,0,0.042,weighted_fto_deterministic,0.0,0.167,0.0,0,2,MAB,WO2026027660A1,UCB BIOPHARMA SRL,True,False
GRP78,MAB,UNRESOLVED,,ABSTAIN - no decisive readout,0,0.0,0,0.301,weighted_fto_deterministic,0.301,0.334,0.0,4,4,MAB,WO2025255012A1,"UCT BIOSCIENCE CO., LTD.",True,False
GRP94,MAB,UNRESOLVED,,ABSTAIN - no decisive readout,0,0.0,0,0.042,weighted_fto_deterministic,0.0,0.167,0.0,1,2,MAB,WO2021251564A1,KOOKMIN UNIVERSITY INDUSTRY ACADEMY COOPERATION FOUNDATION,True,False
HARS1,MAB,UNRESOLVED,,ABSTAIN - no decisive readout,0,0.0,0,0.0,weighted_fto_deterministic,0.0,0.0,0.0,1,1,MAB,WO2018102589A2,"ATYR PHARMA, INC.",True,False
HB-EGF,MAB,UNRESOLVED,,ABSTAIN - no decisive readout,0,0.0,0,0.0,weighted_fto_deterministic,0.0,0.0,0.0,1,1,MAB,WO2011021381A1,"FORERUNNER PHARMA RESEARCH CO., LTD.",True,False
HBSAG|CD3,BISPECIFIC,UNRESOLVED,,ABSTAIN - no decisive readout,0,0.0,0,0.0,weighted_fto_deterministic,0.0,0.0,0.0,1,1,BISPECIFIC,WO2024005713A1,SCG CELL THERAPY PTE. LTD.,True,False
HDAC11,MAB,UNRESOLVED,,ABSTAIN - no decisive readout,0,0.0,0,0.0,weighted_fto_deterministic,0.0,0.0,0.0,1,1,MAB,WO2014096386A1,DEUTSCHES KREBSFORSCHUNGSZENTRUM,True,False
HE4,MAB,UNRESOLVED,,ABSTAIN - no decisive readout,0,0.0,0,0.0,weighted_fto_deterministic,0.0,0.0,0.0,0,1,MAB,WO2012027631A2,UNIVERSITY OF WASHINGTON THROUGH ITS CENTER FOR COMMERCIALIZATION,True,False
HEPSIN,MAB,UNRESOLVED,,ABSTAIN - no decisive readout,0,0.0,0,0.042,weighted_fto_deterministic,0.0,0.167,0.0,1,2,MAB,WO2025259819A1,"NAVAUX, INC.",True,False
HER2,OUT_OF_SCOPE,UNRESOLVED,,ABSTAIN - no decisive readout,0,0.0,1,,UNRESOLVED_no_grounded_patents,0.812,0.0,0.0,42,77,ADC|BISPECIFIC|MAB,WO2025237420A1,"UTC THERAPEUTICS (SHANGHAI) CO., LTD.",False,False
HER2,PROTAC,UNRESOLVED,,ABSTAIN - no decisive readout,0,0.0,1,,UNRESOLVED_no_grounded_patents,0.812,0.0,0.0,42,77,ADC|BISPECIFIC|MAB,WO2025237420A1,"UTC THERAPEUTICS (SHANGHAI) CO., LTD.",False,False
HER2,UNCLASSIFIED,UNRESOLVED,0.0,FAILED / CONTESTED (late),52,1.0,447,,UNRESOLVED_no_grounded_patents,0.812,0.0,0.0,42,77,ADC|BISPECIFIC|MAB,WO2025237420A1,"UTC THERAPEUTICS (SHANGHAI) CO., LTD.",False,True
HER2-AMANITIN,ADC,UNRESOLVED,,ABSTAIN - no decisive readout,0,0.0,0,0.415,weighted_fto_deterministic,0.389,0.432,0.463,6,6,ADC,WO2025038638A1,SEAGEN INC.,True,False
HER2-CALICHEAMICIN,ADC,UNRESOLVED,,ABSTAIN - no decisive readout,0,0.0,0,0.415,weighted_fto_deterministic,0.389,0.432,0.463,6,6,ADC,WO2025038638A1,SEAGEN INC.,True,False
HER2-DM4,ADC,UNRESOLVED,,ABSTAIN - no decisive readout,0,0.0,0,0.424,weighted_fto_deterministic,0.389,0.469,0.463,6,7,ADC,WO2025038638A1,SEAGEN INC.,True,False
HER2-DOXORUBICIN,ADC,UNRESOLVED,,ABSTAIN - no decisive readout,0,0.0,0,0.424,weighted_fto_deterministic,0.389,0.469,0.463,6,7,ADC,WO2025038638A1,SEAGEN INC.,True,False
HER2-EXATECAN,ADC,UNRESOLVED,,ABSTAIN - no decisive readout,0,0.0,1,,UNRESOLVED_no_grounded_patents,0.0,0.0,0.0,0,0,,,,False,False
HER2-KL610023,ADC,UNRESOLVED,,ABSTAIN - no decisive readout,0,0.0,1,,UNRESOLVED_no_grounded_patents,0.0,0.0,0.0,0,0,,,,False,False
HER2-MAYTANSINOID,ADC,UNRESOLVED,,ABSTAIN - no decisive readout,0,0.0,1,,UNRESOLVED_no_grounded_patents,0.0,0.0,0.0,0,0,,,,False,False
HER2-PBD,ADC,UNRESOLVED,,ABSTAIN - no decisive readout,0,0.0,0,0.424,weighted_fto_deterministic,0.389,0.469,0.463,6,7,ADC,WO2025038638A1,SEAGEN INC.,True,False
HER2-SN38,ADC,UNRESOLVED,,ABSTAIN - no decisive readout,0,0.0,0,0.424,weighted_fto_deterministic,0.389,0.469,0.463,6,7,ADC,WO2025038638A1,SEAGEN INC.,True,False
HER2-TUBULYSIN,ADC,UNRESOLVED,,ABSTAIN - no decisive readout,0,0.0,0,0.415,weighted_fto_deterministic,0.389,0.432,0.463,6,6,ADC,WO2025038638A1,SEAGEN INC.,True,False
HER2|ALK|EGFR|PD-1,MAB,UNRESOLVED,,ABSTAIN - no decisive readout,0,0.0,1,,UNRESOLVED_no_grounded_patents,0.0,0.0,0.0,0,0,,,,False,False
HER2|ALK|PD-L1,MAB,UNRESOLVED,,ABSTAIN - no decisive readout,0,0.0,1,,UNRESOLVED_no_grounded_patents,0.0,0.0,0.0,0,0,,,,False,False
HER2|AR,MAB,UNRESOLVED,,ABSTAIN - no decisive readout,0,0.0,1,,UNRESOLVED_no_grounded_patents,0.0,0.0,0.0,0,0,,,,False,False
HER2|AXL|EGFR|HER3|IGF-1R,MAB,UNRESOLVED,,ABSTAIN - no decisive readout,0,0.0,1,,UNRESOLVED_no_grounded_patents,0.0,0.0,0.0,0,0,,,,False,False
HER2|BTK,MAB,UNRESOLVED,,ABSTAIN - no decisive readout,0,0.0,1,,UNRESOLVED_no_grounded_patents,0.0,0.0,0.0,0,0,,,,False,False
HER2|CD137,BISPECIFIC,UNRESOLVED,,ABSTAIN - no decisive readout,0,0.0,0,0.332,weighted_fto_deterministic,0.239,0.432,0.463,3,6,BISPECIFIC,WO2025211753A1,YUHAN CORPORATION,True,False
HER2|CD16|NKG2D,MULTISPECIFIC,UNRESOLVED,,ABSTAIN - no decisive readout,0,0.0,1,,UNRESOLVED_no_grounded_patents,0.0,0.0,0.0,0,0,,,,False,False
HER2|CD20,ADC,UNRESOLVED,,ABSTAIN - no decisive readout,0,0.0,1,,UNRESOLVED_no_grounded_patents,0.0,0.0,0.0,0,0,,,,False,False
HER2|CD28,BISPECIFIC,UNRESOLVED,,ABSTAIN - no decisive readout,0,0.0,0,0.0,weighted_fto_deterministic,0.0,0.0,0.0,1,1,BISPECIFIC,WO2021259890A1,F. HOFFMANN-LA ROCHE AG,True,False
HER2|CD3,BISPECIFIC,UNRESOLVED,,ABSTAIN - no decisive readout,0,0.0,2,0.423,weighted_fto_deterministic,0.423,0.469,0.0,7,7,BISPECIFIC,WO2025085781A1,"GENENTECH, INC.",True,False
HER2|CD3-AURISTATIN,BISPECIFIC,UNRESOLVED,,ABSTAIN - no decisive readout,0,0.0,0,0.0,weighted_fto_deterministic,0.0,0.0,0.0,0,1,BISPECIFIC,WO2021151020A1,"BIOATLA, INC.",True,False
HER2|CD3-CALICHEAMICIN,BISPECIFIC,UNRESOLVED,,ABSTAIN - no decisive readout,0,0.0,0,0.0,weighted_fto_deterministic,0.0,0.0,0.0,0,1,BISPECIFIC,WO2021151020A1,"BIOATLA, INC.",True,False
HER2|CD3-MAYTANSINOID,BISPECIFIC,UNRESOLVED,,ABSTAIN - no decisive readout,0,0.0,0,0.0,weighted_fto_deterministic,0.0,0.0,0.0,0,1,BISPECIFIC,WO2021151020A1,"BIOATLA, INC.",True,False
HER2|CD47,BISPECIFIC,UNRESOLVED,,ABSTAIN - no decisive readout,0,0.0,1,,UNRESOLVED_no_grounded_patents,0.0,0.0,0.0,0,0,,,,False,False
HER2|CD47|ER|SIRP-ALPHA,ADC,UNRESOLVED,,ABSTAIN - no decisive readout,0,0.0,1,,UNRESOLVED_no_grounded_patents,0.0,0.0,0.0,0,0,,,,False,False
HER2|CD47|SIRP-ALPHA,ADC,UNRESOLVED,,ABSTAIN - no decisive readout,0,0.0,1,,UNRESOLVED_no_grounded_patents,0.0,0.0,0.0,0,0,,,,False,False
HER2|CD47|SIRP-ALPHA,BISPECIFIC,UNRESOLVED,,ABSTAIN - no decisive readout,0,0.0,1,,UNRESOLVED_no_grounded_patents,0.0,0.0,0.0,0,0,,,,False,False
HER2|CD47|SIRP-ALPHA,MAB,UNRESOLVED,,ABSTAIN - no decisive readout,0,0.0,1,,UNRESOLVED_no_grounded_patents,0.0,0.0,0.0,0,0,,,,False,False
HER2|CD70|TROP-2,ADC,UNRESOLVED,,ABSTAIN - no decisive readout,0,0.0,1,,UNRESOLVED_no_grounded_patents,0.0,0.0,0.0,0,0,,,,False,False
HER2|CLDN18.2|PD-1,MAB,UNRESOLVED,,ABSTAIN - no decisive readout,0,0.0,1,,UNRESOLVED_no_grounded_patents,0.0,0.0,0.0,0,0,,,,False,False
HER2|CLDN18.2|PD-L1,MAB,UNRESOLVED,,ABSTAIN - no decisive readout,0,0.0,1,,UNRESOLVED_no_grounded_patents,0.0,0.0,0.0,0,0,,,,False,False
HER2|CTLA-4|PD-1|ALK|EGFR|MET|VHL,MAB,UNRESOLVED,,ABSTAIN - no decisive readout,0,0.0,1,,UNRESOLVED_no_grounded_patents,0.0,0.0,0.0,0,0,,,,False,False
HER2|EGFR,BISPECIFIC,UNRESOLVED,,ABSTAIN - no decisive readout,0,0.0,0,0.301,weighted_fto_deterministic,0.301,0.334,0.0,4,4,BISPECIFIC,WO2017185177A1,ZYMEWORKS INC.,True,False
HER2|EGFR|CTLA-4|PD-1,MAB,UNRESOLVED,,ABSTAIN - no decisive readout,0,0.0,1,,UNRESOLVED_no_grounded_patents,0.0,0.0,0.0,0,0,,,,False,False
HER2|EGFR|FAP,MAB,UNRESOLVED,,ABSTAIN - no decisive readout,0,0.0,1,,UNRESOLVED_no_grounded_patents,0.0,0.0,0.0,0,0,,,,False,False
HER2|EGFR|HER3,ADC,UNRESOLVED,,ABSTAIN - no decisive readout,0,0.0,1,,UNRESOLVED_no_grounded_patents,0.0,0.0,0.0,0,0,,,,False,False
HER2|EGFR|KRAS,MAB,UNRESOLVED,,ABSTAIN - no decisive readout,0,0.0,1,,UNRESOLVED_no_grounded_patents,0.0,0.0,0.0,0,0,,,,False,False
HER2|EGFR|MET|PD-L1|PD-1|CTLA-4|KRAS,BISPECIFIC,UNRESOLVED,,ABSTAIN - no decisive readout,0,0.0,1,,UNRESOLVED_no_grounded_patents,0.0,0.0,0.0,0,0,,,,False,False
HER2|EGFR|VEGF,ADC,UNRESOLVED,,ABSTAIN - no decisive readout,0,0.0,1,,UNRESOLVED_no_grounded_patents,0.0,0.0,0.0,0,0,,,,False,False
HER2|EGFR|VEGF|PD-1,MAB,UNRESOLVED,,ABSTAIN - no decisive readout,0,0.0,1,,UNRESOLVED_no_grounded_patents,0.0,0.0,0.0,0,0,,,,False,False
HER2|ER|FGFR|KRAS,MAB,UNRESOLVED,,ABSTAIN - no decisive readout,0,0.0,1,,UNRESOLVED_no_grounded_patents,0.0,0.0,0.0,0,0,,,,False,False
HER2|FGFR|VEGF,ADC,UNRESOLVED,,ABSTAIN - no decisive readout,0,0.0,1,,UNRESOLVED_no_grounded_patents,0.0,0.0,0.0,0,0,,,,False,False
HER2|FOLR1,MAB,UNRESOLVED,,ABSTAIN - no decisive readout,0,0.0,1,,UNRESOLVED_no_grounded_patents,0.0,0.0,0.0,0,0,,,,False,False
HER2|HER3,ADC,UNRESOLVED,,ABSTAIN - no decisive readout,0,0.0,1,,UNRESOLVED_no_grounded_patents,0.349,0.0,0.0,5,5,BISPECIFIC,WO2025117871A1,"SYSTIMMUNE, INC.",False,False
HER2|HER3|ER,BISPECIFIC,UNRESOLVED,,ABSTAIN - no decisive readout,0,0.0,1,,UNRESOLVED_no_grounded_patents,0.0,0.0,0.0,0,0,,,,False,False
HER2|HER3|KRAS,MAB,UNRESOLVED,,ABSTAIN - no decisive readout,0,0.0,1,,UNRESOLVED_no_grounded_patents,0.0,0.0,0.0,0,0,,,,False,False
HER2|HER3|NECTIN4|TROP-2,MAB,UNRESOLVED,,ABSTAIN - no decisive readout,0,0.0,1,,UNRESOLVED_no_grounded_patents,0.0,0.0,0.0,0,0,,,,False,False
HER2|IGF-1R,UNCLASSIFIED,UNRESOLVED,,ABSTAIN - no decisive readout,0,0.0,3,,UNRESOLVED_no_grounded_patents,0.0,0.0,0.0,0,0,,,,False,False
HER2|LAG-3|PD-1,BISPECIFIC,UNRESOLVED,,ABSTAIN - no decisive readout,0,0.0,1,,UNRESOLVED_no_grounded_patents,0.0,0.0,0.0,0,0,,,,False,False
HER2|LAG-3|PD-1,MAB,UNRESOLVED,,ABSTAIN - no decisive readout,0,0.0,1,,UNRESOLVED_no_grounded_patents,0.0,0.0,0.0,0,0,,,,False,False
HER2|LIV-1,MAB,UNRESOLVED,,ABSTAIN - no decisive readout,0,0.0,1,,UNRESOLVED_no_grounded_patents,0.0,0.0,0.0,0,0,,,,False,False
HER2|MET,BISPECIFIC,UNRESOLVED,,ABSTAIN - no decisive readout,0,0.0,0,0.0,weighted_fto_deterministic,0.0,0.0,0.0,1,1,BISPECIFIC,WO2010115553A1,ROCHE GLYCART AG,True,False
HER2|MET,UNCLASSIFIED,UNRESOLVED,,ABSTAIN - no decisive readout,0,0.0,1,,UNRESOLVED_no_grounded_patents,0.0,0.0,0.0,1,1,BISPECIFIC,WO2010115553A1,ROCHE GLYCART AG,False,False
HER2|MUC1,MAB,UNRESOLVED,,ABSTAIN - no decisive readout,0,0.0,1,,UNRESOLVED_no_grounded_patents,0.0,0.0,0.0,0,0,,,,False,False
HER2|MUC1|MESOTHELIN|ROR1,CAR-T,UNRESOLVED,,ABSTAIN - no decisive readout,0,0.0,2,,UNRESOLVED_no_grounded_patents,0.0,0.0,0.0,0,0,,,,False,False
HER2|NECTIN4-MMAE,ADC,UNRESOLVED,,ABSTAIN - no decisive readout,0,0.0,1,,UNRESOLVED_no_grounded_patents,0.0,0.0,0.0,0,0,,,,False,False
HER2|NECTIN4|PD-1|AR|FAP|TROP-2,ADC,UNRESOLVED,,ABSTAIN - no decisive readout,0,0.0,1,,UNRESOLVED_no_grounded_patents,0.0,0.0,0.0,0,0,,,,False,False
HER2|NKG2D,BISPECIFIC,UNRESOLVED,,ABSTAIN - no decisive readout,0,0.0,0,0.0,weighted_fto_deterministic,0.0,0.0,0.0,1,1,BISPECIFIC,WO2021041878A1,"DRAGONFLY THERAPEUTICS, INC.",True,False
HER2|PD-1,UNCLASSIFIED,UNRESOLVED,,ABSTAIN - no decisive readout,0,0.0,6,,UNRESOLVED_no_grounded_patents,0.0,0.0,0.0,0,0,,,,False,False
HER2|PD-1-MMAE,ADC,UNRESOLVED,,ABSTAIN - no decisive readout,0,0.0,1,,UNRESOLVED_no_grounded_patents,0.0,0.0,0.0,0,0,,,,False,False
HER2|PD-1|PD-L1,UNCLASSIFIED,UNRESOLVED,,ABSTAIN - no decisive readout,0,0.0,2,,UNRESOLVED_no_grounded_patents,0.0,0.0,0.0,0,0,,,,False,False
HER2|PD-1|PD-L1|VEGF,BISPECIFIC,UNRESOLVED,,ABSTAIN - no decisive readout,0,0.0,1,,UNRESOLVED_no_grounded_patents,0.0,0.0,0.0,0,0,,,,False,False
HER2|PD-1|PD-L1|VEGF,UNCLASSIFIED,UNRESOLVED,,ABSTAIN - no decisive readout,0,0.0,1,,UNRESOLVED_no_grounded_patents,0.0,0.0,0.0,0,0,,,,False,False
HER2|PD-1|PD-L1|VEGF|VEGFR2|EGFR,ADC,UNRESOLVED,,ABSTAIN - no decisive readout,0,0.0,1,,UNRESOLVED_no_grounded_patents,0.0,0.0,0.0,0,0,,,,False,False
HER2|PD-1|VEGF,ADC,UNRESOLVED,,ABSTAIN - no decisive readout,0,0.0,2,,UNRESOLVED_no_grounded_patents,0.0,0.0,0.0,0,0,,,,False,False
HER2|PD-1|VEGF,BISPECIFIC,UNRESOLVED,,ABSTAIN - no decisive readout,0,0.0,1,,UNRESOLVED_no_grounded_patents,0.0,0.0,0.0,0,0,,,,False,False
HER2|PD-L1,BISPECIFIC,UNRESOLVED,,ABSTAIN - no decisive readout,0,0.0,0,0.0,weighted_fto_deterministic,0.0,0.0,0.0,1,1,BISPECIFIC,WO2021110107A1,"JIANGSU ALPHAMAB BIOPHARMACEUTICALS CO., LTD.",True,False
HER2|PD-L1,CAR-T,UNRESOLVED,,ABSTAIN - no decisive readout,0,0.0,1,,UNRESOLVED_no_grounded_patents,0.0,0.0,0.0,1,1,BISPECIFIC,WO2021110107A1,"JIANGSU ALPHAMAB BIOPHARMACEUTICALS CO., LTD.",False,False
HER2|PD-L1,UNCLASSIFIED,UNRESOLVED,,ABSTAIN - no decisive readout,0,0.0,2,,UNRESOLVED_no_grounded_patents,0.0,0.0,0.0,1,1,BISPECIFIC,WO2021110107A1,"JIANGSU ALPHAMAB BIOPHARMACEUTICALS CO., LTD.",False,False
HER2|PD-L1-MMAE,ADC,UNRESOLVED,,ABSTAIN - no decisive readout,0,0.0,1,,UNRESOLVED_no_grounded_patents,0.0,0.0,0.0,0,0,,,,False,False
HER2|PD-L1-TOP1I,ADC,UNRESOLVED,,ABSTAIN - no decisive readout,0,0.0,4,,UNRESOLVED_no_grounded_patents,0.0,0.0,0.0,0,0,,,,False,False
HER2|PD-L1|ALK,ADC,UNRESOLVED,,ABSTAIN - no decisive readout,0,0.0,1,,UNRESOLVED_no_grounded_patents,0.0,0.0,0.0,0,0,,,,False,False
HER2|PD-L1|CD137,MAB,UNRESOLVED,,ABSTAIN - no decisive readout,0,0.0,1,,UNRESOLVED_no_grounded_patents,0.0,0.0,0.0,0,0,,,,False,False
HER2|PD-L1|CD73|PD-1,ADC,UNRESOLVED,,ABSTAIN - no decisive readout,0,0.0,1,,UNRESOLVED_no_grounded_patents,0.0,0.0,0.0,0,0,,,,False,False
HER2|PD-L1|CTLA-4|PD-1|ALK|EGFR|FGFR|MET,ADC,UNRESOLVED,,ABSTAIN - no decisive readout,0,0.0,1,,UNRESOLVED_no_grounded_patents,0.0,0.0,0.0,0,0,,,,False,False
HER2|PD-L1|CTLA-4|PD-1|EPCAM|FGFR|VHL,ADC,UNRESOLVED,,ABSTAIN - no decisive readout,0,0.0,1,,UNRESOLVED_no_grounded_patents,0.0,0.0,0.0,0,0,,,,False,False
HER2|PD-L1|ER,ADC,UNRESOLVED,,ABSTAIN - no decisive readout,0,0.0,1,,UNRESOLVED_no_grounded_patents,0.0,0.0,0.0,0,0,,,,False,False
HER2|PD-L1|TCR,ADC,UNRESOLVED,,ABSTAIN - no decisive readout,0,0.0,1,,UNRESOLVED_no_grounded_patents,0.0,0.0,0.0,0,0,,,,False,False
HER2|PD-L1|TIGIT|ALK,ADC,UNRESOLVED,,ABSTAIN - no decisive readout,0,0.0,1,,UNRESOLVED_no_grounded_patents,0.0,0.0,0.0,0,0,,,,False,False
HER2|PD-L1|TIGIT|VEGF|ER,ADC,UNRESOLVED,,ABSTAIN - no decisive readout,0,0.0,1,,UNRESOLVED_no_grounded_patents,0.0,0.0,0.0,0,0,,,,False,False
HER2|PD-L1|TROP-2,MAB,UNRESOLVED,,ABSTAIN - no decisive readout,0,0.0,2,,UNRESOLVED_no_grounded_patents,0.0,0.0,0.0,0,0,,,,False,False
HER2|PD-L1|VEGF|ALK|EGFR|EPCAM,ADC,UNRESOLVED,,ABSTAIN - no decisive readout,0,0.0,1,,UNRESOLVED_no_grounded_patents,0.0,0.0,0.0,0,0,,,,False,False
HER2|PD-L1|VEGF|ER,ADC,UNRESOLVED,,ABSTAIN - no decisive readout,0,0.0,1,,UNRESOLVED_no_grounded_patents,0.0,0.0,0.0,0,0,,,,False,False
HER2|ROR1,MAB,UNRESOLVED,,ABSTAIN - no decisive readout,0,0.0,1,,UNRESOLVED_no_grounded_patents,0.0,0.0,0.0,0,0,,,,False,False
HER2|TCR,UNCLASSIFIED,UNRESOLVED,,ABSTAIN - no decisive readout,0,0.0,1,,UNRESOLVED_no_grounded_patents,0.0,0.0,0.0,0,0,,,,False,False
HER2|TROP-2,BISPECIFIC,UNRESOLVED,,ABSTAIN - no decisive readout,0,0.0,0,0.271,weighted_fto_deterministic,0.239,0.265,0.367,3,3,BISPECIFIC,WO2024118931A2,BRIGHT BIOLOGICS LLC,True,False
HER2|TROP-2,UNCLASSIFIED,UNRESOLVED,,ABSTAIN - no decisive readout,0,0.0,1,,UNRESOLVED_no_grounded_patents,0.239,0.0,0.0,3,3,BISPECIFIC,WO2024118931A2,BRIGHT BIOLOGICS LLC,False,False
HER2|TROP-2-REZETECAN,ADC,UNRESOLVED,,ABSTAIN - no decisive readout,0,0.0,1,,UNRESOLVED_no_grounded_patents,0.0,0.0,0.0,0,0,,,,False,False
HER2|TROP-2|NECTIN4,ADC,UNRESOLVED,,ABSTAIN - no decisive readout,0,0.0,1,,UNRESOLVED_no_grounded_patents,0.0,0.0,0.0,0,0,,,,False,False
HER2|TROP-2|PD-L1,ADC,UNRESOLVED,,ABSTAIN - no decisive readout,0,0.0,1,,UNRESOLVED_no_grounded_patents,0.0,0.0,0.0,0,0,,,,False,False
HER2|TROP-2|PD-L1|VEGF|CD40,ADC,UNRESOLVED,,ABSTAIN - no decisive readout,0,0.0,1,,UNRESOLVED_no_grounded_patents,0.0,0.0,0.0,0,0,,,,False,False
HER2|VEGF,BISPECIFIC,UNRESOLVED,,ABSTAIN - no decisive readout,0,0.0,1,0.0,weighted_fto_deterministic,0.0,0.0,0.0,1,1,BISPECIFIC,WO2022104186A1,TAVOTEK BIOTHERAPEUTICS (HONG KONG) LIMITED,True,False
HER2|VEGF,UNCLASSIFIED,UNRESOLVED,,ABSTAIN - no decisive readout,0,0.0,1,,UNRESOLVED_no_grounded_patents,0.0,0.0,0.0,1,1,BISPECIFIC,WO2022104186A1,TAVOTEK BIOTHERAPEUTICS (HONG KONG) LIMITED,False,False
HER2|VEGFR2,ADC,UNRESOLVED,,ABSTAIN - no decisive readout,0,0.0,1,,UNRESOLVED_no_grounded_patents,0.0,0.0,0.0,0,0,,,,False,False
HER2|VEGFR2,BISPECIFIC,UNRESOLVED,,ABSTAIN - no decisive readout,0,0.0,1,,UNRESOLVED_no_grounded_patents,0.0,0.0,0.0,0,0,,,,False,False
HER2|VEGFR2|CD47|SIRP-ALPHA,MAB,UNRESOLVED,,ABSTAIN - no decisive readout,0,0.0,1,,UNRESOLVED_no_grounded_patents,0.0,0.0,0.0,0,0,,,,False,False
HER2|VEGFR2|PD-1,MAB,UNRESOLVED,,ABSTAIN - no decisive readout,0,0.0,1,,UNRESOLVED_no_grounded_patents,0.0,0.0,0.0,0,0,,,,False,False
HER2|VEGFR2|PD-L1,MAB,UNRESOLVED,,ABSTAIN - no decisive readout,0,0.0,1,,UNRESOLVED_no_grounded_patents,0.0,0.0,0.0,0,0,,,,False,False
HER2|VEGF|CTLA-4|PD-1,ADC,UNRESOLVED,,ABSTAIN - no decisive readout,0,0.0,1,,UNRESOLVED_no_grounded_patents,0.0,0.0,0.0,0,0,,,,False,False
HER2|VEGF|EGFR,MAB,UNRESOLVED,,ABSTAIN - no decisive readout,0,0.0,3,,UNRESOLVED_no_grounded_patents,0.0,0.0,0.0,0,0,,,,False,False
HER2|VEGF|EPCAM|CD3|EGFR,BISPECIFIC,UNRESOLVED,,ABSTAIN - no decisive readout,0,0.0,1,,UNRESOLVED_no_grounded_patents,0.0,0.0,0.0,0,0,,,,False,False
HER2|VEGF|ER,MAB,UNRESOLVED,,ABSTAIN - no decisive readout,0,0.0,1,,UNRESOLVED_no_grounded_patents,0.0,0.0,0.0,0,0,,,,False,False
HER2|VEGF|KRAS,MAB,UNRESOLVED,,ABSTAIN - no decisive readout,0,0.0,1,,UNRESOLVED_no_grounded_patents,0.0,0.0,0.0,0,0,,,,False,False
HER3-DXD,RADIOLIGAND,UNRESOLVED,,ABSTAIN - no decisive readout,0,0.0,1,,UNRESOLVED_no_grounded_patents,0.0,0.0,0.0,0,1,ADC,WO2015155998A1,DAIICHI SANKYO COMPANY,False,False
HER3-EXATECAN,ADC,UNRESOLVED,,ABSTAIN - no decisive readout,0,0.0,1,0.042,weighted_fto_deterministic,0.0,0.167,0.0,1,2,ADC,WO2025248072A1,BIONTECH SE,True,False
HER3-MMAE,ADC,UNRESOLVED,,ABSTAIN - no decisive readout,0,0.0,0,0.042,weighted_fto_deterministic,0.0,0.167,0.0,1,2,ADC,WO2024193449A1,"BIOCYTOGEN PHARMACEUTICALS (BEIJING) CO., LTD.",True,False
HER3-MMAF,ADC,UNRESOLVED,,ABSTAIN - no decisive readout,0,0.0,0,0.042,weighted_fto_deterministic,0.0,0.167,0.0,1,2,ADC,WO2024193449A1,"BIOCYTOGEN PHARMACEUTICALS (BEIJING) CO., LTD.",True,False
HER3-TOP1I,ADC,UNRESOLVED,,ABSTAIN - no decisive readout,0,0.0,1,,UNRESOLVED_no_grounded_patents,0.0,0.0,0.0,0,0,,,,False,False
HER3-UNDISCLOSED,ADC,UNRESOLVED,,ABSTAIN - no decisive readout,0,0.0,1,,UNRESOLVED_no_grounded_patents,0.0,0.0,0.0,0,0,,,,False,False
HER3|EGFR,BISPECIFIC,UNRESOLVED,,ABSTAIN - no decisive readout,0,0.0,0,0.042,weighted_fto_deterministic,0.0,0.167,0.0,0,2,BISPECIFIC,WO2026088233A1,TAKIS S.R.L.,True,False
HER3|EGFR,MAB,UNRESOLVED,,ABSTAIN - no decisive readout,0,0.0,1,,UNRESOLVED_no_grounded_patents,0.0,0.0,0.0,0,2,BISPECIFIC,WO2026088233A1,TAKIS S.R.L.,False,False
HER3|EGFR|KRAS,ADC,UNRESOLVED,,ABSTAIN - no decisive readout,0,0.0,1,,UNRESOLVED_no_grounded_patents,0.0,0.0,0.0,0,0,,,,False,False
HER3|ER|HER2,ADC,UNRESOLVED,,ABSTAIN - no decisive readout,0,0.0,1,,UNRESOLVED_no_grounded_patents,0.0,0.0,0.0,0,0,,,,False,False
HER3|HER2,BISPECIFIC,UNRESOLVED,,ABSTAIN - no decisive readout,0,0.0,0,0.239,weighted_fto_deterministic,0.239,0.388,0.0,3,5,BISPECIFIC,WO2023166098A1,BIOMUNEX PHARMACEUTICALS,True,False
HER3|HER2,UNCLASSIFIED,UNRESOLVED,,ABSTAIN - no decisive readout,0,0.0,5,,UNRESOLVED_no_grounded_patents,0.239,0.0,0.0,3,5,BISPECIFIC,WO2023166098A1,BIOMUNEX PHARMACEUTICALS,False,False
HER3|HER2-DXD,ADC,UNRESOLVED,,ABSTAIN - no decisive readout,0,0.0,2,,UNRESOLVED_no_grounded_patents,0.0,0.0,0.0,0,0,,,,False,False
HER3|HER2-TOP1I,ADC,UNRESOLVED,,ABSTAIN - no decisive readout,0,0.0,1,,UNRESOLVED_no_grounded_patents,0.0,0.0,0.0,0,0,,,,False,False
HER3|KRAS,MAB,UNRESOLVED,,ABSTAIN - no decisive readout,0,0.0,1,,UNRESOLVED_no_grounded_patents,0.0,0.0,0.0,0,0,,,,False,False
HER3|MET,BISPECIFIC,UNRESOLVED,,ABSTAIN - no decisive readout,0,0.0,0,0.0,weighted_fto_deterministic,0.0,0.0,0.0,1,1,BISPECIFIC,WO2010115552A1,ROCHE GLYCART AG,True,False
HER3|PD-1,BISPECIFIC,UNRESOLVED,,ABSTAIN - no decisive readout,0,0.0,1,,UNRESOLVED_no_grounded_patents,0.0,0.0,0.0,0,0,,,,False,False
HER3|PD-1|HER2,ADC,UNRESOLVED,,ABSTAIN - no decisive readout,0,0.0,1,,UNRESOLVED_no_grounded_patents,0.0,0.0,0.0,0,0,,,,False,False
HER3|PD-1|HER2|TCR|TROP-2,ADC,UNRESOLVED,,ABSTAIN - no decisive readout,0,0.0,1,,UNRESOLVED_no_grounded_patents,0.0,0.0,0.0,0,0,,,,False,False
HER3|PD-1|PD-L1,MAB,UNRESOLVED,,ABSTAIN - no decisive readout,0,0.0,3,,UNRESOLVED_no_grounded_patents,0.0,0.0,0.0,0,0,,,,False,False
HER3|PD-L1|VEGF-EXATECAN,ADC,UNRESOLVED,,ABSTAIN - no decisive readout,0,0.0,1,,UNRESOLVED_no_grounded_patents,0.0,0.0,0.0,0,0,,,,False,False
HER3|TROP-2,UNCLASSIFIED,UNRESOLVED,,ABSTAIN - no decisive readout,0,0.0,1,,UNRESOLVED_no_grounded_patents,0.0,0.0,0.0,0,0,,,,False,False
HER3|TROP-2-AMANITIN,BISPECIFIC,UNRESOLVED,,ABSTAIN - no decisive readout,0,0.0,0,0.0,weighted_fto_deterministic,0.0,0.0,0.0,0,1,BISPECIFIC,WO2025140438A1,"JIANGSU ALPHAMAB BIOPHARMACEUTICALS CO., LTD.",True,False
HER3|TROP-2-AURISTATIN,BISPECIFIC,UNRESOLVED,,ABSTAIN - no decisive readout,0,0.0,0,0.0,weighted_fto_deterministic,0.0,0.0,0.0,0,1,BISPECIFIC,WO2025140438A1,"JIANGSU ALPHAMAB BIOPHARMACEUTICALS CO., LTD.",True,False
HER3|TROP-2-CALICHEAMICIN,BISPECIFIC,UNRESOLVED,,ABSTAIN - no decisive readout,0,0.0,0,0.0,weighted_fto_deterministic,0.0,0.0,0.0,0,1,BISPECIFIC,WO2025140438A1,"JIANGSU ALPHAMAB BIOPHARMACEUTICALS CO., LTD.",True,False
HER3|TROP-2-DUOCARMYCIN,BISPECIFIC,UNRESOLVED,,ABSTAIN - no decisive readout,0,0.0,0,0.0,weighted_fto_deterministic,0.0,0.0,0.0,0,1,BISPECIFIC,WO2025140438A1,"JIANGSU ALPHAMAB BIOPHARMACEUTICALS CO., LTD.",True,False
HER3|TROP-2-ERIBULIN,BISPECIFIC,UNRESOLVED,,ABSTAIN - no decisive readout,0,0.0,0,0.0,weighted_fto_deterministic,0.0,0.0,0.0,0,1,BISPECIFIC,WO2025140438A1,"JIANGSU ALPHAMAB BIOPHARMACEUTICALS CO., LTD.",True,False
HER3|TROP-2-PBD,BISPECIFIC,UNRESOLVED,,ABSTAIN - no decisive readout,0,0.0,0,0.0,weighted_fto_deterministic,0.0,0.0,0.0,0,1,BISPECIFIC,WO2025140438A1,"JIANGSU ALPHAMAB BIOPHARMACEUTICALS CO., LTD.",True,False
HER3|TROP-2-TOP1I,ADC,UNRESOLVED,,ABSTAIN - no decisive readout,0,0.0,1,,UNRESOLVED_no_grounded_patents,0.0,0.0,0.0,0,1,BISPECIFIC,WO2025140438A1,"JIANGSU ALPHAMAB BIOPHARMACEUTICALS CO., LTD.",False,False
HER3|TROP-2-TOP1I,BISPECIFIC,UNRESOLVED,,ABSTAIN - no decisive readout,0,0.0,0,0.0,weighted_fto_deterministic,0.0,0.0,0.0,0,1,BISPECIFIC,WO2025140438A1,"JIANGSU ALPHAMAB BIOPHARMACEUTICALS CO., LTD.",True,False
HER3|TROP-2-TUBULYSIN,BISPECIFIC,UNRESOLVED,,ABSTAIN - no decisive readout,0,0.0,0,0.0,weighted_fto_deterministic,0.0,0.0,0.0,0,1,BISPECIFIC,WO2025140438A1,"JIANGSU ALPHAMAB BIOPHARMACEUTICALS CO., LTD.",True,False
HER4,MAB,UNRESOLVED,,ABSTAIN - no decisive readout,0,0.0,0,0.0,weighted_fto_deterministic,0.0,0.0,0.0,1,1,MAB,WO2015159253A1,GAMAMABS PHARMA,True,False
HERV-K,MAB,UNRESOLVED,,ABSTAIN - no decisive readout,0,0.0,0,0.042,weighted_fto_deterministic,0.0,0.167,0.0,1,2,MAB,WO2023044466A2,"SUNNYBAY BIOTECH, INC.",True,False
HGF|ANG2,BISPECIFIC,UNRESOLVED,,ABSTAIN - no decisive readout,0,0.0,0,0.0,weighted_fto_deterministic,0.0,0.0,0.0,1,1,BISPECIFIC,WO2014108854A1,FUSIMAB LTD.,True,False
HIF,MAB,UNRESOLVED,,ABSTAIN - no decisive readout,0,0.0,0,0.042,weighted_fto_deterministic,0.0,0.167,0.0,1,2,MAB,WO2022221431A1,"ONCOC4, INC.",True,False
HIF,UNCLASSIFIED,UNRESOLVED,,ABSTAIN - no decisive readout,0,0.0,1,,UNRESOLVED_no_grounded_patents,0.0,0.0,0.0,1,2,MAB,WO2022221431A1,"ONCOC4, INC.",False,False
HIF|PD-1|VHL,MAB,UNRESOLVED,,ABSTAIN - no decisive readout,0,0.0,1,,UNRESOLVED_no_grounded_patents,0.0,0.0,0.0,0,0,,,,False,False
HIF|VEGF,MAB,UNRESOLVED,,ABSTAIN - no decisive readout,0,0.0,2,,UNRESOLVED_no_grounded_patents,0.0,0.0,0.0,0,0,,,,False,False
HLA,MAB,UNRESOLVED,,ABSTAIN - no decisive readout,0,0.0,0,0.0,weighted_fto_deterministic,0.0,0.0,0.0,0,1,MAB,WO2010126074A1,CHUGAI SEIYAKU KABUSHIKI KAISHA,True,False
HLA-DR,MAB,UNRESOLVED,,ABSTAIN - no decisive readout,0,0.0,0,0.0,weighted_fto_deterministic,0.0,0.0,0.0,1,1,MAB,WO2020171171A1,"BRIGHTPATH BIOTHERAPEUTICS CO., LTD.",True,False
HLA-E,MAB,UNRESOLVED,,ABSTAIN - no decisive readout,0,0.0,0,0.0,weighted_fto_deterministic,0.0,0.0,0.0,1,1,MAB,WO2012094252A1,THE TERASAKI FAMILY FOUNDATION,True,False
HLA-G,MAB,UNRESOLVED,,ABSTAIN - no decisive readout,0,0.0,1,0.167,weighted_fto_deterministic,0.151,0.334,0.0,2,4,MAB,WO2025165879A1,"TIZONA THERAPEUTICS, INC.",True,False
HPV E6,MAB,UNRESOLVED,,ABSTAIN - no decisive readout,0,0.0,0,0.0,weighted_fto_deterministic,0.0,0.0,0.0,1,1,MAB,WO2010123561A1,ARBOR VITA CORPORATION,True,False
HPV E7,MAB,UNRESOLVED,,ABSTAIN - no decisive readout,0,0.0,0,0.0,weighted_fto_deterministic,0.0,0.0,0.0,0,1,MAB,WO2016045563A1,ATTOGEN BIOMEDICAL (SUZHOU) INC. LTD.,True,False
HSP70,MAB,UNRESOLVED,,ABSTAIN - no decisive readout,0,0.0,0,0.239,weighted_fto_deterministic,0.239,0.265,0.0,3,3,MAB,WO2023056361A1,"BOARD OF REGENTS, THE UNIVERSITY OF TEXAS SYSTEM",True,False
HTRA3,MAB,UNRESOLVED,,ABSTAIN - no decisive readout,0,0.0,0,0.0,weighted_fto_deterministic,0.0,0.0,0.0,1,1,MAB,WO2013149306A1,PRINCE HENRY'S INSTITUTE OF MEDICAL RESEARCH,True,False
HVEM,MAB,UNRESOLVED,,ABSTAIN - no decisive readout,0,0.0,0,0.0,weighted_fto_deterministic,0.0,0.0,0.0,1,1,MAB,WO2022131687A2,MEDYTOX INC.,True,False
ICAM1,CAR-T,UNRESOLVED,,ABSTAIN - no decisive readout,0,0.0,1,,UNRESOLVED_no_grounded_patents,0.0,0.0,0.0,0,1,MAB,WO2026038869A1,THE ASAN FOUNDATION,False,False
ICAM1-DM1,ADC,UNRESOLVED,,ABSTAIN - no decisive readout,0,0.0,0,0.151,weighted_fto_deterministic,0.151,0.167,0.0,2,2,ADC,WO2022182743A1,CHILDREN'S MEDICAL CENTER CORPORATION,True,False
ICAM1-DM4,ADC,UNRESOLVED,,ABSTAIN - no decisive readout,0,0.0,0,0.0,weighted_fto_deterministic,0.0,0.0,0.0,1,1,ADC,WO2022182743A1,CHILDREN'S MEDICAL CENTER CORPORATION,True,False
ICAM1-DUOCARMYCIN,ADC,UNRESOLVED,,ABSTAIN - no decisive readout,0,0.0,0,0.0,weighted_fto_deterministic,0.0,0.0,0.0,1,1,ADC,WO2021041171A1,CHILDREN'S MEDICAL CENTER CORPORATION,True,False
ICAM1-MMAE,ADC,UNRESOLVED,,ABSTAIN - no decisive readout,0,0.0,0,0.151,weighted_fto_deterministic,0.151,0.167,0.0,2,2,ADC,WO2022182743A1,CHILDREN'S MEDICAL CENTER CORPORATION,True,False
ICAM1-MMAF,ADC,UNRESOLVED,,ABSTAIN - no decisive readout,0,0.0,0,0.151,weighted_fto_deterministic,0.151,0.167,0.0,2,2,ADC,WO2022182743A1,CHILDREN'S MEDICAL CENTER CORPORATION,True,False
ICAM1|MUC1|PD-L1,UNCLASSIFIED,UNRESOLVED,,ABSTAIN - no decisive readout,0,0.0,1,,UNRESOLVED_no_grounded_patents,0.0,0.0,0.0,0,0,,,,False,False
ICAM3,MAB,UNRESOLVED,,ABSTAIN - no decisive readout,0,0.0,0,0.0,weighted_fto_deterministic,0.0,0.0,0.0,1,1,MAB,WO2011105573A1,"FORERUNNER PHARMA RESEARCH CO., LTD.",True,False
ICOS|PD-1,BISPECIFIC,UNRESOLVED,,ABSTAIN - no decisive readout,0,0.0,0,0.0,weighted_fto_deterministic,0.0,0.0,0.0,1,1,BISPECIFIC,WO2023230504A1,"XENCOR, INC.",True,False
ICOS|PD-L1,BISPECIFIC,UNRESOLVED,,ABSTAIN - no decisive readout,0,0.0,0,0.0,weighted_fto_deterministic,0.0,0.0,0.0,1,1,BISPECIFIC,WO2019122882A1,KYMAB LIMITED,True,False
IGF,MAB,UNRESOLVED,,ABSTAIN - no decisive readout,0,0.0,0,0.0,weighted_fto_deterministic,0.0,0.0,0.0,0,1,MAB,WO2012068148A1,"MEDIMMUNE, LLC",True,False
IGF-1R,BISPECIFIC,UNRESOLVED,,ABSTAIN - no decisive readout,0,0.0,0,0.349,weighted_fto_deterministic,0.349,0.0,0.0,5,7,BISPECIFIC|MAB,WO2016174053A1,PIERRE FABRE MEDICAMENT,True,False
IGF-1R|HER3,BISPECIFIC,UNRESOLVED,,ABSTAIN - no decisive readout,0,0.0,0,0.273,weighted_fto_deterministic,0.151,0.388,0.463,2,5,BISPECIFIC,WO2017181099A1,"MERRIMACK PHARMACEUTICALS, INC.",True,False
IGF-1R|KRAS|VEGF,MAB,UNRESOLVED,,ABSTAIN - no decisive readout,0,0.0,1,,UNRESOLVED_no_grounded_patents,0.0,0.0,0.0,0,0,,,,False,False
IGF-1R|MESOTHELIN,UNCLASSIFIED,UNRESOLVED,,ABSTAIN - no decisive readout,0,0.0,1,,UNRESOLVED_no_grounded_patents,0.0,0.0,0.0,0,0,,,,False,False
IGF2R,MAB,UNRESOLVED,,ABSTAIN - no decisive readout,0,0.0,0,0.0,weighted_fto_deterministic,0.0,0.0,0.0,1,1,MAB,WO2022178642A1,UNIVERSITY OF SASKATCHEWAN,True,False
IGSF1,MAB,UNRESOLVED,,ABSTAIN - no decisive readout,0,0.0,0,0.097,weighted_fto_deterministic,0.0,0.388,0.0,0,5,MAB,WO2024090916A1,"WELLMARKER BIO CO., LTD.",True,False
IKZF2|IKZF4,OUT_OF_SCOPE,UNRESOLVED,,ABSTAIN - no decisive readout,0,0.0,1,,UNRESOLVED_no_grounded_patents,0.0,0.0,0.0,0,0,,,,False,False
IL-10,MAB,UNRESOLVED,,ABSTAIN - no decisive readout,0,0.0,0,0.066,weighted_fto_deterministic,0.0,0.265,0.0,0,3,MAB,WO2018060514A1,GALDERMA RESEARCH & DEVELOPMENT,True,False
IL-11,MAB,UNRESOLVED,,ABSTAIN - no decisive readout,0,0.0,0,0.0,weighted_fto_deterministic,0.0,0.0,0.0,0,1,MAB,WO2023143590A1,"MABWELL (SHANGHAI) BIOSCIENCE CO., LTD.",True,False
IL-13,MAB,UNRESOLVED,,ABSTAIN - no decisive readout,0,0.0,0,0.0,weighted_fto_deterministic,0.0,0.0,0.0,0,1,MAB,WO2023023497A1,MEDIMMUNE LLC,True,False
IL-13RA1,MAB,UNRESOLVED,,ABSTAIN - no decisive readout,0,0.0,0,0.0,weighted_fto_deterministic,0.0,0.0,0.0,1,1,MAB,WO2019004943A1,ASLAN PHARMACEUTICALS PTE LTD,True,False
IL-13RA2,MAB,UNRESOLVED,,ABSTAIN - no decisive readout,0,0.0,0,0.042,weighted_fto_deterministic,0.0,0.167,0.0,1,2,MAB,WO2024071397A1,THE UNIVERSITY OF TOKYO,True,False
IL-15RA,OUT_OF_SCOPE,UNRESOLVED,,ABSTAIN - no decisive readout,0,0.0,1,,UNRESOLVED_no_grounded_patents,0.0,0.0,0.0,0,0,,,,False,False
IL-17A,MAB,UNRESOLVED,,ABSTAIN - no decisive readout,0,0.0,0,0.0,weighted_fto_deterministic,0.0,0.0,0.0,1,1,MAB,WO2019096026A1,"BEIJING BEYOND BIOTECHNOLOGY CO., LTD",True,False
IL-17RB,MAB,UNRESOLVED,,ABSTAIN - no decisive readout,0,0.0,0,0.0,weighted_fto_deterministic,0.0,0.0,0.0,1,1,MAB,WO2020115319A1,LIFEARC,True,False
IL-19,MAB,UNRESOLVED,,ABSTAIN - no decisive readout,0,0.0,0,0.0,weighted_fto_deterministic,0.0,0.0,0.0,0,1,MAB,WO2012018877A2,NATIONAL CHENG KUNG UNIVERSITY,True,False
IL-1B,MAB,UNRESOLVED,,ABSTAIN - no decisive readout,0,0.0,1,0.0,weighted_fto_deterministic,0.0,0.0,0.0,0,1,MAB,WO2021150486A1,ELI LILLY AND COMPANY,True,False
IL-2,MAB,UNRESOLVED,,ABSTAIN - no decisive readout,0,0.0,1,0.084,weighted_fto_deterministic,0.0,0.334,0.0,1,4,MAB,WO2024102905A2,"AULOS BIOSCIENCE, INC.",True,False
IL-20,MAB,UNRESOLVED,,ABSTAIN - no decisive readout,0,0.0,0,0.0,weighted_fto_deterministic,0.0,0.0,0.0,0,1,MAB,WO2013177157A1,NATIONAL CHENG KUNG UNIVERSITY,True,False
IL-21,MAB,UNRESOLVED,,ABSTAIN - no decisive readout,0,0.0,0,0.0,weighted_fto_deterministic,0.0,0.0,0.0,1,1,MAB,WO2016094962A1,MONASH UNIVERSITY,True,False
IL-23,MAB,UNRESOLVED,,ABSTAIN - no decisive readout,0,0.0,0,0.0,weighted_fto_deterministic,0.0,0.0,0.0,0,1,MAB,WO2014137962A1,ELI LILLY AND COMPANY,True,False
IL-25,MAB,UNRESOLVED,,ABSTAIN - no decisive readout,0,0.0,0,0.239,weighted_fto_deterministic,0.239,0.334,0.0,3,4,MAB,WO2024211842A1,THE TRUSTEES OF COLUMBIA UNIVERSITY IN THE CITY OF NEW YORK,True,False
IL-27,MAB,UNRESOLVED,,ABSTAIN - no decisive readout,0,0.0,1,0.349,weighted_fto_deterministic,0.349,0.502,0.0,5,8,MAB,WO2026055168A1,"SURFACE ONCOLOGY, LLC",True,False
IL-36R,MAB,UNRESOLVED,,ABSTAIN - no decisive readout,0,0.0,0,0.0,weighted_fto_deterministic,0.0,0.0,0.0,1,1,MAB,WO2016168542A1,"ANAPTYSBIO, INC.",True,False
IL-4R,MAB,UNRESOLVED,,ABSTAIN - no decisive readout,0,0.0,0,0.0,weighted_fto_deterministic,0.0,0.0,0.0,0,1,MAB,WO2022135441A1,"JIANGSU HENGRUI MEDICINE CO., LTD.",True,False
IL-6|CD3,BISPECIFIC,UNRESOLVED,,ABSTAIN - no decisive readout,0,0.0,0,0.151,weighted_fto_deterministic,0.151,0.167,0.0,2,2,BISPECIFIC,WO2019133761A1,"TENEOBIO, INC.",True,False
IL-6|TCR,BISPECIFIC,UNRESOLVED,,ABSTAIN - no decisive readout,0,0.0,0,0.171,weighted_fto_deterministic,0.151,0.167,0.232,2,2,BISPECIFIC,WO2021138474A2,"MARENGO THERAPEUTICS, INC.",True,False
IL1RAP|CD3,BISPECIFIC,UNRESOLVED,,ABSTAIN - no decisive readout,0,0.0,0,0.0,weighted_fto_deterministic,0.0,0.0,0.0,1,1,BISPECIFIC,WO2017079121A2,JANSSEN PHARMACEUTICA NV,True,False
INHIBIN,MAB,UNRESOLVED,,ABSTAIN - no decisive readout,0,0.0,0,0.0,weighted_fto_deterministic,0.0,0.0,0.0,0,1,MAB,WO2023069446A1,THE UAB RESEARCH FOUNDATION,True,False
INTEGRIN,MAB,UNRESOLVED,,ABSTAIN - no decisive readout,0,0.0,0,0.349,weighted_fto_deterministic,0.349,0.502,0.0,5,8,MAB,WO2024086919A1,FIBROCOR THERAPEUTICS INC.,True,False
ITGA11,MAB,UNRESOLVED,,ABSTAIN - no decisive readout,0,0.0,0,0.0,weighted_fto_deterministic,0.0,0.0,0.0,1,1,MAB,WO2019154961A1,VESTLANDETS INNOVASJONSSELSKAP AS,True,False
ITGA2,MAB,UNRESOLVED,,ABSTAIN - no decisive readout,0,0.0,0,0.0,weighted_fto_deterministic,0.0,0.0,0.0,0,1,MAB,WO2024001669A1,"FORESEEN TECHNOLOGY (BEIJING) CO., LTD.",True,False
ITGA5,MAB,UNRESOLVED,,ABSTAIN - no decisive readout,0,0.0,1,,UNRESOLVED_no_grounded_patents,0.0,0.0,0.0,0,0,,,,False,False
ITGAV,MAB,UNRESOLVED,,ABSTAIN - no decisive readout,0,0.0,0,0.0,weighted_fto_deterministic,0.0,0.0,0.0,0,1,MAB,WO2012107211A1,MERCK PATENT GMBH,True,False
ITPRIPL1,MAB,UNRESOLVED,,ABSTAIN - no decisive readout,0,0.0,1,,UNRESOLVED_no_grounded_patents,0.0,0.0,0.0,0,0,,,,False,False
JAG1,MAB,UNRESOLVED,,ABSTAIN - no decisive readout,0,0.0,0,0.0,weighted_fto_deterministic,0.0,0.0,0.0,1,1,MAB,WO2016144876A2,"SORRENTO THERAPEUTICS, INC.",True,False
JAGGED,MAB,UNRESOLVED,,ABSTAIN - no decisive readout,0,0.0,0,0.151,weighted_fto_deterministic,0.151,0.167,0.0,2,2,MAB,WO2014111704A1,CANCER RESEARCH TECHNOLOGY LIMITED,True,False
JAM-C,MAB,UNRESOLVED,,ABSTAIN - no decisive readout,0,0.0,0,0.0,weighted_fto_deterministic,0.0,0.0,0.0,1,1,MAB,WO2014066590A1,RESEARCH DEVELOPMENT FOUNDATION,True,False
KAAG1,MAB,UNRESOLVED,,ABSTAIN - no decisive readout,0,0.0,0,0.0,weighted_fto_deterministic,0.0,0.0,0.0,1,1,MAB,WO2012129668A1,ALETHIA BIOTHERAPEUTICS INC.,True,False
KARS1,MAB,UNRESOLVED,,ABSTAIN - no decisive readout,0,0.0,0,0.042,weighted_fto_deterministic,0.0,0.167,0.0,0,2,MAB,WO2020060156A1,MEDICINAL BIOCONVERGENCE RESEARCH CENTER,True,False
KCNK9,MAB,UNRESOLVED,,ABSTAIN - no decisive readout,0,0.0,0,0.0,weighted_fto_deterministic,0.0,0.0,0.0,1,1,MAB,WO2016149621A1,THE JOHNS HOPKINS UNIVERSITY,True,False
KIAA1114,MAB,UNRESOLVED,,ABSTAIN - no decisive readout,0,0.0,0,0.0,weighted_fto_deterministic,0.0,0.0,0.0,1,1,MAB,WO2013077618A1,"GENEXINE CO., LTD.",True,False
KIR,MAB,UNRESOLVED,,ABSTAIN - no decisive readout,0,0.0,0,0.042,weighted_fto_deterministic,0.0,0.167,0.0,1,2,MAB,WO2018005054A1,"TRELLIS BIOSCIENCE, LLC",True,False
KIT,MAB,UNRESOLVED,,ABSTAIN - no decisive readout,0,0.0,0,0.349,weighted_fto_deterministic,0.349,0.432,0.0,5,6,MAB,WO2021107566A1,NOVELTY NOBILITY INC.,True,False
KIT-MMAE,ADC,UNRESOLVED,,ABSTAIN - no decisive readout,0,0.0,1,,UNRESOLVED_no_grounded_patents,0.0,0.0,0.0,0,0,,,,False,False
KLK2,UNCLASSIFIED,UNRESOLVED,,ABSTAIN - no decisive readout,0,0.0,1,,UNRESOLVED_no_grounded_patents,0.0,0.0,0.0,1,1,MAB,WO2015075445A1,FREDAX AB,False,False
KLK2|CD3,BISPECIFIC,UNRESOLVED,,ABSTAIN - no decisive readout,0,0.0,0,0.0,weighted_fto_deterministic,0.0,0.0,0.0,1,1,BISPECIFIC,WO2026039420A1,"JANSSEN BIOTECH, INC.",True,False
KLK5,MAB,UNRESOLVED,,ABSTAIN - no decisive readout,0,0.0,0,0.151,weighted_fto_deterministic,0.151,0.167,0.0,2,2,MAB,WO2021156171A1,UCB BIOPHARMA SRL,True,False
KLK5|IL-13,BISPECIFIC,UNRESOLVED,,ABSTAIN - no decisive readout,0,0.0,0,0.0,weighted_fto_deterministic,0.0,0.0,0.0,1,1,BISPECIFIC,WO2025049348A1,"TRIVENI BIO, INC.",True,False
KLK5|IL-4,BISPECIFIC,UNRESOLVED,,ABSTAIN - no decisive readout,0,0.0,0,0.0,weighted_fto_deterministic,0.0,0.0,0.0,1,1,BISPECIFIC,WO2025049347A1,"TRIVENI BIO, INC.",True,False
KLK5|KLK7,BISPECIFIC,UNRESOLVED,,ABSTAIN - no decisive readout,0,0.0,0,0.0,weighted_fto_deterministic,0.0,0.0,0.0,1,1,BISPECIFIC,WO2025049346A1,"TRIVENI BIO, INC.",True,False
KLK5|OX40,BISPECIFIC,UNRESOLVED,,ABSTAIN - no decisive readout,0,0.0,0,0.0,weighted_fto_deterministic,0.0,0.0,0.0,1,1,BISPECIFIC,WO2025166146A1,"TRIVENI BIO, INC.",True,False
KLK5|TSLP,BISPECIFIC,UNRESOLVED,,ABSTAIN - no decisive readout,0,0.0,0,0.0,weighted_fto_deterministic,0.0,0.0,0.0,1,1,BISPECIFIC,WO2025166138A1,"TRIVENI BIO, INC.",True,False
KLK7|KLK5,BISPECIFIC,UNRESOLVED,,ABSTAIN - no decisive readout,0,0.0,0,0.151,weighted_fto_deterministic,0.151,0.167,0.0,2,2,BISPECIFIC,WO2022192647A1,"GENENTECH, INC.",True,False
KLRG1,MAB,UNRESOLVED,,ABSTAIN - no decisive readout,0,0.0,0,0.0,weighted_fto_deterministic,0.0,0.0,0.0,1,1,MAB,WO2023009498A1,"ABCURO, INC.",True,False
KRAS,ADC,UNRESOLVED,,ABSTAIN - no decisive readout,0,0.0,0,0.423,weighted_fto_deterministic,0.423,0.0,0.0,7,9,ADC|MAB,WO2024259398A2,DUKE UNIVERSITY,True,False
KRAS,CAR-T,UNRESOLVED,,ABSTAIN - no decisive readout,0,0.0,1,,UNRESOLVED_no_grounded_patents,0.423,0.0,0.0,7,9,ADC|MAB,WO2024259398A2,DUKE UNIVERSITY,False,False
KRAS,OUT_OF_SCOPE,UNRESOLVED,,ABSTAIN - no decisive readout,0,0.0,6,,UNRESOLVED_no_grounded_patents,0.423,0.0,0.0,7,9,ADC|MAB,WO2024259398A2,DUKE UNIVERSITY,False,False
KRAS,PROTAC,UNRESOLVED,,ABSTAIN - no decisive readout,0,0.0,1,,UNRESOLVED_no_grounded_patents,0.423,0.0,0.0,7,9,ADC|MAB,WO2024259398A2,DUKE UNIVERSITY,False,False
KRAS|CD3,BITE,UNRESOLVED,,ABSTAIN - no decisive readout,0,0.0,1,,UNRESOLVED_no_grounded_patents,0.0,0.0,0.0,0,0,,,,False,False
KRAS|PD-1|PD-L1,MAB,UNRESOLVED,,ABSTAIN - no decisive readout,0,0.0,1,,UNRESOLVED_no_grounded_patents,0.0,0.0,0.0,0,0,,,,False,False
KRAS|PD-1|TCR,MAB,UNRESOLVED,,ABSTAIN - no decisive readout,0,0.0,1,,UNRESOLVED_no_grounded_patents,0.0,0.0,0.0,0,0,,,,False,False
KRAS|PD-L1,UNCLASSIFIED,UNRESOLVED,,ABSTAIN - no decisive readout,0,0.0,1,,UNRESOLVED_no_grounded_patents,0.0,0.0,0.0,0,0,,,,False,False
KRAS|TCR,BISPECIFIC,UNRESOLVED,,ABSTAIN - no decisive readout,0,0.0,0,0.151,weighted_fto_deterministic,0.151,0.167,0.0,2,2,BISPECIFIC,WO2026095873A1,ANEW THERAPEUTICS PTE. LTD.,True,False
KRAS|TCR,UNCLASSIFIED,UNRESOLVED,,ABSTAIN - no decisive readout,0,0.0,1,,UNRESOLVED_no_grounded_patents,0.151,0.0,0.0,2,2,BISPECIFIC,WO2026095873A1,ANEW THERAPEUTICS PTE. LTD.,False,False
KREMEN2,MAB,UNRESOLVED,,ABSTAIN - no decisive readout,0,0.0,0,0.0,weighted_fto_deterministic,0.0,0.0,0.0,0,1,MAB,WO2018107109A1,ABBVIE STEMCENTRX LLC,True,False
KTPAF50,MAB,UNRESOLVED,,ABSTAIN - no decisive readout,0,0.0,0,0.0,weighted_fto_deterministic,0.0,0.0,0.0,0,1,MAB,WO2011001432A1,TWO TO BIOTECH LTD.,True,False
KU86,MAB,UNRESOLVED,,ABSTAIN - no decisive readout,0,0.0,0,0.0,weighted_fto_deterministic,0.0,0.0,0.0,0,1,MAB,WO2011090017A1,"NITTO BOSEKI CO., LTD.",True,False
L-TYPE VOLTAGE-GATED CALCIUM CHANNEL,MAB,UNRESOLVED,,ABSTAIN - no decisive readout,0,0.0,0,0.0,weighted_fto_deterministic,0.0,0.0,0.0,1,1,MAB,WO2016131058A1,BIOMMUNE TECHNOLOGIES INC.,True,False
L1CAM,MAB,UNRESOLVED,,ABSTAIN - no decisive readout,0,0.0,0,0.066,weighted_fto_deterministic,0.0,0.265,0.0,1,3,MAB,WO2024100200A1,CIS BIOPHARMA AG,True,False
LAG-3,UNCLASSIFIED,UNRESOLVED,,ABSTAIN - no decisive readout,0,0.0,2,,UNRESOLVED_no_grounded_patents,0.452,0.0,0.0,8,16,MAB,WO2025237275A1,"NANJING LEADS BIOLABS CO., LTD.",False,False
LAG-3|CD137,BISPECIFIC,UNRESOLVED,,ABSTAIN - no decisive readout,0,0.0,0,0.0,weighted_fto_deterministic,0.0,0.0,0.0,1,1,BISPECIFIC,WO2019011306A1,"NANJING LEADS BIOLABS CO., LTD.",True,False
LAG-3|MUC16|PD-1|TIM-3,CAR-T,UNRESOLVED,,ABSTAIN - no decisive readout,0,0.0,1,,UNRESOLVED_no_grounded_patents,0.0,0.0,0.0,0,0,,,,False,False
LAG-3|PD-1|TCR,MAB,UNRESOLVED,,ABSTAIN - no decisive readout,0,0.0,1,,UNRESOLVED_no_grounded_patents,0.0,0.0,0.0,0,0,,,,False,False
LAG-3|PD-L1,UNCLASSIFIED,UNRESOLVED,,ABSTAIN - no decisive readout,0,0.0,1,,UNRESOLVED_no_grounded_patents,0.0,0.0,0.0,0,2,BISPECIFIC,WO2022268168A1,"MABWELL (SHANGHAI) BIOSCIENCE CO., LTD.",False,False
LAG-3|TCR,BISPECIFIC,UNRESOLVED,,ABSTAIN - no decisive readout,0,0.0,0,0.0,weighted_fto_deterministic,0.0,0.0,0.0,1,1,BISPECIFIC,WO2016200782A1,"MACROGENICS, INC.",True,False
LAIR1,MAB,UNRESOLVED,,ABSTAIN - no decisive readout,0,0.0,0,0.151,weighted_fto_deterministic,0.151,0.167,0.0,2,2,MAB,WO2022177995A1,UNIVERSITY OF FLORIDA RESEARCH FOUNDATION,True,False
LAMBDA MYELOMA ANTIGEN (LMA),MAB,UNRESOLVED,,ABSTAIN - no decisive readout,0,0.0,0,0.0,weighted_fto_deterministic,0.0,0.0,0.0,1,1,MAB,WO2019161443A1,HAEMALOGIX PTY LTD,True,False
LAMP1,MAB,UNRESOLVED,,ABSTAIN - no decisive readout,0,0.0,0,0.151,weighted_fto_deterministic,0.151,0.167,0.0,2,2,MAB,WO2023034571A1,"GO THERAPEUTICS, INC.",True,False
LAP,MAB,UNRESOLVED,,ABSTAIN - no decisive readout,0,0.0,0,0.301,weighted_fto_deterministic,0.301,0.334,0.0,4,4,MAB,WO2021207449A1,MERCK SHARP & DOHME LLC,True,False
LEFTY,MAB,UNRESOLVED,,ABSTAIN - no decisive readout,0,0.0,0,0.0,weighted_fto_deterministic,0.0,0.0,0.0,1,1,MAB,WO2022013613A2,ONENA MEDICINES S.L.,True,False
LEWISY,MAB,UNRESOLVED,,ABSTAIN - no decisive readout,0,0.0,1,0.0,weighted_fto_deterministic,0.0,0.0,0.0,0,1,MAB,WO2022002887A1,GLYCOTOPE GMBH,True,False
LGALS3BP|HER3,BISPECIFIC,UNRESOLVED,,ABSTAIN - no decisive readout,0,0.0,0,0.0,weighted_fto_deterministic,0.0,0.0,0.0,1,1,BISPECIFIC,WO2020099235A1,MEDIAPHARMA S.R.L.,True,False
LGR4,MAB,UNRESOLVED,,ABSTAIN - no decisive readout,0,0.0,0,0.0,weighted_fto_deterministic,0.0,0.0,0.0,0,1,MAB,WO2015200073A1,"BIONOMICS, INC.",True,False
LGR5,MAB,UNRESOLVED,,ABSTAIN - no decisive readout,0,0.0,0,0.167,weighted_fto_deterministic,0.151,0.334,0.0,2,4,MAB,WO2017161414A1,BIONOMICS LIMITED,True,False
LGR6,MAB,UNRESOLVED,,ABSTAIN - no decisive readout,0,0.0,0,0.0,weighted_fto_deterministic,0.0,0.0,0.0,0,1,MAB,WO2014192974A1,ORDER-MADE MEDICAL RESEARCH INC.,True,False
LIF,MAB,UNRESOLVED,,ABSTAIN - no decisive readout,0,0.0,1,0.301,weighted_fto_deterministic,0.301,0.432,0.0,4,6,MAB,WO2022228514A1,"BEIJING HAOGUYUANFANG BIOMEDICAL TECHNOLOGY CO., LTD",True,False
LILRB1,MAB,UNRESOLVED,,ABSTAIN - no decisive readout,0,0.0,0,0.423,weighted_fto_deterministic,0.423,0.556,0.0,7,10,MAB,WO2025191142A2,LES LABORATOIRES SERVIER,True,False
LILRB2,MAB,UNRESOLVED,,ABSTAIN - no decisive readout,0,0.0,1,0.349,weighted_fto_deterministic,0.349,0.502,0.0,5,8,MAB,WO2026030815A1,IMMUNE BIOSOLUTIONS INC.,True,False
LILRB2|PD-1,BISPECIFIC,UNRESOLVED,,ABSTAIN - no decisive readout,0,0.0,1,,UNRESOLVED_no_grounded_patents,0.0,0.0,0.0,0,0,,,,False,False
LILRB4,MAB,UNRESOLVED,,ABSTAIN - no decisive readout,0,0.0,0,0.423,weighted_fto_deterministic,0.423,0.469,0.0,7,7,MAB,WO2025141589A1,BIOND BIOLOGICS LTD.,True,False
LILRB5,MAB,UNRESOLVED,,ABSTAIN - no decisive readout,0,0.0,0,0.0,weighted_fto_deterministic,0.0,0.0,0.0,1,1,MAB,WO2026035939A1,THE BOARD OF REGENTS OF THE UNIVERSITY OF TEXAS SYSTEM,True,False
LIV-1,MAB,UNRESOLVED,,ABSTAIN - no decisive readout,0,0.0,0,0.066,weighted_fto_deterministic,0.0,0.265,0.0,1,3,MAB,WO2020249483A1,UNIVERSITY COLLEGE CARDIFF CONSULTANTS LIMITED,True,False
LIV-1,UNCLASSIFIED,UNRESOLVED,,ABSTAIN - no decisive readout,0,0.0,1,,UNRESOLVED_no_grounded_patents,0.0,0.0,0.0,1,3,MAB,WO2020249483A1,UNIVERSITY COLLEGE CARDIFF CONSULTANTS LIMITED,False,False
LIV-1-DM1,ADC,UNRESOLVED,,ABSTAIN - no decisive readout,0,0.0,0,0.0,weighted_fto_deterministic,0.0,0.0,0.0,0,1,ADC,WO2017161007A1,"SEATTLE GENETICS, INC.",True,False
LIV-1-DOXORUBICIN,ADC,UNRESOLVED,,ABSTAIN - no decisive readout,0,0.0,0,0.0,weighted_fto_deterministic,0.0,0.0,0.0,0,1,ADC,WO2017161007A1,"SEATTLE GENETICS, INC.",True,False
LIV-1-MMAE,ADC,UNRESOLVED,,ABSTAIN - no decisive readout,0,0.0,0,0.088,weighted_fto_deterministic,0.0,0.167,0.232,1,2,ADC,WO2021119105A1,SEAGEN INC.,True,False
LMP2,MAB,UNRESOLVED,,ABSTAIN - no decisive readout,0,0.0,0,0.0,weighted_fto_deterministic,0.0,0.0,0.0,1,1,MAB,WO2015199618A1,NATIONAL UNIVERSITY OF SINGAPORE,True,False
LOX,MAB,UNRESOLVED,,ABSTAIN - no decisive readout,0,0.0,0,0.0,weighted_fto_deterministic,0.0,0.0,0.0,0,1,MAB,WO2021064076A1,ISTITUTO SCIENTIFICO ROMAGNOLO PER LO STUDIO E LA CURA DEI TUMORI (I.R.S.T.) S.R.L.,True,False
LOXL2,MAB,UNRESOLVED,,ABSTAIN - no decisive readout,0,0.0,0,0.042,weighted_fto_deterministic,0.0,0.167,0.0,1,2,MAB,WO2016012993A1,YEDA RESEARCH AND DEVELOPMENT CO. LTD.,True,False
LOXL4,MAB,UNRESOLVED,,ABSTAIN - no decisive readout,0,0.0,0,0.0,weighted_fto_deterministic,0.0,0.0,0.0,1,1,MAB,WO2016030539A1,CHRISTIAN-ALBRECHTS-UNIVERSITÄT ZU KIEL,True,False
LRP1,MAB,UNRESOLVED,,ABSTAIN - no decisive readout,0,0.0,0,0.0,weighted_fto_deterministic,0.0,0.0,0.0,1,1,MAB,WO2011054644A1,FRAUNHOFER-GESELLSCHAFT ZUR FÖRDERUNG DER ANGEWANDTEN FORSCHUNG E.V.,True,False
LRRC15,BISPECIFIC,UNRESOLVED,,ABSTAIN - no decisive readout,0,0.0,0,0.151,weighted_fto_deterministic,0.151,0.0,0.0,2,5,BISPECIFIC|MAB,WO2026112478A1,"MYTHIC THERAPEUTICS, INC.",True,False
LRRC15,MAB,UNRESOLVED,,ABSTAIN - no decisive readout,0,0.0,2,0.167,weighted_fto_deterministic,0.151,0.334,0.0,2,5,BISPECIFIC|MAB,WO2026112478A1,"MYTHIC THERAPEUTICS, INC.",True,False
LRRC15,RADIOLIGAND,UNRESOLVED,,ABSTAIN - no decisive readout,0,0.0,1,,UNRESOLVED_no_grounded_patents,0.151,0.0,0.0,2,5,BISPECIFIC|MAB,WO2026112478A1,"MYTHIC THERAPEUTICS, INC.",False,False
LRRC15,UNCLASSIFIED,UNRESOLVED,,ABSTAIN - no decisive readout,0,0.0,1,,UNRESOLVED_no_grounded_patents,0.151,0.0,0.0,2,5,BISPECIFIC|MAB,WO2026112478A1,"MYTHIC THERAPEUTICS, INC.",False,False
LRRC15-DXD,ADC,UNRESOLVED,,ABSTAIN - no decisive readout,0,0.0,0,0.0,weighted_fto_deterministic,0.0,0.0,0.0,1,1,ADC,WO2026112472A1,BRISTOL-MYERS SQUIBB COMPANY,True,False
LRRC15-EXATECAN,ADC,UNRESOLVED,,ABSTAIN - no decisive readout,0,0.0,0,0.0,weighted_fto_deterministic,0.0,0.0,0.0,1,1,ADC,WO2026112472A1,BRISTOL-MYERS SQUIBB COMPANY,True,False
LRRC15-MMAE,ADC,UNRESOLVED,,ABSTAIN - no decisive readout,0,0.0,0,0.0,weighted_fto_deterministic,0.0,0.0,0.0,1,1,ADC,WO2026112472A1,BRISTOL-MYERS SQUIBB COMPANY,True,False
LRRC15|CD3,BISPECIFIC,UNRESOLVED,,ABSTAIN - no decisive readout,0,0.0,0,0.0,weighted_fto_deterministic,0.0,0.0,0.0,0,1,BISPECIFIC,WO2021022304A3,"QLSF BIOTHERAPEUTICS, INC.",True,False
LRRC15|FAP,BISPECIFIC,UNRESOLVED,,ABSTAIN - no decisive readout,0,0.0,0,0.0,weighted_fto_deterministic,0.0,0.0,0.0,1,1,BISPECIFIC,WO2026112469A2,BRISTOL-MYERS SQUIBB COMPANY,True,False
LRRC15|LTBR,BISPECIFIC,UNRESOLVED,,ABSTAIN - no decisive readout,0,0.0,0,0.0,weighted_fto_deterministic,0.0,0.0,0.0,1,1,BISPECIFIC,WO2025061915A1,BAYER AKTIENGESELLSCHAFT,True,False
LSR,MAB,UNRESOLVED,,ABSTAIN - no decisive readout,0,0.0,0,0.0,weighted_fto_deterministic,0.0,0.0,0.0,1,1,MAB,WO2013190555A1,COMPUGEN LTD.,True,False
LTBP2,MAB,UNRESOLVED,,ABSTAIN - no decisive readout,0,0.0,0,0.0,weighted_fto_deterministic,0.0,0.0,0.0,0,1,MAB,WO2024052503A1,INSTITUT NATIONAL DE LA SANTÉ ET DE LA RECHERCHE MÉDICALE,True,False
LUNX,MAB,UNRESOLVED,,ABSTAIN - no decisive readout,0,0.0,0,0.0,weighted_fto_deterministic,0.0,0.0,0.0,0,1,MAB,WO2018126595A1,"IMMUNOPHARMACEUTIC INSTITUTE OF HEFEI RUIDA CO., LTD.",True,False
LY6E-EXATECAN,ADC,UNRESOLVED,,ABSTAIN - no decisive readout,0,0.0,1,,UNRESOLVED_no_grounded_patents,0.0,0.0,0.0,0,0,,,,False,False
LY6G6D,MAB,UNRESOLVED,,ABSTAIN - no decisive readout,0,0.0,0,0.0,weighted_fto_deterministic,0.0,0.0,0.0,0,1,MAB,WO2025139523A1,"SUNSHINE LAKE PHARMA CO., LTD.",True,False
MAGE,BISPECIFIC,UNRESOLVED,,ABSTAIN - no decisive readout,0,0.0,0,0.151,weighted_fto_deterministic,0.151,0.0,0.0,2,5,BISPECIFIC|MAB,WO2025044168A1,"BEIJING WISDOMAB BIOTECHNOLOGY CO., LTD.",True,False
MAGE,UNCLASSIFIED,UNRESOLVED,,ABSTAIN - no decisive readout,0,0.0,8,,UNRESOLVED_no_grounded_patents,0.151,0.0,0.0,2,5,BISPECIFIC|MAB,WO2025044168A1,"BEIJING WISDOMAB BIOTECHNOLOGY CO., LTD.",False,False
MAGE-A1|CD3,BITE,UNRESOLVED,,ABSTAIN - no decisive readout,0,0.0,1,,UNRESOLVED_no_grounded_patents,0.0,0.0,0.0,0,0,,,,False,False
MAGE|CD3,BISPECIFIC,UNRESOLVED,,ABSTAIN - no decisive readout,0,0.0,0,0.244,weighted_fto_deterministic,0.239,0.265,0.232,3,3,BISPECIFIC,WO2023183758A2,"REGENERON PHARMACEUTICALS, INC.",True,False
MAGE|MUC1|WT1,MAB,UNRESOLVED,,ABSTAIN - no decisive readout,0,0.0,1,,UNRESOLVED_no_grounded_patents,0.0,0.0,0.0,0,0,,,,False,False
MAGE|PD-1|PD-L1,UNCLASSIFIED,UNRESOLVED,,ABSTAIN - no decisive readout,0,0.0,1,,UNRESOLVED_no_grounded_patents,0.0,0.0,0.0,0,0,,,,False,False
MANSC1,MAB,UNRESOLVED,,ABSTAIN - no decisive readout,0,0.0,0,0.0,weighted_fto_deterministic,0.0,0.0,0.0,1,1,MAB,WO2011052753A1,ACTGEN INC.,True,False
MARCO,MAB,UNRESOLVED,,ABSTAIN - no decisive readout,0,0.0,0,0.0,weighted_fto_deterministic,0.0,0.0,0.0,0,1,MAB,WO2024059256A1,"H. LEE MOFFITT CANCER CENTER AND RESEARCH INSTITUTE, INC.",True,False
MATRIPTASE,MAB,UNRESOLVED,,ABSTAIN - no decisive readout,0,0.0,0,0.0,weighted_fto_deterministic,0.0,0.0,0.0,0,1,MAB,WO2011063127A1,UNIVERSITY OF MEDICINE AND DENTISTRY OF NEW JERSEY,True,False
MCAM,MAB,UNRESOLVED,,ABSTAIN - no decisive readout,0,0.0,0,0.239,weighted_fto_deterministic,0.239,0.265,0.0,3,3,MAB,WO2017046776A2,PROTHENA BIOSCIENCES LIMITED,True,False
MCT1,MAB,UNRESOLVED,,ABSTAIN - no decisive readout,0,0.0,0,0.0,weighted_fto_deterministic,0.0,0.0,0.0,0,1,MAB,WO2024017383A1,"BIOLOGICINE TECHNOLOGY (SUZHOU) CO., LTD.",True,False
MCT5,MAB,UNRESOLVED,,ABSTAIN - no decisive readout,0,0.0,0,0.0,weighted_fto_deterministic,0.0,0.0,0.0,0,1,MAB,WO2017175874A1,ORDER-MADE MEDICAL RESEARCH INC.,True,False
MDM2,MAB,UNRESOLVED,,ABSTAIN - no decisive readout,0,0.0,0,0.0,weighted_fto_deterministic,0.0,0.0,0.0,1,1,MAB,WO2020172115A1,"ONCOLYZE, INC.",True,False
MEIOB,MAB,UNRESOLVED,,ABSTAIN - no decisive readout,0,0.0,0,0.0,weighted_fto_deterministic,0.0,0.0,0.0,0,1,MAB,WO2025051101A1,WUHAN UNIVERSITY,True,False
MERTK,MAB,UNRESOLVED,,ABSTAIN - no decisive readout,0,0.0,0,0.301,weighted_fto_deterministic,0.301,0.334,0.0,4,4,MAB,WO2020106461A2,"CELLDEX THERAPEUTICS, INC.",True,False
MESOTHELIN,BISPECIFIC,UNRESOLVED,,ABSTAIN - no decisive readout,0,0.0,0,0.628,weighted_fto_deterministic,0.628,0.0,0.0,18,25,BISPECIFIC|MAB,WO2026095670A1,CELLENGENE INC,True,False
MESOTHELIN-PE38,ADC,UNRESOLVED,,ABSTAIN - no decisive readout,0,0.0,1,,UNRESOLVED_no_grounded_patents,0.0,0.0,0.0,0,0,,,,False,False
MESOTHELIN|CD28,BISPECIFIC,UNRESOLVED,,ABSTAIN - no decisive readout,0,0.0,0,0.0,weighted_fto_deterministic,0.0,0.0,0.0,1,1,BISPECIFIC,WO2023164627A1,"XENCOR, INC.",True,False
MESOTHELIN|CD40,BISPECIFIC,UNRESOLVED,,ABSTAIN - no decisive readout,0,0.0,0,0.0,weighted_fto_deterministic,0.0,0.0,0.0,1,1,BISPECIFIC,WO2021127528A1,AMGEN INC.,True,False
MESOTHELIN|CD47,BISPECIFIC,UNRESOLVED,,ABSTAIN - no decisive readout,0,0.0,1,,UNRESOLVED_no_grounded_patents,0.0,0.0,0.0,0,0,,,,False,False
MESOTHELIN|EGFR|HER2,CAR-T,UNRESOLVED,,ABSTAIN - no decisive readout,0,0.0,1,,UNRESOLVED_no_grounded_patents,0.0,0.0,0.0,0,0,,,,False,False
MESOTHELIN|PD-1,CAR-T,UNRESOLVED,,ABSTAIN - no decisive readout,0,0.0,1,,UNRESOLVED_no_grounded_patents,0.0,0.0,0.0,0,0,,,,False,False
MESOTHELIN|ROR1,BISPECIFIC,UNRESOLVED,,ABSTAIN - no decisive readout,0,0.0,0,0.0,weighted_fto_deterministic,0.0,0.0,0.0,1,1,BISPECIFIC,WO2017072366A1,NBE-THERAPEUTICS AG,True,False
MESOTHELIN|TCR,BISPECIFIC,UNRESOLVED,,ABSTAIN - no decisive readout,0,0.0,0,0.0,weighted_fto_deterministic,0.0,0.0,0.0,0,1,BISPECIFIC,WO2023115528A1,"ZHEJIANG SHIMAI PHARMACEUTICAL CO., LTD.",True,False
MET,BISPECIFIC,UNRESOLVED,,ABSTAIN - no decisive readout,0,0.0,1,0.661,weighted_fto_deterministic,0.661,0.432,0.232,21,33,ADC|BISPECIFIC|MAB,WO2025146620A1,CHONG KUN DANG PHARMACEUTICAL CORP.,True,False
MET-CALICHEAMICIN,ADC,UNRESOLVED,,ABSTAIN - no decisive readout,0,0.0,0,0.0,weighted_fto_deterministic,0.0,0.0,0.0,0,1,ADC,WO2018069851A2,"SORRENTO THERAPEUTICS, INC.",True,False
MET-DUOCARMYCIN,ADC,UNRESOLVED,,ABSTAIN - no decisive readout,0,0.0,1,,UNRESOLVED_no_grounded_patents,0.0,0.0,0.0,0,0,,,,False,False
MET|CD3,BISPECIFIC,UNRESOLVED,,ABSTAIN - no decisive readout,0,0.0,0,0.0,weighted_fto_deterministic,0.0,0.0,0.0,1,1,BISPECIFIC,WO2025042806A2,"MODERNATX, INC.",True,False
MET|EGFR,MAB,UNRESOLVED,,ABSTAIN - no decisive readout,0,0.0,1,,UNRESOLVED_no_grounded_patents,0.0,0.0,0.0,0,0,,,,False,False
MET|EGFR-EXATECAN,BISPECIFIC,UNRESOLVED,,ABSTAIN - no decisive readout,0,0.0,0,0.0,weighted_fto_deterministic,0.0,0.0,0.0,1,1,BISPECIFIC,WO2026021476A1,"BEONE GUANGZHOU BIOLOGICS MANUFACTURING CO., LTD.",True,False
MET|EPCAM,BISPECIFIC,UNRESOLVED,,ABSTAIN - no decisive readout,0,0.0,0,0.088,weighted_fto_deterministic,0.0,0.167,0.232,0,2,BISPECIFIC,WO2017070356A1,"MERRIMACK PHARMACEUTICALS, INC.",True,False
MET|HER2,BISPECIFIC,UNRESOLVED,,ABSTAIN - no decisive readout,0,0.0,0,0.0,weighted_fto_deterministic,0.0,0.0,0.0,1,1,BISPECIFIC,WO2025147334A1,BRIGHT BIOLOGICS LLC,True,False
MET|PD-1,BISPECIFIC,UNRESOLVED,,ABSTAIN - no decisive readout,0,0.0,0,0.0,weighted_fto_deterministic,0.0,0.0,0.0,1,1,BISPECIFIC,WO2024050466A1,"REGENERON PHARMACEUTICALS, INC.",True,False
MET|PD-1|EGFR,ADC,UNRESOLVED,,ABSTAIN - no decisive readout,0,0.0,1,,UNRESOLVED_no_grounded_patents,0.0,0.0,0.0,0,0,,,,False,False
MICA,MAB,UNRESOLVED,,ABSTAIN - no decisive readout,0,0.0,0,0.301,weighted_fto_deterministic,0.301,0.388,0.0,4,5,MAB,WO2024243255A2,CULLINAN MICA CORPORATION,True,False
MICA|CD3,BISPECIFIC,UNRESOLVED,,ABSTAIN - no decisive readout,0,0.0,0,0.0,weighted_fto_deterministic,0.0,0.0,0.0,1,1,BISPECIFIC,WO2026076317A1,"XENCOR, INC.",True,False
MICA|MICB,MAB,UNRESOLVED,,ABSTAIN - no decisive readout,0,0.0,1,0.151,weighted_fto_deterministic,0.151,0.265,0.0,2,3,MAB,WO2023076883A1,SAMYANG BIOPHARM USA INC.,True,False
MIF,MAB,UNRESOLVED,,ABSTAIN - no decisive readout,0,0.0,0,0.066,weighted_fto_deterministic,0.0,0.265,0.0,0,3,MAB,WO2016184886A1,BAXALTA GMBH,True,False
MIF|CD3,BISPECIFIC,UNRESOLVED,,ABSTAIN - no decisive readout,0,0.0,0,0.0,weighted_fto_deterministic,0.0,0.0,0.0,1,1,BISPECIFIC,WO2021110935A1,ONCOONE RESEARCH & DEVELOPMENT GMBH,True,False
MMP16,MAB,UNRESOLVED,,ABSTAIN - no decisive readout,0,0.0,0,0.0,weighted_fto_deterministic,0.0,0.0,0.0,0,1,MAB,WO2017112803A1,ABBVIE STEMCENTRX LLC,True,False
MORTALIN,MAB,UNRESOLVED,,ABSTAIN - no decisive readout,0,0.0,0,0.0,weighted_fto_deterministic,0.0,0.0,0.0,1,1,MAB,WO2011071099A1,NATIONAL INSTITUTE OF ADVANCED INDUSTRIAL SCIENCE AND TECHNOLOGY,True,False
MRC2,MAB,UNRESOLVED,,ABSTAIN - no decisive readout,0,0.0,0,0.0,weighted_fto_deterministic,0.0,0.0,0.0,1,1,MAB,WO2017133745A1,RIGSHOSPITALET,True,False
MUC1,ADC,UNRESOLVED,,ABSTAIN - no decisive readout,0,0.0,1,0.477,weighted_fto_deterministic,0.477,0.0,0.0,9,16,ADC|MAB,WO2025114381A1,DEUTSCHES KREBSFORSCHUNGSZENTRUM STIFTUNG DES ÖFFENTLICHEN RECHTS,True,False
MUC1,CAR-T,UNRESOLVED,,ABSTAIN - no decisive readout,0,0.0,9,,UNRESOLVED_no_grounded_patents,0.477,0.0,0.0,9,16,ADC|MAB,WO2025114381A1,DEUTSCHES KREBSFORSCHUNGSZENTRUM STIFTUNG DES ÖFFENTLICHEN RECHTS,False,False
MUC1,OUT_OF_SCOPE,UNRESOLVED,,ABSTAIN - no decisive readout,0,0.0,1,,UNRESOLVED_no_grounded_patents,0.477,0.0,0.0,9,16,ADC|MAB,WO2025114381A1,DEUTSCHES KREBSFORSCHUNGSZENTRUM STIFTUNG DES ÖFFENTLICHEN RECHTS,False,False
MUC1,UNCLASSIFIED,UNRESOLVED,,ABSTAIN - no decisive readout,0,0.0,9,,UNRESOLVED_no_grounded_patents,0.477,0.0,0.0,9,16,ADC|MAB,WO2025114381A1,DEUTSCHES KREBSFORSCHUNGSZENTRUM STIFTUNG DES ÖFFENTLICHEN RECHTS,False,False
MUC1-MMAE,ADC,UNRESOLVED,,ABSTAIN - no decisive readout,0,0.0,0,0.042,weighted_fto_deterministic,0.0,0.167,0.0,1,2,ADC,WO2025027554A1,SUN PHARMA ADVANCED RESEARCH COMPANY LIMITED,True,False
MUC1-MMAF,ADC,UNRESOLVED,,ABSTAIN - no decisive readout,0,0.0,0,0.0,weighted_fto_deterministic,0.0,0.0,0.0,0,1,ADC,WO2024146536A1,"BIOCYTOGEN PHARMACEUTICALS (BEIJING) CO., LTD.",True,False
MUC13,MAB,UNRESOLVED,,ABSTAIN - no decisive readout,0,0.0,0,0.0,weighted_fto_deterministic,0.0,0.0,0.0,1,1,MAB,WO2016168607A1,UNIVERSITY OF TENNESSEE RESEARCH FOUNDATION,True,False
MUC16,BISPECIFIC,UNRESOLVED,,ABSTAIN - no decisive readout,0,0.0,0,0.389,weighted_fto_deterministic,0.389,0.0,0.0,6,7,BISPECIFIC|MAB,WO2026044055A1,"MODERNATX, INC.",True,False
MUC16,CAR-T,UNRESOLVED,,ABSTAIN - no decisive readout,0,0.0,3,,UNRESOLVED_no_grounded_patents,0.389,0.0,0.0,6,7,BISPECIFIC|MAB,WO2026044055A1,"MODERNATX, INC.",False,False
MUC16|CD28,BISPECIFIC,UNRESOLVED,,ABSTAIN - no decisive readout,0,0.0,0,0.151,weighted_fto_deterministic,0.151,0.167,0.0,2,2,BISPECIFIC,WO2025117869A1,"REGENERON PHARMACEUTICALS, INC.",True,False
MUC16|CD3,BISPECIFIC,UNRESOLVED,,ABSTAIN - no decisive readout,0,0.0,1,0.405,weighted_fto_deterministic,0.389,0.469,0.367,6,7,BISPECIFIC,WO2025128652A1,"REGENERON PHARMACEUTICALS, INC.",True,False
MUC16|CD3-DM1,BISPECIFIC,UNRESOLVED,,ABSTAIN - no decisive readout,0,0.0,0,0.0,weighted_fto_deterministic,0.0,0.0,0.0,1,1,BISPECIFIC,WO2018067331A1,"REGENERON PHARMACEUTICALS, INC.",True,False
MUC16|CD3-DM4,BISPECIFIC,UNRESOLVED,,ABSTAIN - no decisive readout,0,0.0,0,0.0,weighted_fto_deterministic,0.0,0.0,0.0,1,1,BISPECIFIC,WO2018067331A1,"REGENERON PHARMACEUTICALS, INC.",True,False
MUC16|CD3-MMAE,BISPECIFIC,UNRESOLVED,,ABSTAIN - no decisive readout,0,0.0,0,0.0,weighted_fto_deterministic,0.0,0.0,0.0,1,1,BISPECIFIC,WO2018067331A1,"REGENERON PHARMACEUTICALS, INC.",True,False
MUC16|CD3-MMAF,BISPECIFIC,UNRESOLVED,,ABSTAIN - no decisive readout,0,0.0,0,0.0,weighted_fto_deterministic,0.0,0.0,0.0,1,1,BISPECIFIC,WO2018067331A1,"REGENERON PHARMACEUTICALS, INC.",True,False
MUC16|CD3-TUBULYSIN,BISPECIFIC,UNRESOLVED,,ABSTAIN - no decisive readout,0,0.0,0,0.0,weighted_fto_deterministic,0.0,0.0,0.0,1,1,BISPECIFIC,WO2018067331A1,"REGENERON PHARMACEUTICALS, INC.",True,False
MUC16|MAGE,BISPECIFIC,UNRESOLVED,,ABSTAIN - no decisive readout,0,0.0,0,0.0,weighted_fto_deterministic,0.0,0.0,0.0,1,1,BISPECIFIC,WO2025194123A1,"AARVIK THERAPEUTICS, INC.",True,False
MUC16|PD-1,BISPECIFIC,UNRESOLVED,,ABSTAIN - no decisive readout,0,0.0,0,0.0,weighted_fto_deterministic,0.0,0.0,0.0,0,1,BISPECIFIC,WO2019246356A1,"REGENERON PHARMACEUTICALS, INC.",True,False
MUC16|PD-1,MAB,UNRESOLVED,,ABSTAIN - no decisive readout,0,0.0,1,,UNRESOLVED_no_grounded_patents,0.0,0.0,0.0,0,1,BISPECIFIC,WO2019246356A1,"REGENERON PHARMACEUTICALS, INC.",False,False
MUC16|VEGF,MAB,UNRESOLVED,,ABSTAIN - no decisive readout,0,0.0,2,,UNRESOLVED_no_grounded_patents,0.0,0.0,0.0,0,0,,,,False,False
MUC16|VEGF,UNCLASSIFIED,UNRESOLVED,,ABSTAIN - no decisive readout,0,0.0,1,,UNRESOLVED_no_grounded_patents,0.0,0.0,0.0,0,0,,,,False,False
MUC1|CD3,BISPECIFIC,UNRESOLVED,,ABSTAIN - no decisive readout,0,0.0,0,0.301,weighted_fto_deterministic,0.301,0.334,0.0,4,4,BISPECIFIC,WO2026024841A1,ASTELLAS US LLC,True,False
MUC1|CD40,BISPECIFIC,UNRESOLVED,,ABSTAIN - no decisive readout,0,0.0,1,,UNRESOLVED_no_grounded_patents,0.0,0.0,0.0,0,0,,,,False,False
MUC1|EGFR,BISPECIFIC,UNRESOLVED,,ABSTAIN - no decisive readout,0,0.0,0,0.0,weighted_fto_deterministic,0.0,0.0,0.0,0,1,BISPECIFIC,WO2022128716A1,MERCK PATENT GMBH,True,False
MUC1|MESOTHELIN,CAR-T,UNRESOLVED,,ABSTAIN - no decisive readout,0,0.0,1,,UNRESOLVED_no_grounded_patents,0.0,0.0,0.0,0,0,,,,False,False
MUC1|MESOTHELIN|PD-1,BISPECIFIC,UNRESOLVED,,ABSTAIN - no decisive readout,0,0.0,1,,UNRESOLVED_no_grounded_patents,0.0,0.0,0.0,0,0,,,,False,False
MUC1|MUC16,CAR-T,UNRESOLVED,,ABSTAIN - no decisive readout,0,0.0,1,,UNRESOLVED_no_grounded_patents,0.0,0.0,0.0,0,0,,,,False,False
MUC1|PD-1,MAB,UNRESOLVED,,ABSTAIN - no decisive readout,0,0.0,1,,UNRESOLVED_no_grounded_patents,0.0,0.0,0.0,0,0,,,,False,False
MUC1|PD-1|PD-L1,MAB,UNRESOLVED,,ABSTAIN - no decisive readout,0,0.0,1,,UNRESOLVED_no_grounded_patents,0.0,0.0,0.0,0,0,,,,False,False
MUC1|PD-L1,BISPECIFIC,UNRESOLVED,,ABSTAIN - no decisive readout,0,0.0,0,0.0,weighted_fto_deterministic,0.0,0.0,0.0,1,1,BISPECIFIC,WO2018178123A1,GLYCOTOPE GMBH,True,False
MUC4,MAB,UNRESOLVED,,ABSTAIN - no decisive readout,0,0.0,0,0.151,weighted_fto_deterministic,0.151,0.167,0.0,2,2,MAB,WO2024167898A1,"GO THERAPEUTICS, INC.",True,False
MUC5AC,MAB,UNRESOLVED,,ABSTAIN - no decisive readout,0,0.0,0,0.0,weighted_fto_deterministic,0.0,0.0,0.0,1,1,MAB,WO2025064690A1,"PRECISION BIOLOGICS, INC.",True,False
MUCIN,MAB,UNRESOLVED,,ABSTAIN - no decisive readout,0,0.0,0,0.0,weighted_fto_deterministic,0.0,0.0,0.0,1,1,MAB,WO2014165506A1,"IMMUNOMEDICS, INC.",True,False
MYCT1,MAB,UNRESOLVED,,ABSTAIN - no decisive readout,0,0.0,0,0.0,weighted_fto_deterministic,0.0,0.0,0.0,1,1,MAB,WO2024007035A2,WASHINGTON UNIVERSITY,True,False
NAPI2B-EXATECAN,ADC,UNRESOLVED,,ABSTAIN - no decisive readout,0,0.0,1,,UNRESOLVED_no_grounded_patents,0.0,0.0,0.0,0,0,,,,False,False
NAPRT,MAB,UNRESOLVED,,ABSTAIN - no decisive readout,0,0.0,0,0.0,weighted_fto_deterministic,0.0,0.0,0.0,0,1,MAB,WO2025106716A2,"ALPHINA THERAPEUTICS, INC.",True,False
NECTIN2,MAB,UNRESOLVED,,ABSTAIN - no decisive readout,0,0.0,0,0.066,weighted_fto_deterministic,0.0,0.265,0.0,1,3,MAB,WO2025234590A1,AJOU UNIVERSITY INDUSTRY-ACADEMIC COOPERATION FOUNDATION,True,False
NECTIN4,CAR-T,UNRESOLVED,,ABSTAIN - no decisive readout,0,0.0,2,,UNRESOLVED_no_grounded_patents,0.423,0.0,0.0,7,14,BISPECIFIC|MAB,WO2026050866A1,ACT225 BIOTHERAPEUTICS CORPORATION,False,False
NECTIN4,UNCLASSIFIED,UNRESOLVED,,ABSTAIN - no decisive readout,0,0.0,4,,UNRESOLVED_no_grounded_patents,0.423,0.0,0.0,7,14,BISPECIFIC|MAB,WO2026050866A1,ACT225 BIOTHERAPEUTICS CORPORATION,False,False
NECTIN4-AMANITIN,ADC,UNRESOLVED,,ABSTAIN - no decisive readout,0,0.0,0,0.042,weighted_fto_deterministic,0.0,0.167,0.0,1,2,ADC,WO2026050587A1,"OBI PHARMA, INC.",True,False
NECTIN4-BELOTECAN,ADC,UNRESOLVED,,ABSTAIN - no decisive readout,0,0.0,0,0.0,weighted_fto_deterministic,0.0,0.0,0.0,0,1,ADC,WO2026050587A1,"OBI PHARMA, INC.",True,False
NECTIN4-DUOCARMYCIN,ADC,UNRESOLVED,,ABSTAIN - no decisive readout,0,0.0,0,0.0,weighted_fto_deterministic,0.0,0.0,0.0,0,1,ADC,WO2026050587A1,"OBI PHARMA, INC.",True,False
NECTIN4-DXD,ADC,UNRESOLVED,,ABSTAIN - no decisive readout,0,0.0,0,0.042,weighted_fto_deterministic,0.0,0.167,0.0,1,2,ADC,WO2026050587A1,"OBI PHARMA, INC.",True,False
NECTIN4-ERIBULIN,ADC,UNRESOLVED,,ABSTAIN - no decisive readout,0,0.0,0,0.0,weighted_fto_deterministic,0.0,0.0,0.0,0,1,ADC,WO2026050587A1,"OBI PHARMA, INC.",True,False
NECTIN4-EXATECAN,ADC,UNRESOLVED,,ABSTAIN - no decisive readout,0,0.0,3,0.042,weighted_fto_deterministic,0.0,0.167,0.0,1,2,ADC,WO2026050587A1,"OBI PHARMA, INC.",True,False
NECTIN4-MAYTANSINOID,ADC,UNRESOLVED,,ABSTAIN - no decisive readout,0,0.0,0,0.0,weighted_fto_deterministic,0.0,0.0,0.0,0,1,ADC,WO2026050587A1,"OBI PHARMA, INC.",True,False
NECTIN4-PBD,ADC,UNRESOLVED,,ABSTAIN - no decisive readout,0,0.0,0,0.0,weighted_fto_deterministic,0.0,0.0,0.0,0,1,ADC,WO2026050587A1,"OBI PHARMA, INC.",True,False
NECTIN4-SN38,ADC,UNRESOLVED,,ABSTAIN - no decisive readout,0,0.0,0,0.0,weighted_fto_deterministic,0.0,0.0,0.0,0,1,ADC,WO2026050587A1,"OBI PHARMA, INC.",True,False
NECTIN4-TOP1I,ADC,UNRESOLVED,,ABSTAIN - no decisive readout,0,0.0,2,,UNRESOLVED_no_grounded_patents,0.0,0.0,0.0,0,0,,,,False,False
NECTIN4-TUBULYSIN,ADC,UNRESOLVED,,ABSTAIN - no decisive readout,0,0.0,0,0.0,weighted_fto_deterministic,0.0,0.0,0.0,0,1,ADC,WO2026050587A1,"OBI PHARMA, INC.",True,False
NECTIN4|CD28,BISPECIFIC,UNRESOLVED,,ABSTAIN - no decisive readout,0,0.0,0,0.0,weighted_fto_deterministic,0.0,0.0,0.0,0,1,BISPECIFIC,WO2025235357A1,"RONDO THERAPEUTICS, INC.",True,False
NECTIN4|CD3,BISPECIFIC,UNRESOLVED,,ABSTAIN - no decisive readout,0,0.0,0,0.151,weighted_fto_deterministic,0.151,0.167,0.0,2,2,BISPECIFIC,WO2023198011A1,BJ BIOSCIENCE INC.,True,False
NECTIN4|CD47|SIRP-ALPHA,ADC,UNRESOLVED,,ABSTAIN - no decisive readout,0,0.0,1,,UNRESOLVED_no_grounded_patents,0.0,0.0,0.0,0,0,,,,False,False
NECTIN4|CD73|HER2|TROP-2,ADC,UNRESOLVED,,ABSTAIN - no decisive readout,0,0.0,1,,UNRESOLVED_no_grounded_patents,0.0,0.0,0.0,0,0,,,,False,False
NECTIN4|CTLA-4|PD-L1,ADC,UNRESOLVED,,ABSTAIN - no decisive readout,0,0.0,1,,UNRESOLVED_no_grounded_patents,0.0,0.0,0.0,0,0,,,,False,False
NECTIN4|FGFR,ADC,UNRESOLVED,,ABSTAIN - no decisive readout,0,0.0,1,,UNRESOLVED_no_grounded_patents,0.0,0.0,0.0,0,0,,,,False,False
NECTIN4|HER2|PD-1,ADC,UNRESOLVED,,ABSTAIN - no decisive readout,0,0.0,1,,UNRESOLVED_no_grounded_patents,0.0,0.0,0.0,0,0,,,,False,False
NECTIN4|PD-1-MMAE,ADC,UNRESOLVED,,ABSTAIN - no decisive readout,0,0.0,2,,UNRESOLVED_no_grounded_patents,0.0,0.0,0.0,0,0,,,,False,False
NECTIN4|PD-1|CTLA-4|AXL,ADC,UNRESOLVED,,ABSTAIN - no decisive readout,0,0.0,1,,UNRESOLVED_no_grounded_patents,0.0,0.0,0.0,0,0,,,,False,False
NECTIN4|PD-1|PD-L1,ADC,UNRESOLVED,,ABSTAIN - no decisive readout,0,0.0,1,,UNRESOLVED_no_grounded_patents,0.0,0.0,0.0,0,0,,,,False,False
NECTIN4|PD-1|TROP-2,ADC,UNRESOLVED,,ABSTAIN - no decisive readout,0,0.0,1,,UNRESOLVED_no_grounded_patents,0.0,0.0,0.0,0,0,,,,False,False
NECTIN4|PD-1|TROP-2|VEGF,ADC,UNRESOLVED,,ABSTAIN - no decisive readout,0,0.0,1,,UNRESOLVED_no_grounded_patents,0.0,0.0,0.0,0,0,,,,False,False
NECTIN4|PD-1|VEGF,ADC,UNRESOLVED,,ABSTAIN - no decisive readout,0,0.0,1,,UNRESOLVED_no_grounded_patents,0.0,0.0,0.0,0,0,,,,False,False
NECTIN4|PD-L1,ADC,UNRESOLVED,,ABSTAIN - no decisive readout,0,0.0,1,,UNRESOLVED_no_grounded_patents,0.0,0.0,0.0,0,0,,,,False,False
NECTIN4|TROP-2,ADC,UNRESOLVED,,ABSTAIN - no decisive readout,0,0.0,3,,UNRESOLVED_no_grounded_patents,0.0,0.0,0.0,1,1,BISPECIFIC,WO2026013632A1,"HANGZHOU BAILITE BIOPHARMACEUTICAL CO., LTD.",False,False
NECTIN4|TROP-2,BISPECIFIC,UNRESOLVED,,ABSTAIN - no decisive readout,0,0.0,0,0.0,weighted_fto_deterministic,0.0,0.0,0.0,1,1,BISPECIFIC,WO2026013632A1,"HANGZHOU BAILITE BIOPHARMACEUTICAL CO., LTD.",True,False
NELL2,MAB,UNRESOLVED,,ABSTAIN - no decisive readout,0,0.0,0,0.0,weighted_fto_deterministic,0.0,0.0,0.0,0,1,MAB,WO2023278391A1,"BOARD OF REGENTS, THE UNIVERSITY OF TEXAS SYSTEM",True,False
NETRIN-1,MAB,UNRESOLVED,,ABSTAIN - no decisive readout,0,0.0,0,0.0,weighted_fto_deterministic,0.0,0.0,0.0,1,1,MAB,WO2015104360A1,NETRIS PHARMA,True,False
NEUROTENSIN,MAB,UNRESOLVED,,ABSTAIN - no decisive readout,0,0.0,0,0.151,weighted_fto_deterministic,0.151,0.167,0.0,2,2,MAB,WO2015185478A1,INSERM (INSTITUT NATIONAL DE LA SANTÉ ET DE LA RECHERCHE MÉDICALE),True,False
NGF,MAB,UNRESOLVED,,ABSTAIN - no decisive readout,0,0.0,0,0.042,weighted_fto_deterministic,0.0,0.167,0.0,0,2,MAB,WO2026012501A1,"MAILI BIOTECHNOLOGY (SHANGHAI) CO., LTD.",True,False
NKG2A|CD94,MAB,UNRESOLVED,,ABSTAIN - no decisive readout,0,0.0,0,0.0,weighted_fto_deterministic,0.0,0.0,0.0,1,1,MAB,WO2025168052A1,"HANX BIOPHARMACEUTICALS, (WUHAN) LTD.",True,False
NKG2A|EGFR,MAB,UNRESOLVED,,ABSTAIN - no decisive readout,0,0.0,1,,UNRESOLVED_no_grounded_patents,0.0,0.0,0.0,0,0,,,,False,False
NKG2A|HER2,MAB,UNRESOLVED,,ABSTAIN - no decisive readout,0,0.0,1,,UNRESOLVED_no_grounded_patents,0.0,0.0,0.0,0,0,,,,False,False
NKG2A|PD-L1,MAB,UNRESOLVED,,ABSTAIN - no decisive readout,0,0.0,2,,UNRESOLVED_no_grounded_patents,0.0,0.0,0.0,0,0,,,,False,False
NKG2A|PD-L1|CD73,MAB,UNRESOLVED,,ABSTAIN - no decisive readout,0,0.0,2,,UNRESOLVED_no_grounded_patents,0.0,0.0,0.0,0,0,,,,False,False
NKG2A|PD-L1|MET|PD-1,MAB,UNRESOLVED,,ABSTAIN - no decisive readout,0,0.0,1,,UNRESOLVED_no_grounded_patents,0.0,0.0,0.0,0,0,,,,False,False
NKG2A|PD-L1|TROP-2,ADC,UNRESOLVED,,ABSTAIN - no decisive readout,0,0.0,1,,UNRESOLVED_no_grounded_patents,0.0,0.0,0.0,0,0,,,,False,False
NKG2D,MAB,UNRESOLVED,,ABSTAIN - no decisive readout,0,0.0,0,0.239,weighted_fto_deterministic,0.239,0.265,0.0,3,3,MAB,WO2022234571A2,IMMUNORIZON LTD.,True,False
NKG2D,UNCLASSIFIED,UNRESOLVED,,ABSTAIN - no decisive readout,0,0.0,3,,UNRESOLVED_no_grounded_patents,0.239,0.0,0.0,3,3,MAB,WO2022234571A2,IMMUNORIZON LTD.,False,False
NKG2D|PD-1,MAB,UNRESOLVED,,ABSTAIN - no decisive readout,0,0.0,2,,UNRESOLVED_no_grounded_patents,0.0,0.0,0.0,0,0,,,,False,False
NKG2D|TCR,UNCLASSIFIED,UNRESOLVED,,ABSTAIN - no decisive readout,0,0.0,1,,UNRESOLVED_no_grounded_patents,0.0,0.0,0.0,0,0,,,,False,False
NKP46,MAB,UNRESOLVED,,ABSTAIN - no decisive readout,0,0.0,0,0.151,weighted_fto_deterministic,0.151,0.167,0.0,2,2,MAB,WO2022184162A1,SHANGHAI QILU PHARMACEUTICAL RESEARCH AND DEVELOPMENT CENTRE LTD.,True,False
NKP46|CD38,BISPECIFIC,UNRESOLVED,,ABSTAIN - no decisive readout,0,0.0,0,0.0,weighted_fto_deterministic,0.0,0.0,0.0,1,1,BISPECIFIC,WO2022216723A1,"CYTOVIA THERAPEUTICS, LLC.",True,False
NKP46|GPC3,BISPECIFIC,UNRESOLVED,,ABSTAIN - no decisive readout,0,0.0,0,0.0,weighted_fto_deterministic,0.0,0.0,0.0,1,1,BISPECIFIC,WO2022216744A2,"CYTOVIA THERAPEUTICS, LLC.",True,False
NKX2-1,MAB,UNRESOLVED,,ABSTAIN - no decisive readout,0,0.0,0,0.0,weighted_fto_deterministic,0.0,0.0,0.0,1,1,MAB,WO2024072902A1,"AGILENT TECHNOLOGIES, INC.",True,False
NLRR1,MAB,UNRESOLVED,,ABSTAIN - no decisive readout,0,0.0,0,0.0,weighted_fto_deterministic,0.0,0.0,0.0,1,1,MAB,WO2014175444A1,CHIBA-PREFECTURE,True,False
NOTCH1,MAB,UNRESOLVED,,ABSTAIN - no decisive readout,0,0.0,0,0.0,weighted_fto_deterministic,0.0,0.0,0.0,1,1,MAB,WO2014047426A1,"ONCOMED PHARMACEUTICALS, INC.",True,False
NOTCH2,MAB,UNRESOLVED,,ABSTAIN - no decisive readout,0,0.0,0,0.0,weighted_fto_deterministic,0.0,0.0,0.0,1,1,MAB,WO2013173542A4,"ONCOMED PHARMACEUTICALS, INC.",True,False
NOTCH3,MAB,UNRESOLVED,,ABSTAIN - no decisive readout,0,0.0,0,0.151,weighted_fto_deterministic,0.151,0.167,0.0,2,2,MAB,WO2017190025A1,"AVEO PHARMACEUTICALS, INC.",True,False
NPM1,MAB,UNRESOLVED,,ABSTAIN - no decisive readout,0,0.0,0,0.0,weighted_fto_deterministic,0.0,0.0,0.0,0,1,MAB,WO2014049581A2,JAWAHARLAL NEHRU CENTRE FOR ADVANCED SCIENTIFIC RESEARCH,True,False
NPY,MAB,UNRESOLVED,,ABSTAIN - no decisive readout,0,0.0,0,0.0,weighted_fto_deterministic,0.0,0.0,0.0,1,1,MAB,WO2013078511A1,GARVAN INSTITUTE OF MEDICAL RESEARCH,True,False
NRP1,MAB,UNRESOLVED,,ABSTAIN - no decisive readout,0,0.0,0,0.0,weighted_fto_deterministic,0.0,0.0,0.0,1,1,MAB,WO2026097057A1,"BOARD OF REGENTS, THE UNIVERSITY OF TEXAS SYSTEM",True,False
NTSR1,MAB,UNRESOLVED,,ABSTAIN - no decisive readout,0,0.0,0,0.0,weighted_fto_deterministic,0.0,0.0,0.0,1,1,MAB,WO2020041896A1,IMMUNE BIOSOLUTIONS INC,True,False
NUCLEOLIN,MAB,UNRESOLVED,,ABSTAIN - no decisive readout,0,0.0,0,0.0,weighted_fto_deterministic,0.0,0.0,0.0,1,1,MAB,WO2019016784A1,UNIVERSIDADE DE COIMBRA,True,False
NY-ESO-1,MAB,UNRESOLVED,,ABSTAIN - no decisive readout,0,0.0,0,0.0,weighted_fto_deterministic,0.0,0.0,0.0,1,1,MAB,WO2010106431A2,LUDWIG INSTITUTE FOR CANCER RESEARCH LTD,True,False
OSTEOPONTIN,MAB,UNRESOLVED,,ABSTAIN - no decisive readout,0,0.0,0,0.167,weighted_fto_deterministic,0.151,0.334,0.0,2,4,MAB,WO2021247654A1,"WEBER, GEORG F.",True,False
OX40|CD28,BISPECIFIC,UNRESOLVED,,ABSTAIN - no decisive readout,0,0.0,0,0.151,weighted_fto_deterministic,0.151,0.167,0.0,2,2,BISPECIFIC,WO2025257408A1,SANOFI,True,False
OX40|CTLA-4,BISPECIFIC,UNRESOLVED,,ABSTAIN - no decisive readout,0,0.0,0,0.0,weighted_fto_deterministic,0.0,0.0,0.0,1,1,BISPECIFIC,WO2018202649A1,ALLIGATOR BIOSCIENCE AB,True,False
OX40|PD-L1,BISPECIFIC,UNRESOLVED,,ABSTAIN - no decisive readout,0,0.0,0,0.0,weighted_fto_deterministic,0.0,0.0,0.0,1,1,BISPECIFIC,WO2022258015A1,"SHANGHAI EPIMAB BIOTHERAPEUTICS CO., LTD.",True,False
OX40|TCR,BISPECIFIC,UNRESOLVED,,ABSTAIN - no decisive readout,0,0.0,0,0.0,weighted_fto_deterministic,0.0,0.0,0.0,1,1,BISPECIFIC,WO2016184592A1,KLINIKUM RECHTS DER ISAR DER TU MÜNCHEN,True,False
P38ALPHA|TIE2|PD-1,OUT_OF_SCOPE,UNRESOLVED,,ABSTAIN - no decisive readout,0,0.0,1,,UNRESOLVED_no_grounded_patents,0.0,0.0,0.0,0,0,,,,False,False
P53,MAB,UNRESOLVED,,ABSTAIN - no decisive readout,0,0.0,0,0.0,weighted_fto_deterministic,0.0,0.0,0.0,0,1,MAB,WO2018074978A1,AGENCY FOR SCIENCE,True,False
P53,OUT_OF_SCOPE,UNRESOLVED,,ABSTAIN - no decisive readout,0,0.0,1,,UNRESOLVED_no_grounded_patents,0.0,0.0,0.0,0,1,MAB,WO2018074978A1,AGENCY FOR SCIENCE,False,False
PAD4,MAB,UNRESOLVED,,ABSTAIN - no decisive readout,0,0.0,0,0.0,weighted_fto_deterministic,0.0,0.0,0.0,1,1,MAB,WO2025155877A2,THE REGENTS OF THE UNIVERSITY OF CALIFORNIA,True,False
PAR-2,MAB,UNRESOLVED,,ABSTAIN - no decisive readout,0,0.0,0,0.0,weighted_fto_deterministic,0.0,0.0,0.0,1,1,MAB,WO2022040345A1,"CEPHALON, INC.",True,False
PARP1,OUT_OF_SCOPE,UNRESOLVED,,ABSTAIN - no decisive readout,0,0.0,1,,UNRESOLVED_no_grounded_patents,0.0,0.0,0.0,0,0,,,,False,False
PAUF,MAB,UNRESOLVED,,ABSTAIN - no decisive readout,0,0.0,0,0.042,weighted_fto_deterministic,0.0,0.167,0.0,0,2,MAB,WO2019022281A1,DONG-A UNIVERSITY RESEARCH FOUNDATION FOR INDUSTRY-ACADEMY COOPERATION,True,False
PAX8,MAB,UNRESOLVED,,ABSTAIN - no decisive readout,0,0.0,0,0.0,weighted_fto_deterministic,0.0,0.0,0.0,1,1,MAB,WO2012154983A2,"BIOCARE MEDICAL, LLC",True,False
PCBP1,MAB,UNRESOLVED,,ABSTAIN - no decisive readout,0,0.0,0,0.0,weighted_fto_deterministic,0.0,0.0,0.0,1,1,MAB,WO2010080935A1,"ALPER BIOTECH, LLC",True,False
PCNA,MAB,UNRESOLVED,,ABSTAIN - no decisive readout,0,0.0,0,0.0,weighted_fto_deterministic,0.0,0.0,0.0,0,1,MAB,WO2018109770A1,THE NATIONAL INSTITUTE FOR BIOTECHNOLOGY IN THE NEGEV LTD.,True,False
PCSK9,MAB,UNRESOLVED,,ABSTAIN - no decisive readout,0,0.0,1,0.0,weighted_fto_deterministic,0.0,0.0,0.0,0,1,MAB,WO2020151122A1,"ZHEJIANG BLUE SHIELD PHARMACEUTICAL CO., LTD.",True,False
PCSK9,OUT_OF_SCOPE,UNRESOLVED,,ABSTAIN - no decisive readout,0,0.0,1,,UNRESOLVED_no_grounded_patents,0.0,0.0,0.0,0,1,MAB,WO2020151122A1,"ZHEJIANG BLUE SHIELD PHARMACEUTICAL CO., LTD.",False,False
PD-1-AURISTATIN,ADC,UNRESOLVED,,ABSTAIN - no decisive readout,0,0.0,1,,UNRESOLVED_no_grounded_patents,0.0,0.0,0.0,0,0,,,,False,False
PD-1-CALICHEAMICIN,ADC,UNRESOLVED,,ABSTAIN - no decisive readout,0,0.0,0,0.0,weighted_fto_deterministic,0.0,0.0,0.0,1,1,ADC,WO2024213091A1,"GENEQUANTUM HEALTHCARE (SUZHOU) CO., LTD.",True,False
PD-1-DM1,ADC,UNRESOLVED,,ABSTAIN - no decisive readout,0,0.0,0,0.0,weighted_fto_deterministic,0.0,0.0,0.0,0,1,ADC,WO2023232140A1,"LANOVA MEDICINES DEVELOPMENT CO., LTD.",True,False
PD-1-DM4,ADC,UNRESOLVED,,ABSTAIN - no decisive readout,0,0.0,1,0.0,weighted_fto_deterministic,0.0,0.0,0.0,0,1,ADC,WO2023232140A1,"LANOVA MEDICINES DEVELOPMENT CO., LTD.",True,False
PD-1-DUOCARMYCIN,ADC,UNRESOLVED,,ABSTAIN - no decisive readout,0,0.0,0,0.0,weighted_fto_deterministic,0.0,0.0,0.0,1,1,ADC,WO2024213091A1,"GENEQUANTUM HEALTHCARE (SUZHOU) CO., LTD.",True,False
PD-1-DXD,ADC,UNRESOLVED,,ABSTAIN - no decisive readout,0,0.0,0,0.0,weighted_fto_deterministic,0.0,0.0,0.0,1,1,ADC,WO2024213091A1,"GENEQUANTUM HEALTHCARE (SUZHOU) CO., LTD.",True,False
PD-1-ERIBULIN,ADC,UNRESOLVED,,ABSTAIN - no decisive readout,0,0.0,0,0.0,weighted_fto_deterministic,0.0,0.0,0.0,1,1,ADC,WO2024213091A1,"GENEQUANTUM HEALTHCARE (SUZHOU) CO., LTD.",True,False
PD-1-EXATECAN,ADC,UNRESOLVED,,ABSTAIN - no decisive readout,0,0.0,0,0.0,weighted_fto_deterministic,0.0,0.0,0.0,1,1,ADC,WO2024213091A1,"GENEQUANTUM HEALTHCARE (SUZHOU) CO., LTD.",True,False
PD-1-KL610023,ADC,UNRESOLVED,,ABSTAIN - no decisive readout,0,0.0,1,,UNRESOLVED_no_grounded_patents,0.0,0.0,0.0,0,0,,,,False,False
PD-1-MMAF,ADC,UNRESOLVED,,ABSTAIN - no decisive readout,0,0.0,0,0.088,weighted_fto_deterministic,0.0,0.167,0.232,1,2,ADC,WO2024213091A1,"GENEQUANTUM HEALTHCARE (SUZHOU) CO., LTD.",True,False
PD-1-SN38,ADC,UNRESOLVED,,ABSTAIN - no decisive readout,0,0.0,0,0.0,weighted_fto_deterministic,0.0,0.0,0.0,1,1,ADC,WO2024213091A1,"GENEQUANTUM HEALTHCARE (SUZHOU) CO., LTD.",True,False
PD-1-TOP1I,ADC,UNRESOLVED,,ABSTAIN - no decisive readout,0,0.0,1,,UNRESOLVED_no_grounded_patents,0.0,0.0,0.0,0,0,,,,False,False
PD-1|5T4|CD3,MAB,UNRESOLVED,,ABSTAIN - no decisive readout,0,0.0,1,,UNRESOLVED_no_grounded_patents,0.0,0.0,0.0,0,0,,,,False,False
PD-1|ALK|B7-H3|CTLA-4|EGFR|HER3|PD-L1|VEGF,BISPECIFIC,UNRESOLVED,,ABSTAIN - no decisive readout,0,0.0,1,,UNRESOLVED_no_grounded_patents,0.0,0.0,0.0,0,0,,,,False,False
PD-1|ALK|B7-H3|CTLA-4|EGFR|HER3|PD-L1|VEGF,OUT_OF_SCOPE,UNRESOLVED,,ABSTAIN - no decisive readout,0,0.0,1,,UNRESOLVED_no_grounded_patents,0.0,0.0,0.0,0,0,,,,False,False
PD-1|ALK|BCL-2,MAB,UNRESOLVED,,ABSTAIN - no decisive readout,0,0.0,1,,UNRESOLVED_no_grounded_patents,0.0,0.0,0.0,0,0,,,,False,False
PD-1|ALK|BCL-2|CD47|SIRP-ALPHA,MAB,UNRESOLVED,,ABSTAIN - no decisive readout,0,0.0,1,,UNRESOLVED_no_grounded_patents,0.0,0.0,0.0,0,0,,,,False,False
PD-1|ALK|CD73|EGFR|PD-L1,MAB,UNRESOLVED,,ABSTAIN - no decisive readout,0,0.0,1,,UNRESOLVED_no_grounded_patents,0.0,0.0,0.0,0,0,,,,False,False
PD-1|ALK|EGFR|HER2,CAR-T,UNRESOLVED,,ABSTAIN - no decisive readout,0,0.0,1,,UNRESOLVED_no_grounded_patents,0.0,0.0,0.0,0,0,,,,False,False
PD-1|ALK|EGFR|MET,MAB,UNRESOLVED,,ABSTAIN - no decisive readout,0,0.0,1,,UNRESOLVED_no_grounded_patents,0.0,0.0,0.0,0,0,,,,False,False
PD-1|ALK|EGFR|VEGF,MAB,UNRESOLVED,,ABSTAIN - no decisive readout,0,0.0,1,,UNRESOLVED_no_grounded_patents,0.0,0.0,0.0,0,0,,,,False,False
PD-1|ALK|PD-L1,MAB,UNRESOLVED,,ABSTAIN - no decisive readout,0,0.0,1,,UNRESOLVED_no_grounded_patents,0.0,0.0,0.0,0,0,,,,False,False
PD-1|ANG2,MAB,UNRESOLVED,,ABSTAIN - no decisive readout,0,0.0,2,,UNRESOLVED_no_grounded_patents,0.0,0.0,0.0,0,0,,,,False,False
PD-1|AR-SN38,ADC,UNRESOLVED,,ABSTAIN - no decisive readout,0,0.0,1,,UNRESOLVED_no_grounded_patents,0.0,0.0,0.0,0,0,,,,False,False
PD-1|AR|BET|BRD4,MAB,UNRESOLVED,,ABSTAIN - no decisive readout,0,0.0,1,,UNRESOLVED_no_grounded_patents,0.0,0.0,0.0,0,0,,,,False,False
PD-1|AR|ER|HER2|TCR,MAB,UNRESOLVED,,ABSTAIN - no decisive readout,0,0.0,1,,UNRESOLVED_no_grounded_patents,0.0,0.0,0.0,0,0,,,,False,False
PD-1|B7-H3,ADC,UNRESOLVED,,ABSTAIN - no decisive readout,0,0.0,1,,UNRESOLVED_no_grounded_patents,0.0,0.0,0.0,0,0,,,,False,False
PD-1|B7-H3-DXD,ADC,UNRESOLVED,,ABSTAIN - no decisive readout,0,0.0,1,,UNRESOLVED_no_grounded_patents,0.0,0.0,0.0,0,0,,,,False,False
PD-1|B7-H3-TOP1I,ADC,UNRESOLVED,,ABSTAIN - no decisive readout,0,0.0,1,,UNRESOLVED_no_grounded_patents,0.0,0.0,0.0,0,0,,,,False,False
PD-1|B7-H3|CD137|CD19,MAB,UNRESOLVED,,ABSTAIN - no decisive readout,0,0.0,1,,UNRESOLVED_no_grounded_patents,0.0,0.0,0.0,0,0,,,,False,False
PD-1|B7-H3|CD3,BISPECIFIC,UNRESOLVED,,ABSTAIN - no decisive readout,0,0.0,1,,UNRESOLVED_no_grounded_patents,0.0,0.0,0.0,0,0,,,,False,False
PD-1|BRAF,MAB,UNRESOLVED,,ABSTAIN - no decisive readout,0,0.0,1,,UNRESOLVED_no_grounded_patents,0.0,0.0,0.0,0,0,,,,False,False
PD-1|BTK|CD137|CD19,MAB,UNRESOLVED,,ABSTAIN - no decisive readout,0,0.0,1,,UNRESOLVED_no_grounded_patents,0.0,0.0,0.0,0,0,,,,False,False
PD-1|CD137,BISPECIFIC,UNRESOLVED,,ABSTAIN - no decisive readout,0,0.0,1,0.301,weighted_fto_deterministic,0.301,0.388,0.0,4,5,BISPECIFIC,WO2024109678A1,"BEIGENE, LTD.",True,False
PD-1|CD137,MAB,UNRESOLVED,,ABSTAIN - no decisive readout,0,0.0,5,,UNRESOLVED_no_grounded_patents,0.301,0.0,0.0,4,5,BISPECIFIC,WO2024109678A1,"BEIGENE, LTD.",False,False
PD-1|CD137|PD-L1,MAB,UNRESOLVED,,ABSTAIN - no decisive readout,0,0.0,2,,UNRESOLVED_no_grounded_patents,0.0,0.0,0.0,0,0,,,,False,False
PD-1|CD137|PSMA,BISPECIFIC,UNRESOLVED,,ABSTAIN - no decisive readout,0,0.0,1,,UNRESOLVED_no_grounded_patents,0.0,0.0,0.0,0,0,,,,False,False
PD-1|CD16,MAB,UNRESOLVED,,ABSTAIN - no decisive readout,0,0.0,1,,UNRESOLVED_no_grounded_patents,0.0,0.0,0.0,0,0,,,,False,False
PD-1|CD19|CD20,MAB,UNRESOLVED,,ABSTAIN - no decisive readout,0,0.0,1,,UNRESOLVED_no_grounded_patents,0.0,0.0,0.0,0,0,,,,False,False
PD-1|CD19|CD3,BISPECIFIC,UNRESOLVED,,ABSTAIN - no decisive readout,0,0.0,2,,UNRESOLVED_no_grounded_patents,0.0,0.0,0.0,0,0,,,,False,False
PD-1|CD20|ALK,MAB,UNRESOLVED,,ABSTAIN - no decisive readout,0,0.0,1,,UNRESOLVED_no_grounded_patents,0.0,0.0,0.0,0,0,,,,False,False
PD-1|CD20|BTK,MAB,UNRESOLVED,,ABSTAIN - no decisive readout,0,0.0,2,,UNRESOLVED_no_grounded_patents,0.0,0.0,0.0,0,0,,,,False,False
PD-1|CD20|BTK|CD79B,MAB,UNRESOLVED,,ABSTAIN - no decisive readout,0,0.0,1,,UNRESOLVED_no_grounded_patents,0.0,0.0,0.0,0,0,,,,False,False
PD-1|CD20|CD47|PD-L1,MAB,UNRESOLVED,,ABSTAIN - no decisive readout,0,0.0,1,,UNRESOLVED_no_grounded_patents,0.0,0.0,0.0,0,0,,,,False,False
PD-1|CD20|CRBN,MAB,UNRESOLVED,,ABSTAIN - no decisive readout,0,0.0,1,,UNRESOLVED_no_grounded_patents,0.0,0.0,0.0,0,0,,,,False,False
PD-1|CD25|CTLA-4|LAG-3,OUT_OF_SCOPE,UNRESOLVED,,ABSTAIN - no decisive readout,0,0.0,1,,UNRESOLVED_no_grounded_patents,0.0,0.0,0.0,0,0,,,,False,False
PD-1|CD25|CTLA-4|PD-L1,BISPECIFIC,UNRESOLVED,,ABSTAIN - no decisive readout,0,0.0,1,,UNRESOLVED_no_grounded_patents,0.0,0.0,0.0,0,0,,,,False,False
PD-1|CD28,BISPECIFIC,UNRESOLVED,,ABSTAIN - no decisive readout,0,0.0,0,0.151,weighted_fto_deterministic,0.151,0.265,0.0,2,3,BISPECIFIC,WO2020127618A1,F. HOFFMANN-LA ROCHE AG,True,False
PD-1|CD28|HER2,MAB,UNRESOLVED,,ABSTAIN - no decisive readout,0,0.0,1,,UNRESOLVED_no_grounded_patents,0.0,0.0,0.0,0,0,,,,False,False
PD-1|CD28|NECTIN4,MAB,UNRESOLVED,,ABSTAIN - no decisive readout,0,0.0,1,,UNRESOLVED_no_grounded_patents,0.0,0.0,0.0,0,0,,,,False,False
PD-1|CD3,BISPECIFIC,UNRESOLVED,,ABSTAIN - no decisive readout,0,0.0,0,0.223,weighted_fto_deterministic,0.151,0.265,0.367,2,3,BISPECIFIC,WO2022189380A1,F. HOFFMANN-LA ROCHE AG,True,False
PD-1|CD30,CAR-T,UNRESOLVED,,ABSTAIN - no decisive readout,0,0.0,2,,UNRESOLVED_no_grounded_patents,0.0,0.0,0.0,0,0,,,,False,False
PD-1|CD33,MAB,UNRESOLVED,,ABSTAIN - no decisive readout,0,0.0,2,,UNRESOLVED_no_grounded_patents,0.0,0.0,0.0,0,0,,,,False,False
PD-1|CD40,BISPECIFIC,UNRESOLVED,,ABSTAIN - no decisive readout,0,0.0,0,0.0,weighted_fto_deterministic,0.0,0.0,0.0,1,1,BISPECIFIC,WO2022078357A1,"BIOCYTOGEN PHARMACEUTICALS (BEIJING) CO., LTD",True,False
PD-1|CD40|HER2,MAB,UNRESOLVED,,ABSTAIN - no decisive readout,0,0.0,1,,UNRESOLVED_no_grounded_patents,0.0,0.0,0.0,0,0,,,,False,False
PD-1|CD40|TCR,MAB,UNRESOLVED,,ABSTAIN - no decisive readout,0,0.0,1,,UNRESOLVED_no_grounded_patents,0.0,0.0,0.0,0,0,,,,False,False
PD-1|CD47,BISPECIFIC,UNRESOLVED,,ABSTAIN - no decisive readout,0,0.0,0,0.151,weighted_fto_deterministic,0.151,0.167,0.0,2,2,BISPECIFIC,WO2022147365A1,"ABVISION, INC.",True,False
PD-1|CD47|CLDN18.2|SIRP-ALPHA,BISPECIFIC,UNRESOLVED,,ABSTAIN - no decisive readout,0,0.0,1,,UNRESOLVED_no_grounded_patents,0.0,0.0,0.0,0,0,,,,False,False
PD-1|CD47|MESOTHELIN|SIRP-ALPHA,MAB,UNRESOLVED,,ABSTAIN - no decisive readout,0,0.0,1,,UNRESOLVED_no_grounded_patents,0.0,0.0,0.0,0,0,,,,False,False
PD-1|CD47|PD-L1|SIRP-ALPHA|VEGF,MAB,UNRESOLVED,,ABSTAIN - no decisive readout,0,0.0,1,,UNRESOLVED_no_grounded_patents,0.0,0.0,0.0,0,0,,,,False,False
PD-1|CD47|PD-L1|VEGF,BISPECIFIC,UNRESOLVED,,ABSTAIN - no decisive readout,0,0.0,1,,UNRESOLVED_no_grounded_patents,0.0,0.0,0.0,0,0,,,,False,False
PD-1|CD47|SIRP-ALPHA,MAB,UNRESOLVED,,ABSTAIN - no decisive readout,0,0.0,4,,UNRESOLVED_no_grounded_patents,0.0,0.0,0.0,0,0,,,,False,False
PD-1|CD73|PD-L1,MAB,UNRESOLVED,,ABSTAIN - no decisive readout,0,0.0,1,,UNRESOLVED_no_grounded_patents,0.0,0.0,0.0,0,0,,,,False,False
PD-1|CD8,BISPECIFIC,UNRESOLVED,,ABSTAIN - no decisive readout,0,0.0,0,0.0,weighted_fto_deterministic,0.0,0.0,0.0,1,1,BISPECIFIC,WO2026122956A1,INDUPRO LABS,True,False
PD-1|CDH6|CTLA-4|PD-L1,MAB,UNRESOLVED,,ABSTAIN - no decisive readout,0,0.0,1,,UNRESOLVED_no_grounded_patents,0.0,0.0,0.0,0,0,,,,False,False
PD-1|CEACAM5,MAB,UNRESOLVED,,ABSTAIN - no decisive readout,0,0.0,1,,UNRESOLVED_no_grounded_patents,0.0,0.0,0.0,0,0,,,,False,False
PD-1|CEA|MAGE,MAB,UNRESOLVED,,ABSTAIN - no decisive readout,0,0.0,1,,UNRESOLVED_no_grounded_patents,0.0,0.0,0.0,0,0,,,,False,False
PD-1|CEA|MUC1,MAB,UNRESOLVED,,ABSTAIN - no decisive readout,0,0.0,1,,UNRESOLVED_no_grounded_patents,0.0,0.0,0.0,0,0,,,,False,False
PD-1|CEA|VEGF,MAB,UNRESOLVED,,ABSTAIN - no decisive readout,0,0.0,1,,UNRESOLVED_no_grounded_patents,0.0,0.0,0.0,0,0,,,,False,False
PD-1|CLDN18.2,MAB,UNRESOLVED,,ABSTAIN - no decisive readout,0,0.0,9,,UNRESOLVED_no_grounded_patents,0.0,0.0,0.0,0,0,,,,False,False
PD-1|CLDN18.2|CTLA-4,MAB,UNRESOLVED,,ABSTAIN - no decisive readout,0,0.0,1,,UNRESOLVED_no_grounded_patents,0.0,0.0,0.0,0,0,,,,False,False
PD-1|CLDN18.2|HER2,MAB,UNRESOLVED,,ABSTAIN - no decisive readout,0,0.0,2,,UNRESOLVED_no_grounded_patents,0.0,0.0,0.0,0,0,,,,False,False
PD-1|CLDN18.2|HER2|PD-L1,MAB,UNRESOLVED,,ABSTAIN - no decisive readout,0,0.0,3,,UNRESOLVED_no_grounded_patents,0.0,0.0,0.0,0,0,,,,False,False
PD-1|CTLA-4|EGFR|PD-L1,MAB,UNRESOLVED,,ABSTAIN - no decisive readout,0,0.0,1,,UNRESOLVED_no_grounded_patents,0.0,0.0,0.0,0,0,,,,False,False
PD-1|CTLA-4|FGFR|PD-L1|VEGF,MAB,UNRESOLVED,,ABSTAIN - no decisive readout,0,0.0,1,,UNRESOLVED_no_grounded_patents,0.0,0.0,0.0,0,0,,,,False,False
PD-1|CTLA-4|HER2,MAB,UNRESOLVED,,ABSTAIN - no decisive readout,0,0.0,1,,UNRESOLVED_no_grounded_patents,0.0,0.0,0.0,0,0,,,,False,False
PD-1|CTLA-4|PD-L1,OUT_OF_SCOPE,UNRESOLVED,,ABSTAIN - no decisive readout,0,0.0,1,,UNRESOLVED_no_grounded_patents,0.0,0.0,0.0,0,0,,,,False,False
PD-1|CTLA-4|PD-L1|VEGF,MAB,UNRESOLVED,,ABSTAIN - no decisive readout,0,0.0,1,,UNRESOLVED_no_grounded_patents,0.0,0.0,0.0,0,0,,,,False,False
PD-1|CTLA-4|TCR,MAB,UNRESOLVED,,ABSTAIN - no decisive readout,0,0.0,1,,UNRESOLVED_no_grounded_patents,0.0,0.0,0.0,0,0,,,,False,False
PD-1|DLL3,MAB,UNRESOLVED,,ABSTAIN - no decisive readout,0,0.0,1,,UNRESOLVED_no_grounded_patents,0.0,0.0,0.0,0,0,,,,False,False
PD-1|EGFR,ADC,UNRESOLVED,,ABSTAIN - no decisive readout,0,0.0,1,,UNRESOLVED_no_grounded_patents,0.0,0.0,0.0,1,1,BISPECIFIC,WO2019179390A1,"WUXI BIOLOGICS (SHANGHAI) CO., LTD.",False,False
PD-1|EGFR,BISPECIFIC,UNRESOLVED,,ABSTAIN - no decisive readout,0,0.0,1,0.0,weighted_fto_deterministic,0.0,0.0,0.0,1,1,BISPECIFIC,WO2019179390A1,"WUXI BIOLOGICS (SHANGHAI) CO., LTD.",True,False
PD-1|EGFR,CAR-T,UNRESOLVED,,ABSTAIN - no decisive readout,0,0.0,1,,UNRESOLVED_no_grounded_patents,0.0,0.0,0.0,1,1,BISPECIFIC,WO2019179390A1,"WUXI BIOLOGICS (SHANGHAI) CO., LTD.",False,False
PD-1|EGFR|CTLA-4|PD-L1,MAB,UNRESOLVED,,ABSTAIN - no decisive readout,0,0.0,1,,UNRESOLVED_no_grounded_patents,0.0,0.0,0.0,0,0,,,,False,False
PD-1|EGFR|CTLA-4|ROR2,ADC,UNRESOLVED,,ABSTAIN - no decisive readout,0,0.0,1,,UNRESOLVED_no_grounded_patents,0.0,0.0,0.0,0,0,,,,False,False
PD-1|EGFR|FGFR|PD-L1,MAB,UNRESOLVED,,ABSTAIN - no decisive readout,0,0.0,1,,UNRESOLVED_no_grounded_patents,0.0,0.0,0.0,0,0,,,,False,False
PD-1|EGFR|HER2,MAB,UNRESOLVED,,ABSTAIN - no decisive readout,0,0.0,1,,UNRESOLVED_no_grounded_patents,0.0,0.0,0.0,0,0,,,,False,False
PD-1|EGFR|HER2|PD-L1,MAB,UNRESOLVED,,ABSTAIN - no decisive readout,0,0.0,2,,UNRESOLVED_no_grounded_patents,0.0,0.0,0.0,0,0,,,,False,False
PD-1|EGFR|LAG-3,BISPECIFIC,UNRESOLVED,,ABSTAIN - no decisive readout,0,0.0,1,,UNRESOLVED_no_grounded_patents,0.0,0.0,0.0,0,0,,,,False,False
PD-1|EGFR|PD-L1|TCR,MAB,UNRESOLVED,,ABSTAIN - no decisive readout,0,0.0,1,,UNRESOLVED_no_grounded_patents,0.0,0.0,0.0,0,0,,,,False,False
PD-1|EGFR|TCR,MAB,UNRESOLVED,,ABSTAIN - no decisive readout,0,0.0,1,,UNRESOLVED_no_grounded_patents,0.0,0.0,0.0,0,0,,,,False,False
PD-1|EGFR|VEGF,MAB,UNRESOLVED,,ABSTAIN - no decisive readout,0,0.0,3,,UNRESOLVED_no_grounded_patents,0.0,0.0,0.0,0,0,,,,False,False
PD-1|ER|FGFR|HER2|VEGF,MAB,UNRESOLVED,,ABSTAIN - no decisive readout,0,0.0,1,,UNRESOLVED_no_grounded_patents,0.0,0.0,0.0,0,0,,,,False,False
PD-1|FAP,MAB,UNRESOLVED,,ABSTAIN - no decisive readout,0,0.0,3,,UNRESOLVED_no_grounded_patents,0.0,0.0,0.0,0,0,,,,False,False
PD-1|FAP-AURISTATIN,ADC,UNRESOLVED,,ABSTAIN - no decisive readout,0,0.0,1,,UNRESOLVED_no_grounded_patents,0.0,0.0,0.0,0,0,,,,False,False
PD-1|FAP-TUBULYSIN,ADC,UNRESOLVED,,ABSTAIN - no decisive readout,0,0.0,1,,UNRESOLVED_no_grounded_patents,0.0,0.0,0.0,0,0,,,,False,False
PD-1|FAP|PD-L1,MAB,UNRESOLVED,,ABSTAIN - no decisive readout,0,0.0,1,,UNRESOLVED_no_grounded_patents,0.0,0.0,0.0,0,0,,,,False,False
PD-1|FGFR|HER2,MAB,UNRESOLVED,,ABSTAIN - no decisive readout,0,0.0,1,,UNRESOLVED_no_grounded_patents,0.0,0.0,0.0,0,0,,,,False,False
PD-1|FGFR|TCR,MAB,UNRESOLVED,,ABSTAIN - no decisive readout,0,0.0,1,,UNRESOLVED_no_grounded_patents,0.0,0.0,0.0,0,0,,,,False,False
PD-1|FGFR|VEGF,MAB,UNRESOLVED,,ABSTAIN - no decisive readout,0,0.0,1,,UNRESOLVED_no_grounded_patents,0.0,0.0,0.0,0,0,,,,False,False
PD-1|FOLR1,MAB,UNRESOLVED,,ABSTAIN - no decisive readout,0,0.0,1,,UNRESOLVED_no_grounded_patents,0.0,0.0,0.0,0,0,,,,False,False
PD-1|GD2,CAR-T,UNRESOLVED,,ABSTAIN - no decisive readout,0,0.0,1,,UNRESOLVED_no_grounded_patents,0.0,0.0,0.0,0,0,,,,False,False
PD-1|GD2,MAB,UNRESOLVED,,ABSTAIN - no decisive readout,0,0.0,1,,UNRESOLVED_no_grounded_patents,0.0,0.0,0.0,0,0,,,,False,False
PD-1|GP100|CD3,BISPECIFIC,UNRESOLVED,,ABSTAIN - no decisive readout,0,0.0,1,,UNRESOLVED_no_grounded_patents,0.0,0.0,0.0,0,0,,,,False,False
PD-1|GP100|CD3,MAB,UNRESOLVED,,ABSTAIN - no decisive readout,0,0.0,1,,UNRESOLVED_no_grounded_patents,0.0,0.0,0.0,0,0,,,,False,False
PD-1|HER2,BISPECIFIC,UNRESOLVED,,ABSTAIN - no decisive readout,0,0.0,5,0.0,weighted_fto_deterministic,0.0,0.0,0.0,1,1,BISPECIFIC,WO2019155408A1,"BEIJING HANMI PHARMACEUTICAL CO., LTD.",True,False
PD-1|HER2|ER,MAB,UNRESOLVED,,ABSTAIN - no decisive readout,0,0.0,1,,UNRESOLVED_no_grounded_patents,0.0,0.0,0.0,0,0,,,,False,False
PD-1|HER2|ER|NECTIN4|PD-L1|TROP-2|VEGF-TOP1I,ADC,UNRESOLVED,,ABSTAIN - no decisive readout,0,0.0,1,,UNRESOLVED_no_grounded_patents,0.0,0.0,0.0,0,0,,,,False,False
PD-1|HER2|LAG-3,MAB,UNRESOLVED,,ABSTAIN - no decisive readout,0,0.0,1,,UNRESOLVED_no_grounded_patents,0.0,0.0,0.0,0,0,,,,False,False
PD-1|HER2|PD-L1,BISPECIFIC,UNRESOLVED,,ABSTAIN - no decisive readout,0,0.0,2,,UNRESOLVED_no_grounded_patents,0.0,0.0,0.0,0,0,,,,False,False
PD-1|HER2|PD-L1|TROP-2,MAB,UNRESOLVED,,ABSTAIN - no decisive readout,0,0.0,1,,UNRESOLVED_no_grounded_patents,0.0,0.0,0.0,0,0,,,,False,False
PD-1|HER2|TCR,MAB,UNRESOLVED,,ABSTAIN - no decisive readout,0,0.0,1,,UNRESOLVED_no_grounded_patents,0.0,0.0,0.0,0,0,,,,False,False
PD-1|HER2|TROP-2,ADC,UNRESOLVED,,ABSTAIN - no decisive readout,0,0.0,1,,UNRESOLVED_no_grounded_patents,0.0,0.0,0.0,0,0,,,,False,False
PD-1|HER2|TROP-2,MAB,UNRESOLVED,,ABSTAIN - no decisive readout,0,0.0,1,,UNRESOLVED_no_grounded_patents,0.0,0.0,0.0,0,0,,,,False,False
PD-1|HER2|VEGFR2|CD20|CD47|SIRP-ALPHA,MAB,UNRESOLVED,,ABSTAIN - no decisive readout,0,0.0,1,,UNRESOLVED_no_grounded_patents,0.0,0.0,0.0,0,0,,,,False,False
PD-1|HER2|VEGF|VEGFR2,MAB,UNRESOLVED,,ABSTAIN - no decisive readout,0,0.0,1,,UNRESOLVED_no_grounded_patents,0.0,0.0,0.0,0,0,,,,False,False
PD-1|HER3,MAB,UNRESOLVED,,ABSTAIN - no decisive readout,0,0.0,2,,UNRESOLVED_no_grounded_patents,0.0,0.0,0.0,0,0,,,,False,False
PD-1|HER3|HER2,MAB,UNRESOLVED,,ABSTAIN - no decisive readout,0,0.0,2,,UNRESOLVED_no_grounded_patents,0.0,0.0,0.0,0,0,,,,False,False
PD-1|HIF,MAB,UNRESOLVED,,ABSTAIN - no decisive readout,0,0.0,6,,UNRESOLVED_no_grounded_patents,0.0,0.0,0.0,0,0,,,,False,False
PD-1|ICAM1,MAB,UNRESOLVED,,ABSTAIN - no decisive readout,0,0.0,1,,UNRESOLVED_no_grounded_patents,0.0,0.0,0.0,0,0,,,,False,False
PD-1|IGF-1R,MAB,UNRESOLVED,,ABSTAIN - no decisive readout,0,0.0,1,,UNRESOLVED_no_grounded_patents,0.0,0.0,0.0,0,0,,,,False,False
PD-1|IL-15,BISPECIFIC,UNRESOLVED,,ABSTAIN - no decisive readout,0,0.0,1,0.0,weighted_fto_deterministic,0.0,0.0,0.0,1,1,BISPECIFIC,WO2018071918A1,"XENCOR, INC.",True,False
PD-1|IL-2,BISPECIFIC,UNRESOLVED,,ABSTAIN - no decisive readout,0,0.0,1,,UNRESOLVED_no_grounded_patents,0.0,0.0,0.0,0,0,,,,False,False
PD-1|IL-25,BISPECIFIC,UNRESOLVED,,ABSTAIN - no decisive readout,0,0.0,0,0.0,weighted_fto_deterministic,0.0,0.0,0.0,1,1,BISPECIFIC,WO2025245150A1,THE TRUSTEES OF COLUMBIA UNIVERSITY IN THE CITY OF NEW YORK,True,False
PD-1|KLK2,MAB,UNRESOLVED,,ABSTAIN - no decisive readout,0,0.0,1,,UNRESOLVED_no_grounded_patents,0.0,0.0,0.0,0,0,,,,False,False
PD-1|KRAS|PD-L1,MAB,UNRESOLVED,,ABSTAIN - no decisive readout,0,0.0,6,,UNRESOLVED_no_grounded_patents,0.0,0.0,0.0,0,0,,,,False,False
PD-1|LAG-3|CTLA-4,MAB,UNRESOLVED,,ABSTAIN - no decisive readout,0,0.0,1,,UNRESOLVED_no_grounded_patents,0.0,0.0,0.0,0,0,,,,False,False
PD-1|LAG-3|PD-L1,MAB,UNRESOLVED,,ABSTAIN - no decisive readout,0,0.0,2,,UNRESOLVED_no_grounded_patents,0.0,0.0,0.0,0,0,,,,False,False
PD-1|LIV-1,MAB,UNRESOLVED,,ABSTAIN - no decisive readout,0,0.0,1,,UNRESOLVED_no_grounded_patents,0.0,0.0,0.0,0,0,,,,False,False
PD-1|MAGE,BISPECIFIC,UNRESOLVED,,ABSTAIN - no decisive readout,0,0.0,0,0.0,weighted_fto_deterministic,0.0,0.0,0.0,1,1,BISPECIFIC,WO2022266598A1,"REGENERON PHARMACEUTICALS, INC.",True,False
PD-1|MAGE|MUC1,MAB,UNRESOLVED,,ABSTAIN - no decisive readout,0,0.0,1,,UNRESOLVED_no_grounded_patents,0.0,0.0,0.0,0,0,,,,False,False
PD-1|MAGE|MUC1|TCR,MAB,UNRESOLVED,,ABSTAIN - no decisive readout,0,0.0,1,,UNRESOLVED_no_grounded_patents,0.0,0.0,0.0,0,0,,,,False,False
PD-1|MAGE|PD-L1,MAB,UNRESOLVED,,ABSTAIN - no decisive readout,0,0.0,1,,UNRESOLVED_no_grounded_patents,0.0,0.0,0.0,0,0,,,,False,False
PD-1|MESOTHELIN,CAR-T,UNRESOLVED,,ABSTAIN - no decisive readout,0,0.0,1,,UNRESOLVED_no_grounded_patents,0.0,0.0,0.0,0,0,,,,False,False
PD-1|MUC1,MAB,UNRESOLVED,,ABSTAIN - no decisive readout,0,0.0,1,,UNRESOLVED_no_grounded_patents,0.0,0.0,0.0,0,0,,,,False,False
PD-1|MUC16|CD3,BISPECIFIC,UNRESOLVED,,ABSTAIN - no decisive readout,0,0.0,2,,UNRESOLVED_no_grounded_patents,0.0,0.0,0.0,0,0,,,,False,False
PD-1|MUC16|CD3|LAG-3,BISPECIFIC,UNRESOLVED,,ABSTAIN - no decisive readout,0,0.0,1,,UNRESOLVED_no_grounded_patents,0.0,0.0,0.0,0,0,,,,False,False
PD-1|NECTIN4,MAB,UNRESOLVED,,ABSTAIN - no decisive readout,0,0.0,3,,UNRESOLVED_no_grounded_patents,0.0,0.0,0.0,0,0,,,,False,False
PD-1|NKG2D,MAB,UNRESOLVED,,ABSTAIN - no decisive readout,0,0.0,1,,UNRESOLVED_no_grounded_patents,0.0,0.0,0.0,0,0,,,,False,False
PD-1|PD-L1,CAR-T,UNRESOLVED,,ABSTAIN - no decisive readout,0,0.0,3,,UNRESOLVED_no_grounded_patents,0.301,0.0,0.0,4,6,BISPECIFIC,WO2025185733A1,BIOTHEUS INC.,False,False
PD-1|PD-L1,OUT_OF_SCOPE,UNRESOLVED,,ABSTAIN - no decisive readout,0,0.0,4,,UNRESOLVED_no_grounded_patents,0.301,0.0,0.0,4,6,BISPECIFIC,WO2025185733A1,BIOTHEUS INC.,False,False
PD-1|PD-L1,PROTAC,UNRESOLVED,,ABSTAIN - no decisive readout,0,0.0,1,,UNRESOLVED_no_grounded_patents,0.301,0.0,0.0,4,6,BISPECIFIC,WO2025185733A1,BIOTHEUS INC.,False,False
PD-1|PD-L1|ALK|EGFR|MET,MAB,UNRESOLVED,,ABSTAIN - no decisive readout,0,0.0,1,,UNRESOLVED_no_grounded_patents,0.0,0.0,0.0,0,0,,,,False,False
PD-1|PD-L1|ALK|EGFR|TIGIT,MAB,UNRESOLVED,,ABSTAIN - no decisive readout,0,0.0,1,,UNRESOLVED_no_grounded_patents,0.0,0.0,0.0,0,0,,,,False,False
PD-1|PD-L1|ALK|MET,MAB,UNRESOLVED,,ABSTAIN - no decisive readout,0,0.0,1,,UNRESOLVED_no_grounded_patents,0.0,0.0,0.0,0,0,,,,False,False
PD-1|PD-L1|AXL,MAB,UNRESOLVED,,ABSTAIN - no decisive readout,0,0.0,1,,UNRESOLVED_no_grounded_patents,0.0,0.0,0.0,0,0,,,,False,False
PD-1|PD-L1|AXL|DLL3,CAR-T,UNRESOLVED,,ABSTAIN - no decisive readout,0,0.0,1,,UNRESOLVED_no_grounded_patents,0.0,0.0,0.0,0,0,,,,False,False
PD-1|PD-L1|CTLA-4|VEGF,MAB,UNRESOLVED,,ABSTAIN - no decisive readout,0,0.0,2,,UNRESOLVED_no_grounded_patents,0.0,0.0,0.0,0,0,,,,False,False
PD-1|PD-L1|EGFR|HER2,MAB,UNRESOLVED,,ABSTAIN - no decisive readout,0,0.0,1,,UNRESOLVED_no_grounded_patents,0.0,0.0,0.0,0,0,,,,False,False
PD-1|PD-L1|EGFR|VEGF|KRAS,MAB,UNRESOLVED,,ABSTAIN - no decisive readout,0,0.0,1,,UNRESOLVED_no_grounded_patents,0.0,0.0,0.0,0,0,,,,False,False
PD-1|PD-L1|KRAS,MAB,UNRESOLVED,,ABSTAIN - no decisive readout,0,0.0,1,,UNRESOLVED_no_grounded_patents,0.0,0.0,0.0,0,0,,,,False,False
PD-1|PD-L1|NECTIN4|TROP-2,MAB,UNRESOLVED,,ABSTAIN - no decisive readout,0,0.0,1,,UNRESOLVED_no_grounded_patents,0.0,0.0,0.0,0,0,,,,False,False
PD-1|PD-L1|TCR,UNCLASSIFIED,UNRESOLVED,,ABSTAIN - no decisive readout,0,0.0,4,,UNRESOLVED_no_grounded_patents,0.0,0.0,0.0,0,0,,,,False,False
PD-1|PD-L1|TCR|VEGF,MAB,UNRESOLVED,,ABSTAIN - no decisive readout,0,0.0,1,,UNRESOLVED_no_grounded_patents,0.0,0.0,0.0,0,0,,,,False,False
PD-1|PD-L1|TIGIT,MAB,UNRESOLVED,,ABSTAIN - no decisive readout,0,0.0,3,,UNRESOLVED_no_grounded_patents,0.0,0.0,0.0,0,0,,,,False,False
PD-1|PD-L1|TROP-2,ADC,UNRESOLVED,,ABSTAIN - no decisive readout,0,0.0,2,,UNRESOLVED_no_grounded_patents,0.0,0.0,0.0,0,0,,,,False,False
PD-1|PD-L1|TROP-2,MAB,UNRESOLVED,,ABSTAIN - no decisive readout,0,0.0,1,,UNRESOLVED_no_grounded_patents,0.0,0.0,0.0,0,0,,,,False,False
PD-1|PD-L1|TROP-2-SN38,ADC,UNRESOLVED,,ABSTAIN - no decisive readout,0,0.0,1,,UNRESOLVED_no_grounded_patents,0.0,0.0,0.0,0,0,,,,False,False
PD-1|PD-L1|TROP-2|HER2,ADC,UNRESOLVED,,ABSTAIN - no decisive readout,0,0.0,1,,UNRESOLVED_no_grounded_patents,0.0,0.0,0.0,0,0,,,,False,False
PD-1|PD-L1|VEGF,BISPECIFIC,UNRESOLVED,,ABSTAIN - no decisive readout,0,0.0,4,,UNRESOLVED_no_grounded_patents,0.0,0.0,0.0,0,0,,,,False,False
PD-1|PD-L1|VEGF,MAB,UNRESOLVED,,ABSTAIN - no decisive readout,0,0.0,13,,UNRESOLVED_no_grounded_patents,0.0,0.0,0.0,0,0,,,,False,False
PD-1|PD-L1|VEGF,OUT_OF_SCOPE,UNRESOLVED,,ABSTAIN - no decisive readout,0,0.0,1,,UNRESOLVED_no_grounded_patents,0.0,0.0,0.0,0,0,,,,False,False
PD-1|PD-L1|VEGF,UNCLASSIFIED,UNRESOLVED,,ABSTAIN - no decisive readout,0,0.0,3,,UNRESOLVED_no_grounded_patents,0.0,0.0,0.0,0,0,,,,False,False
PD-1|PD-L1|VEGF|AXL,MAB,UNRESOLVED,,ABSTAIN - no decisive readout,0,0.0,1,,UNRESOLVED_no_grounded_patents,0.0,0.0,0.0,0,0,,,,False,False
PD-1|PD-L1|VEGF|DLL3|CD3|EGFR,BISPECIFIC,UNRESOLVED,,ABSTAIN - no decisive readout,0,0.0,1,,UNRESOLVED_no_grounded_patents,0.0,0.0,0.0,0,0,,,,False,False
PD-1|PD-L1|VEGF|EGFR,MAB,UNRESOLVED,,ABSTAIN - no decisive readout,0,0.0,1,,UNRESOLVED_no_grounded_patents,0.0,0.0,0.0,0,0,,,,False,False
PD-1|PD-L1|VEGF|FAP,MAB,UNRESOLVED,,ABSTAIN - no decisive readout,0,0.0,1,,UNRESOLVED_no_grounded_patents,0.0,0.0,0.0,0,0,,,,False,False
PD-1|PSMA,MAB,UNRESOLVED,,ABSTAIN - no decisive readout,0,0.0,3,,UNRESOLVED_no_grounded_patents,0.0,0.0,0.0,0,0,,,,False,False
PD-1|PSMA|AR,MAB,UNRESOLVED,,ABSTAIN - no decisive readout,0,0.0,1,,UNRESOLVED_no_grounded_patents,0.0,0.0,0.0,0,0,,,,False,False
PD-1|PTK7-EXATECAN,ADC,UNRESOLVED,,ABSTAIN - no decisive readout,0,0.0,1,,UNRESOLVED_no_grounded_patents,0.0,0.0,0.0,0,0,,,,False,False
PD-1|ROR1,UNCLASSIFIED,UNRESOLVED,,ABSTAIN - no decisive readout,0,0.0,1,,UNRESOLVED_no_grounded_patents,0.0,0.0,0.0,0,0,,,,False,False
PD-1|ROR2-MMAE,ADC,UNRESOLVED,,ABSTAIN - no decisive readout,0,0.0,1,,UNRESOLVED_no_grounded_patents,0.0,0.0,0.0,0,0,,,,False,False
PD-1|SIRP-ALPHA,MAB,UNRESOLVED,,ABSTAIN - no decisive readout,0,0.0,1,,UNRESOLVED_no_grounded_patents,0.0,0.0,0.0,0,0,,,,False,False
PD-1|TCR,BISPECIFIC,UNRESOLVED,,ABSTAIN - no decisive readout,0,0.0,0,0.329,weighted_fto_deterministic,0.301,0.469,0.232,4,7,BISPECIFIC,WO2024215978A1,INCYTE CORPORATION,True,False
PD-1|TCR,UNCLASSIFIED,UNRESOLVED,,ABSTAIN - no decisive readout,0,0.0,2,,UNRESOLVED_no_grounded_patents,0.301,0.0,0.0,4,7,BISPECIFIC,WO2024215978A1,INCYTE CORPORATION,False,False
PD-1|TIGIT,BISPECIFIC,UNRESOLVED,,ABSTAIN - no decisive readout,0,0.0,7,0.0,weighted_fto_deterministic,0.0,0.0,0.0,1,1,BISPECIFIC,WO2022229919A2,"MEDIMMUNE, LLC",True,False
PD-1|TIGIT,UNCLASSIFIED,UNRESOLVED,,ABSTAIN - no decisive readout,0,0.0,2,,UNRESOLVED_no_grounded_patents,0.0,0.0,0.0,1,1,BISPECIFIC,WO2022229919A2,"MEDIMMUNE, LLC",False,False
PD-1|TIGIT-SAMROTECAN,ADC,UNRESOLVED,,ABSTAIN - no decisive readout,0,0.0,1,,UNRESOLVED_no_grounded_patents,0.0,0.0,0.0,0,0,,,,False,False
PD-1|TIGIT|CD73,MAB,UNRESOLVED,,ABSTAIN - no decisive readout,0,0.0,1,,UNRESOLVED_no_grounded_patents,0.0,0.0,0.0,0,0,,,,False,False
PD-1|TIGIT|CTLA-4,MAB,UNRESOLVED,,ABSTAIN - no decisive readout,0,0.0,1,,UNRESOLVED_no_grounded_patents,0.0,0.0,0.0,0,0,,,,False,False
PD-1|TIGIT|ICAM1,MAB,UNRESOLVED,,ABSTAIN - no decisive readout,0,0.0,1,,UNRESOLVED_no_grounded_patents,0.0,0.0,0.0,0,0,,,,False,False
PD-1|TIGIT|VEGF,MAB,UNRESOLVED,,ABSTAIN - no decisive readout,0,0.0,1,,UNRESOLVED_no_grounded_patents,0.0,0.0,0.0,0,0,,,,False,False
PD-1|TIM-3,MAB,UNRESOLVED,,ABSTAIN - no decisive readout,0,0.0,3,,UNRESOLVED_no_grounded_patents,0.423,0.0,0.0,7,7,BISPECIFIC,WO2025088496A1,ASTRAZENECA UK LIMITED,False,False
PD-1|TISSUE FACTOR,MAB,UNRESOLVED,,ABSTAIN - no decisive readout,0,0.0,1,,UNRESOLVED_no_grounded_patents,0.0,0.0,0.0,0,0,,,,False,False
PD-1|TISSUE FACTOR|VEGF,MAB,UNRESOLVED,,ABSTAIN - no decisive readout,0,0.0,1,,UNRESOLVED_no_grounded_patents,0.0,0.0,0.0,0,0,,,,False,False
PD-1|TROP-2,ADC,UNRESOLVED,,ABSTAIN - no decisive readout,0,0.0,1,,UNRESOLVED_no_grounded_patents,0.0,0.0,0.0,0,0,,,,False,False
PD-1|TROP-2,UNCLASSIFIED,UNRESOLVED,,ABSTAIN - no decisive readout,0,0.0,1,,UNRESOLVED_no_grounded_patents,0.0,0.0,0.0,0,0,,,,False,False
PD-1|TROP-2-KL610023,ADC,UNRESOLVED,,ABSTAIN - no decisive readout,0,0.0,1,,UNRESOLVED_no_grounded_patents,0.0,0.0,0.0,0,0,,,,False,False
PD-1|TROP-2-MMAE,ADC,UNRESOLVED,,ABSTAIN - no decisive readout,0,0.0,1,,UNRESOLVED_no_grounded_patents,0.0,0.0,0.0,0,0,,,,False,False
PD-1|VEGF,ADC,UNRESOLVED,,ABSTAIN - no decisive readout,0,0.0,2,,UNRESOLVED_no_grounded_patents,0.0,0.0,0.0,1,2,BISPECIFIC,WO2026064650A1,"PARAGON THERAPEUTICS, INC.",False,False
PD-1|VEGF-TOP1I,ADC,UNRESOLVED,,ABSTAIN - no decisive readout,0,0.0,1,,UNRESOLVED_no_grounded_patents,0.0,0.0,0.0,0,0,,,,False,False
PD-1|VEGFR2|CLDN18.2,MAB,UNRESOLVED,,ABSTAIN - no decisive readout,0,0.0,1,,UNRESOLVED_no_grounded_patents,0.0,0.0,0.0,0,0,,,,False,False
PD-1|VEGFR2|EGFR|PD-L1,MAB,UNRESOLVED,,ABSTAIN - no decisive readout,0,0.0,1,,UNRESOLVED_no_grounded_patents,0.0,0.0,0.0,0,0,,,,False,False
PD-1|VEGFR2|HER2|PD-L1,MAB,UNRESOLVED,,ABSTAIN - no decisive readout,0,0.0,1,,UNRESOLVED_no_grounded_patents,0.0,0.0,0.0,0,0,,,,False,False
PD-1|VEGF|CD40,MAB,UNRESOLVED,,ABSTAIN - no decisive readout,0,0.0,1,,UNRESOLVED_no_grounded_patents,0.0,0.0,0.0,0,0,,,,False,False
PD-1|VEGF|CD73,MAB,UNRESOLVED,,ABSTAIN - no decisive readout,0,0.0,1,,UNRESOLVED_no_grounded_patents,0.0,0.0,0.0,0,0,,,,False,False
PD-1|VEGF|CTLA-4,MAB,UNRESOLVED,,ABSTAIN - no decisive readout,0,0.0,1,,UNRESOLVED_no_grounded_patents,0.0,0.0,0.0,0,0,,,,False,False
PD-1|VEGF|CTLA-4|EGFR,MAB,UNRESOLVED,,ABSTAIN - no decisive readout,0,0.0,1,,UNRESOLVED_no_grounded_patents,0.0,0.0,0.0,0,0,,,,False,False
PD-1|VEGF|CTLA-4|PD-L1,MAB,UNRESOLVED,,ABSTAIN - no decisive readout,0,0.0,1,,UNRESOLVED_no_grounded_patents,0.0,0.0,0.0,0,0,,,,False,False
PD-1|VEGF|EGFR,MAB,UNRESOLVED,,ABSTAIN - no decisive readout,0,0.0,5,,UNRESOLVED_no_grounded_patents,0.0,0.0,0.0,0,0,,,,False,False
PD-1|VEGF|EGFR|FOLR1|HER2,MAB,UNRESOLVED,,ABSTAIN - no decisive readout,0,0.0,1,,UNRESOLVED_no_grounded_patents,0.0,0.0,0.0,0,0,,,,False,False
PD-1|VEGF|EGFR|KRAS,MAB,UNRESOLVED,,ABSTAIN - no decisive readout,0,0.0,1,,UNRESOLVED_no_grounded_patents,0.0,0.0,0.0,0,0,,,,False,False
PD-1|VEGF|EGFR|PD-L1,MAB,UNRESOLVED,,ABSTAIN - no decisive readout,0,0.0,1,,UNRESOLVED_no_grounded_patents,0.0,0.0,0.0,0,0,,,,False,False
PD-1|VEGF|GP100|CD3|TCR,MAB,UNRESOLVED,,ABSTAIN - no decisive readout,0,0.0,1,,UNRESOLVED_no_grounded_patents,0.0,0.0,0.0,0,0,,,,False,False
PD-1|VEGF|GPC3,MAB,UNRESOLVED,,ABSTAIN - no decisive readout,0,0.0,1,,UNRESOLVED_no_grounded_patents,0.0,0.0,0.0,0,0,,,,False,False
PD-1|VEGF|HER2,MAB,UNRESOLVED,,ABSTAIN - no decisive readout,0,0.0,1,,UNRESOLVED_no_grounded_patents,0.0,0.0,0.0,0,0,,,,False,False
PD-1|VEGF|LAG-3,MAB,UNRESOLVED,,ABSTAIN - no decisive readout,0,0.0,1,,UNRESOLVED_no_grounded_patents,0.0,0.0,0.0,0,0,,,,False,False
PD-1|VEGF|PD-L1,MAB,UNRESOLVED,,ABSTAIN - no decisive readout,0,0.0,7,,UNRESOLVED_no_grounded_patents,0.0,0.0,0.0,0,0,,,,False,False
PD-1|VEGF|PD-L1|CTLA-4,MAB,UNRESOLVED,,ABSTAIN - no decisive readout,0,0.0,4,,UNRESOLVED_no_grounded_patents,0.0,0.0,0.0,0,0,,,,False,False
PD-1|VEGF|PD-L1|TROP-2-KL610023,ADC,UNRESOLVED,,ABSTAIN - no decisive readout,0,0.0,1,,UNRESOLVED_no_grounded_patents,0.0,0.0,0.0,0,0,,,,False,False
PD-1|VEGF|TCR,MAB,UNRESOLVED,,ABSTAIN - no decisive readout,0,0.0,2,,UNRESOLVED_no_grounded_patents,0.0,0.0,0.0,0,0,,,,False,False
PD-1|VEGF|VEGFR2,MAB,UNRESOLVED,,ABSTAIN - no decisive readout,0,0.0,6,,UNRESOLVED_no_grounded_patents,0.0,0.0,0.0,0,0,,,,False,False
PD-L1-MMAE,ADC,UNRESOLVED,,ABSTAIN - no decisive readout,0,0.0,1,,UNRESOLVED_no_grounded_patents,0.0,0.0,0.0,0,0,,,,False,False
PD-L1|ALK|EGFR,MAB,UNRESOLVED,,ABSTAIN - no decisive readout,0,0.0,2,,UNRESOLVED_no_grounded_patents,0.0,0.0,0.0,0,0,,,,False,False
PD-L1|ALK|EGFR|FGFR|HER2|KRAS|MET,MAB,UNRESOLVED,,ABSTAIN - no decisive readout,0,0.0,1,,UNRESOLVED_no_grounded_patents,0.0,0.0,0.0,0,0,,,,False,False
PD-L1|ALK|EGFR|PD-1,MAB,UNRESOLVED,,ABSTAIN - no decisive readout,0,0.0,1,,UNRESOLVED_no_grounded_patents,0.0,0.0,0.0,0,0,,,,False,False
PD-L1|ALK|FGFR|MET,MAB,UNRESOLVED,,ABSTAIN - no decisive readout,0,0.0,1,,UNRESOLVED_no_grounded_patents,0.0,0.0,0.0,0,0,,,,False,False
PD-L1|ALK|KRAS,MAB,UNRESOLVED,,ABSTAIN - no decisive readout,0,0.0,1,,UNRESOLVED_no_grounded_patents,0.0,0.0,0.0,0,0,,,,False,False
PD-L1|B7-H3,BISPECIFIC,UNRESOLVED,,ABSTAIN - no decisive readout,0,0.0,0,0.171,weighted_fto_deterministic,0.151,0.167,0.232,2,2,BISPECIFIC,WO2021100022A1,ABL BIO INC.,True,False
PD-L1|BCL-2,MAB,UNRESOLVED,,ABSTAIN - no decisive readout,0,0.0,1,,UNRESOLVED_no_grounded_patents,0.0,0.0,0.0,0,0,,,,False,False
PD-L1|BTK,MAB,UNRESOLVED,,ABSTAIN - no decisive readout,0,0.0,2,,UNRESOLVED_no_grounded_patents,0.0,0.0,0.0,0,0,,,,False,False
PD-L1|CD137|CD47|SIRP-ALPHA,MAB,UNRESOLVED,,ABSTAIN - no decisive readout,0,0.0,1,,UNRESOLVED_no_grounded_patents,0.0,0.0,0.0,0,0,,,,False,False
PD-L1|CD19,MAB,UNRESOLVED,,ABSTAIN - no decisive readout,0,0.0,1,,UNRESOLVED_no_grounded_patents,0.0,0.0,0.0,0,0,,,,False,False
PD-L1|CD20|BCL-2,MAB,UNRESOLVED,,ABSTAIN - no decisive readout,0,0.0,1,,UNRESOLVED_no_grounded_patents,0.0,0.0,0.0,0,0,,,,False,False
PD-L1|CD20|BTK,MAB,UNRESOLVED,,ABSTAIN - no decisive readout,0,0.0,1,,UNRESOLVED_no_grounded_patents,0.0,0.0,0.0,0,0,,,,False,False
PD-L1|CD20|VEGF|CTLA-4,MAB,UNRESOLVED,,ABSTAIN - no decisive readout,0,0.0,1,,UNRESOLVED_no_grounded_patents,0.0,0.0,0.0,0,0,,,,False,False
PD-L1|CD25|EPCAM|PD-1,MAB,UNRESOLVED,,ABSTAIN - no decisive readout,0,0.0,1,,UNRESOLVED_no_grounded_patents,0.0,0.0,0.0,0,0,,,,False,False
PD-L1|CD25|TCR,MAB,UNRESOLVED,,ABSTAIN - no decisive readout,0,0.0,1,,UNRESOLVED_no_grounded_patents,0.0,0.0,0.0,0,0,,,,False,False
PD-L1|CD27,BISPECIFIC,UNRESOLVED,,ABSTAIN - no decisive readout,0,0.0,1,,UNRESOLVED_no_grounded_patents,0.0,0.0,0.0,0,0,,,,False,False
PD-L1|CD28,BISPECIFIC,UNRESOLVED,,ABSTAIN - no decisive readout,0,0.0,0,0.151,weighted_fto_deterministic,0.151,0.167,0.0,2,2,BISPECIFIC,WO2023215799A1,"JANUX THERAPEUTICS, INC.",True,False
PD-L1|CD28|TCR|TIGIT,MAB,UNRESOLVED,,ABSTAIN - no decisive readout,0,0.0,1,,UNRESOLVED_no_grounded_patents,0.0,0.0,0.0,0,0,,,,False,False
PD-L1|CD3,BISPECIFIC,UNRESOLVED,,ABSTAIN - no decisive readout,0,0.0,0,0.0,weighted_fto_deterministic,0.0,0.0,0.0,1,1,BISPECIFIC,WO2025201240A1,TAVOTEK BIOTHERAPEUTICS (HONG KONG) LIMITED,True,False
PD-L1|CD40|FAP,MAB,UNRESOLVED,,ABSTAIN - no decisive readout,0,0.0,2,,UNRESOLVED_no_grounded_patents,0.0,0.0,0.0,0,0,,,,False,False
PD-L1|CD47,BISPECIFIC,UNRESOLVED,,ABSTAIN - no decisive readout,0,0.0,1,0.0,weighted_fto_deterministic,0.0,0.0,0.0,0,1,BISPECIFIC,WO2024146539A1,"WUXI BIOLOGICS (SHANGHAI) CO., LTD.",True,False
PD-L1|CEA,MAB,UNRESOLVED,,ABSTAIN - no decisive readout,0,0.0,3,,UNRESOLVED_no_grounded_patents,0.0,0.0,0.0,0,0,,,,False,False
PD-L1|CLDN18.2,BISPECIFIC,UNRESOLVED,,ABSTAIN - no decisive readout,0,0.0,0,0.0,weighted_fto_deterministic,0.0,0.0,0.0,0,1,BISPECIFIC,WO2023025306A1,"SANYOU BIOPHARMACEUTICALS CO., LTD.",True,False
PD-L1|CTLA-4,BISPECIFIC,UNRESOLVED,,ABSTAIN - no decisive readout,0,0.0,2,,UNRESOLVED_no_grounded_patents,0.0,0.0,0.0,0,0,,,,False,False
PD-L1|CTLA-4|ER|HER2,MAB,UNRESOLVED,,ABSTAIN - no decisive readout,0,0.0,1,,UNRESOLVED_no_grounded_patents,0.0,0.0,0.0,0,0,,,,False,False
PD-L1|CTLA-4|MET|PD-1,MAB,UNRESOLVED,,ABSTAIN - no decisive readout,0,0.0,1,,UNRESOLVED_no_grounded_patents,0.0,0.0,0.0,0,0,,,,False,False
PD-L1|CTLA-4|PD-1,MAB,UNRESOLVED,,ABSTAIN - no decisive readout,0,0.0,5,,UNRESOLVED_no_grounded_patents,0.0,0.0,0.0,0,0,,,,False,False
PD-L1|CTLA-4|PD-1|VEGF,MAB,UNRESOLVED,,ABSTAIN - no decisive readout,0,0.0,1,,UNRESOLVED_no_grounded_patents,0.0,0.0,0.0,0,0,,,,False,False
PD-L1|CTLA-4|VEGF,MAB,UNRESOLVED,,ABSTAIN - no decisive readout,0,0.0,1,,UNRESOLVED_no_grounded_patents,0.0,0.0,0.0,0,0,,,,False,False
PD-L1|CTLA-4|VEGF|PD-1,MAB,UNRESOLVED,,ABSTAIN - no decisive readout,0,0.0,1,,UNRESOLVED_no_grounded_patents,0.0,0.0,0.0,0,0,,,,False,False
PD-L1|DLL3,MAB,UNRESOLVED,,ABSTAIN - no decisive readout,0,0.0,1,,UNRESOLVED_no_grounded_patents,0.0,0.0,0.0,0,0,,,,False,False
PD-L1|DLL3-TOP1I,ADC,UNRESOLVED,,ABSTAIN - no decisive readout,0,0.0,1,,UNRESOLVED_no_grounded_patents,0.0,0.0,0.0,0,0,,,,False,False
PD-L1|DLL3|CD3,BISPECIFIC,UNRESOLVED,,ABSTAIN - no decisive readout,0,0.0,6,,UNRESOLVED_no_grounded_patents,0.0,0.0,0.0,0,0,,,,False,False
PD-L1|DLL3|CD3|B7-H3,BISPECIFIC,UNRESOLVED,,ABSTAIN - no decisive readout,0,0.0,1,,UNRESOLVED_no_grounded_patents,0.0,0.0,0.0,0,0,,,,False,False
PD-L1|EGFR,BISPECIFIC,UNRESOLVED,,ABSTAIN - no decisive readout,0,0.0,0,0.0,weighted_fto_deterministic,0.0,0.0,0.0,0,1,BISPECIFIC,WO2021244554A1,"ZEDA BIOPHARMACEUTICALS, INC.",True,False
PD-L1|EGFR|FGFR|HER2|MET|VEGF,MAB,UNRESOLVED,,ABSTAIN - no decisive readout,0,0.0,1,,UNRESOLVED_no_grounded_patents,0.0,0.0,0.0,0,0,,,,False,False
PD-L1|EGFR|MET,MAB,UNRESOLVED,,ABSTAIN - no decisive readout,0,0.0,1,,UNRESOLVED_no_grounded_patents,0.0,0.0,0.0,0,0,,,,False,False
PD-L1|EGFR|MET|FGFR,BISPECIFIC,UNRESOLVED,,ABSTAIN - no decisive readout,0,0.0,1,,UNRESOLVED_no_grounded_patents,0.0,0.0,0.0,0,0,,,,False,False
PD-L1|EGFR|VEGF,MAB,UNRESOLVED,,ABSTAIN - no decisive readout,0,0.0,1,,UNRESOLVED_no_grounded_patents,0.0,0.0,0.0,0,0,,,,False,False
PD-L1|EPCAM,MAB,UNRESOLVED,,ABSTAIN - no decisive readout,0,0.0,1,,UNRESOLVED_no_grounded_patents,0.0,0.0,0.0,0,0,,,,False,False
PD-L1|ER|HER2|PD-1,MAB,UNRESOLVED,,ABSTAIN - no decisive readout,0,0.0,1,,UNRESOLVED_no_grounded_patents,0.0,0.0,0.0,0,0,,,,False,False
PD-L1|FGFR,MAB,UNRESOLVED,,ABSTAIN - no decisive readout,0,0.0,4,,UNRESOLVED_no_grounded_patents,0.0,0.0,0.0,0,0,,,,False,False
PD-L1|FOLR1,MAB,UNRESOLVED,,ABSTAIN - no decisive readout,0,0.0,1,,UNRESOLVED_no_grounded_patents,0.0,0.0,0.0,0,0,,,,False,False
PD-L1|HER2,BISPECIFIC,UNRESOLVED,,ABSTAIN - no decisive readout,0,0.0,0,0.0,weighted_fto_deterministic,0.0,0.0,0.0,0,1,BISPECIFIC,WO2025113646A1,"JIANGSU ALPHAMAB BIOPHARMACEUTICALS CO., LTD.",True,False
PD-L1|HER2|ALK|AR|FGFR|MET,MAB,UNRESOLVED,,ABSTAIN - no decisive readout,0,0.0,1,,UNRESOLVED_no_grounded_patents,0.0,0.0,0.0,0,0,,,,False,False
PD-L1|HER2|ALK|MET,MAB,UNRESOLVED,,ABSTAIN - no decisive readout,0,0.0,1,,UNRESOLVED_no_grounded_patents,0.0,0.0,0.0,0,0,,,,False,False
PD-L1|HER2|ALK|PD-1,MAB,UNRESOLVED,,ABSTAIN - no decisive readout,0,0.0,1,,UNRESOLVED_no_grounded_patents,0.0,0.0,0.0,0,0,,,,False,False
PD-L1|HER2|NECTIN4|TROP-2,MAB,UNRESOLVED,,ABSTAIN - no decisive readout,0,0.0,1,,UNRESOLVED_no_grounded_patents,0.0,0.0,0.0,0,0,,,,False,False
PD-L1|HER2|PD-1|VEGF,MAB,UNRESOLVED,,ABSTAIN - no decisive readout,0,0.0,1,,UNRESOLVED_no_grounded_patents,0.0,0.0,0.0,0,0,,,,False,False
PD-L1|HER2|VEGF|EGFR,MAB,UNRESOLVED,,ABSTAIN - no decisive readout,0,0.0,1,,UNRESOLVED_no_grounded_patents,0.0,0.0,0.0,0,0,,,,False,False
PD-L1|LAG-3,BISPECIFIC,UNRESOLVED,,ABSTAIN - no decisive readout,0,0.0,0,0.171,weighted_fto_deterministic,0.151,0.167,0.232,2,2,BISPECIFIC,WO2021057930A1,"WUXI BIOLOGICS (SHANGHAI) CO., LTD.",True,False
PD-L1|LAG-3,MAB,UNRESOLVED,,ABSTAIN - no decisive readout,0,0.0,1,,UNRESOLVED_no_grounded_patents,0.151,0.0,0.0,2,2,BISPECIFIC,WO2021057930A1,"WUXI BIOLOGICS (SHANGHAI) CO., LTD.",False,False
PD-L1|LAG-3|PD-1,MAB,UNRESOLVED,,ABSTAIN - no decisive readout,0,0.0,1,,UNRESOLVED_no_grounded_patents,0.0,0.0,0.0,0,0,,,,False,False
PD-L1|MESOTHELIN,MAB,UNRESOLVED,,ABSTAIN - no decisive readout,0,0.0,1,,UNRESOLVED_no_grounded_patents,0.0,0.0,0.0,0,0,,,,False,False
PD-L1|MET,MAB,UNRESOLVED,,ABSTAIN - no decisive readout,0,0.0,2,,UNRESOLVED_no_grounded_patents,0.0,0.0,0.0,0,0,,,,False,False
PD-L1|MUC16,MAB,UNRESOLVED,,ABSTAIN - no decisive readout,0,0.0,4,,UNRESOLVED_no_grounded_patents,0.0,0.0,0.0,0,0,,,,False,False
PD-L1|PD-1,BISPECIFIC,UNRESOLVED,,ABSTAIN - no decisive readout,0,0.0,1,0.336,weighted_fto_deterministic,0.301,0.388,0.367,4,5,BISPECIFIC,WO2022217019A1,"CELLDEX THERAPEUTICS, INC.",True,False
PD-L1|PD-1,OUT_OF_SCOPE,UNRESOLVED,,ABSTAIN - no decisive readout,0,0.0,2,,UNRESOLVED_no_grounded_patents,0.301,0.0,0.0,4,5,BISPECIFIC,WO2022217019A1,"CELLDEX THERAPEUTICS, INC.",False,False
PD-L1|PD-1|ALK|EGFR|MET,MAB,UNRESOLVED,,ABSTAIN - no decisive readout,0,0.0,1,,UNRESOLVED_no_grounded_patents,0.0,0.0,0.0,0,0,,,,False,False
PD-L1|PD-1|VEGF,MAB,UNRESOLVED,,ABSTAIN - no decisive readout,0,0.0,1,,UNRESOLVED_no_grounded_patents,0.0,0.0,0.0,0,0,,,,False,False
PD-L1|PD-1|WT1,MAB,UNRESOLVED,,ABSTAIN - no decisive readout,0,0.0,1,,UNRESOLVED_no_grounded_patents,0.0,0.0,0.0,0,0,,,,False,False
PD-L1|PD-L2,BISPECIFIC,UNRESOLVED,,ABSTAIN - no decisive readout,0,0.0,0,0.042,weighted_fto_deterministic,0.0,0.167,0.0,1,2,BISPECIFIC,WO2023192976A1,"BOARD OF REGENTS, THE UNIVERSITY OF TEXAS SYSTEM",True,False
PD-L1|PSMA,MAB,UNRESOLVED,,ABSTAIN - no decisive readout,0,0.0,1,,UNRESOLVED_no_grounded_patents,0.0,0.0,0.0,0,0,,,,False,False
PD-L1|PTK7,MAB,UNRESOLVED,,ABSTAIN - no decisive readout,0,0.0,1,,UNRESOLVED_no_grounded_patents,0.0,0.0,0.0,0,0,,,,False,False
PD-L1|TCR,BISPECIFIC,UNRESOLVED,,ABSTAIN - no decisive readout,0,0.0,0,0.0,weighted_fto_deterministic,0.0,0.0,0.0,1,1,BISPECIFIC,WO2023143478A1,CROWN BIOSCIENCE INC.,True,False
PD-L1|TCR,UNCLASSIFIED,UNRESOLVED,,ABSTAIN - no decisive readout,0,0.0,1,,UNRESOLVED_no_grounded_patents,0.0,0.0,0.0,1,1,BISPECIFIC,WO2023143478A1,CROWN BIOSCIENCE INC.,False,False
PD-L1|TIGIT,BISPECIFIC,UNRESOLVED,,ABSTAIN - no decisive readout,0,0.0,3,,UNRESOLVED_no_grounded_patents,0.0,0.0,0.0,0,0,,,,False,False
PD-L1|TIGIT,UNCLASSIFIED,UNRESOLVED,,ABSTAIN - no decisive readout,0,0.0,2,,UNRESOLVED_no_grounded_patents,0.0,0.0,0.0,0,0,,,,False,False
PD-L1|TIGIT|LAG-3|PD-1,MAB,UNRESOLVED,,ABSTAIN - no decisive readout,0,0.0,1,,UNRESOLVED_no_grounded_patents,0.0,0.0,0.0,0,0,,,,False,False
PD-L1|TIGIT|TCR,MAB,UNRESOLVED,,ABSTAIN - no decisive readout,0,0.0,1,,UNRESOLVED_no_grounded_patents,0.0,0.0,0.0,0,0,,,,False,False
PD-L1|TIGIT|VEGF,MAB,UNRESOLVED,,ABSTAIN - no decisive readout,0,0.0,2,,UNRESOLVED_no_grounded_patents,0.0,0.0,0.0,0,0,,,,False,False
PD-L1|TIGIT|VEGFR2,MAB,UNRESOLVED,,ABSTAIN - no decisive readout,0,0.0,1,,UNRESOLVED_no_grounded_patents,0.0,0.0,0.0,0,0,,,,False,False
PD-L1|TIGIT|VEGF|EGFR,MAB,UNRESOLVED,,ABSTAIN - no decisive readout,0,0.0,1,,UNRESOLVED_no_grounded_patents,0.0,0.0,0.0,0,0,,,,False,False
PD-L1|TROP-2,ADC,UNRESOLVED,,ABSTAIN - no decisive readout,0,0.0,1,,UNRESOLVED_no_grounded_patents,0.0,0.0,0.0,0,0,,,,False,False
PD-L1|TROP-2-EXATECAN,BISPECIFIC,UNRESOLVED,,ABSTAIN - no decisive readout,0,0.0,0,0.0,weighted_fto_deterministic,0.0,0.0,0.0,1,1,BISPECIFIC,WO2024240162A1,"SHANGHAI ALLYGEN BIOLOGICS CO., LTD.",True,False
PD-L1|TROP-2-KL610023,ADC,UNRESOLVED,,ABSTAIN - no decisive readout,0,0.0,3,,UNRESOLVED_no_grounded_patents,0.0,0.0,0.0,0,0,,,,False,False
PD-L1|VEGF,UNCLASSIFIED,UNRESOLVED,,ABSTAIN - no decisive readout,0,0.0,1,,UNRESOLVED_no_grounded_patents,0.239,0.0,0.0,3,3,BISPECIFIC,WO2024140996A2,"SHANGHAI HENLIUS BIOTECH, INC.",False,False
PD-L1|VEGF|ALK,MAB,UNRESOLVED,,ABSTAIN - no decisive readout,0,0.0,1,,UNRESOLVED_no_grounded_patents,0.0,0.0,0.0,0,0,,,,False,False
PD-L1|VEGF|ALK|EGFR,MAB,UNRESOLVED,,ABSTAIN - no decisive readout,0,0.0,1,,UNRESOLVED_no_grounded_patents,0.0,0.0,0.0,0,0,,,,False,False
PD-L1|VEGF|EGFR,MAB,UNRESOLVED,,ABSTAIN - no decisive readout,0,0.0,2,,UNRESOLVED_no_grounded_patents,0.0,0.0,0.0,0,0,,,,False,False
PD-L1|VEGF|EGFR|HER3|HER2|PD-1,MAB,UNRESOLVED,,ABSTAIN - no decisive readout,0,0.0,1,,UNRESOLVED_no_grounded_patents,0.0,0.0,0.0,0,0,,,,False,False
PD-L1|VEGF|EGFR|KRAS,MAB,UNRESOLVED,,ABSTAIN - no decisive readout,0,0.0,1,,UNRESOLVED_no_grounded_patents,0.0,0.0,0.0,0,0,,,,False,False
PD-L1|VEGF|ER|HER2,MAB,UNRESOLVED,,ABSTAIN - no decisive readout,0,0.0,1,,UNRESOLVED_no_grounded_patents,0.0,0.0,0.0,0,0,,,,False,False
PD-L1|VEGF|EZH2,MAB,UNRESOLVED,,ABSTAIN - no decisive readout,0,0.0,1,,UNRESOLVED_no_grounded_patents,0.0,0.0,0.0,0,0,,,,False,False
PD-L1|VEGF|FGFR,MAB,UNRESOLVED,,ABSTAIN - no decisive readout,0,0.0,1,,UNRESOLVED_no_grounded_patents,0.0,0.0,0.0,0,0,,,,False,False
PD-L1|VEGF|GPC3,MAB,UNRESOLVED,,ABSTAIN - no decisive readout,0,0.0,1,,UNRESOLVED_no_grounded_patents,0.0,0.0,0.0,0,0,,,,False,False
PD-L1|VEGF|GPC3|CD3,BISPECIFIC,UNRESOLVED,,ABSTAIN - no decisive readout,0,0.0,1,,UNRESOLVED_no_grounded_patents,0.0,0.0,0.0,0,0,,,,False,False
PD-L1|VEGF|HER2,MAB,UNRESOLVED,,ABSTAIN - no decisive readout,0,0.0,1,,UNRESOLVED_no_grounded_patents,0.0,0.0,0.0,0,0,,,,False,False
PD-L1|VEGF|MESOTHELIN,MAB,UNRESOLVED,,ABSTAIN - no decisive readout,0,0.0,1,,UNRESOLVED_no_grounded_patents,0.0,0.0,0.0,0,0,,,,False,False
PD-L1|VEGF|PD-1|CTLA-4,MAB,UNRESOLVED,,ABSTAIN - no decisive readout,0,0.0,1,,UNRESOLVED_no_grounded_patents,0.0,0.0,0.0,0,0,,,,False,False
PD-L1|VEGF|PD-1|WT1,MAB,UNRESOLVED,,ABSTAIN - no decisive readout,0,0.0,1,,UNRESOLVED_no_grounded_patents,0.0,0.0,0.0,0,0,,,,False,False
PD-L1|WT1,MAB,UNRESOLVED,,ABSTAIN - no decisive readout,0,0.0,1,,UNRESOLVED_no_grounded_patents,0.0,0.0,0.0,0,0,,,,False,False
PD-L2,MAB,UNRESOLVED,,ABSTAIN - no decisive readout,0,0.0,0,0.042,weighted_fto_deterministic,0.0,0.167,0.0,1,2,MAB,WO2024161375A1,MABTREE BIOLOGICS AG,True,False
PDGF-C,MAB,UNRESOLVED,,ABSTAIN - no decisive readout,0,0.0,0,0.0,weighted_fto_deterministic,0.0,0.0,0.0,0,1,MAB,WO2013160359A1,THROMBOGENICS N.V.,True,False
PDGFRB,MAB,UNRESOLVED,,ABSTAIN - no decisive readout,0,0.0,0,0.0,weighted_fto_deterministic,0.0,0.0,0.0,1,1,MAB,WO2014109999A1,"REGENERON PHARMACEUTICALS, INC.",True,False
PECAM1,MAB,UNRESOLVED,,ABSTAIN - no decisive readout,0,0.0,0,0.0,weighted_fto_deterministic,0.0,0.0,0.0,0,1,MAB,WO2012047664A1,SUTTER WEST BAY HOSPITAL D/B/A CALIFORNIA PACIFIC MEDICAL CENTER,True,False
PERIOSTIN,MAB,UNRESOLVED,,ABSTAIN - no decisive readout,0,0.0,0,0.167,weighted_fto_deterministic,0.151,0.334,0.0,2,4,MAB,WO2020121059A1,BOEHRINGER INGELHEIM IO CANADA INC.,True,False
PHOSPHATIDYLSERINE,MAB,UNRESOLVED,,ABSTAIN - no decisive readout,0,0.0,0,0.0,weighted_fto_deterministic,0.0,0.0,0.0,0,1,MAB,WO2018187227A1,"ONCOLOGIE, INC.",True,False
PIVKA-II,MAB,UNRESOLVED,,ABSTAIN - no decisive readout,0,0.0,0,0.239,weighted_fto_deterministic,0.239,0.265,0.0,3,3,MAB,WO2014039372A1,ABBOTT LABORATORIES,True,False
PL2L60,MAB,UNRESOLVED,,ABSTAIN - no decisive readout,0,0.0,0,0.0,weighted_fto_deterministic,0.0,0.0,0.0,0,1,MAB,WO2019047520A1,"SHANGHAI YIFANKE BIOTECHNOLOGY CO., LTD.",True,False
PMEPA1,MAB,UNRESOLVED,,ABSTAIN - no decisive readout,0,0.0,0,0.0,weighted_fto_deterministic,0.0,0.0,0.0,1,1,MAB,WO2023097293A2,PRESIDENT AND FELLOWS OF HARVARD COLLEGE,True,False
PODOCALYXIN,MAB,UNRESOLVED,,ABSTAIN - no decisive readout,0,0.0,0,0.167,weighted_fto_deterministic,0.151,0.334,0.0,2,4,MAB,WO2017054089A1,THE CENTRE FOR DRUG RESEARCH AND DEVELOPMENT,True,False
PODOPLANIN,MAB,UNRESOLVED,,ABSTAIN - no decisive readout,0,0.0,0,0.239,weighted_fto_deterministic,0.239,0.265,0.0,3,3,MAB,WO2018179302A1,TOHOKU UNIVERSITY,True,False
PODXL2,MAB,UNRESOLVED,,ABSTAIN - no decisive readout,0,0.0,0,0.0,weighted_fto_deterministic,0.0,0.0,0.0,1,1,MAB,WO2011004837A1,ACTGEN INC.,True,False
POLYSIALIC ACID,MAB,UNRESOLVED,,ABSTAIN - no decisive readout,0,0.0,0,0.0,weighted_fto_deterministic,0.0,0.0,0.0,1,1,MAB,WO2019178218A1,MEMORIAL SLOAN KETTERING CANCER CENTER,True,False
PRAME,MAB,UNRESOLVED,,ABSTAIN - no decisive readout,0,0.0,0,0.0,weighted_fto_deterministic,0.0,0.0,0.0,1,1,MAB,WO2021107823A2,GENETECHNOLOGY LLC,True,False
PRL-3,MAB,UNRESOLVED,,ABSTAIN - no decisive readout,0,0.0,0,0.0,weighted_fto_deterministic,0.0,0.0,0.0,1,1,MAB,WO2017217934A1,AGENCY FOR SCIENCE,True,False
PRLR,MAB,UNRESOLVED,,ABSTAIN - no decisive readout,0,0.0,0,0.0,weighted_fto_deterministic,0.0,0.0,0.0,1,1,MAB,WO2012163932A1,BAYER INTELLECTUAL PROPERTY GMBH,True,False
PRMT5,OUT_OF_SCOPE,UNRESOLVED,,ABSTAIN - no decisive readout,0,0.0,1,,UNRESOLVED_no_grounded_patents,0.0,0.0,0.0,0,0,,,,False,False
PROGRANULIN,MAB,UNRESOLVED,,ABSTAIN - no decisive readout,0,0.0,1,0.0,weighted_fto_deterministic,0.0,0.0,0.0,0,1,MAB,WO2011140828A1,THE UNIVERSITY OF HONG KONG,True,False
PRP,MAB,UNRESOLVED,,ABSTAIN - no decisive readout,0,0.0,0,0.151,weighted_fto_deterministic,0.151,0.167,0.0,2,2,MAB,WO2013185215A1,AMORFIX LIFE SCIENCES LTD.,True,False
PSA,MAB,UNRESOLVED,,ABSTAIN - no decisive readout,0,0.0,0,0.0,weighted_fto_deterministic,0.0,0.0,0.0,1,1,MAB,WO2013063312A1,MEMORIAL SLOAN-KETTERING CANCER CENTER,True,False
PSCA,CAR-T,UNRESOLVED,,ABSTAIN - no decisive readout,0,0.0,3,,UNRESOLVED_no_grounded_patents,0.0,0.0,0.0,0,1,MAB,WO2013001065A1,TECHNISCHE UNIVERSITÄT DRESDEN,False,False
PSCA,MAB,UNRESOLVED,,ABSTAIN - no decisive readout,0,0.0,0,0.0,weighted_fto_deterministic,0.0,0.0,0.0,0,1,MAB,WO2013001065A1,TECHNISCHE UNIVERSITÄT DRESDEN,True,False
PSCA,UNCLASSIFIED,UNRESOLVED,,ABSTAIN - no decisive readout,0,0.0,1,,UNRESOLVED_no_grounded_patents,0.0,0.0,0.0,0,1,MAB,WO2013001065A1,TECHNISCHE UNIVERSITÄT DRESDEN,False,False
PSCA|PSMA,CAR-T,UNRESOLVED,,ABSTAIN - no decisive readout,0,0.0,2,,UNRESOLVED_no_grounded_patents,0.0,0.0,0.0,0,0,,,,False,False
PSCA|STEAP1,CAR-T,UNRESOLVED,,ABSTAIN - no decisive readout,0,0.0,1,,UNRESOLVED_no_grounded_patents,0.0,0.0,0.0,0,0,,,,False,False
PSMA,ADC,UNRESOLVED,,ABSTAIN - no decisive readout,0,0.0,1,0.557,weighted_fto_deterministic,0.557,0.0,0.0,13,25,ADC|BISPECIFIC|MAB,WO2026096557A2,"JANUX THERAPEUTICS, INC.",True,False
PSMA,BISPECIFIC,UNRESOLVED,,ABSTAIN - no decisive readout,0,0.0,1,0.557,weighted_fto_deterministic,0.557,0.0,0.0,13,25,ADC|BISPECIFIC|MAB,WO2026096557A2,"JANUX THERAPEUTICS, INC.",True,False
PSMA-MMAE,ADC,UNRESOLVED,,ABSTAIN - no decisive readout,0,0.0,5,,UNRESOLVED_no_grounded_patents,0.0,0.0,0.0,0,0,,,,False,False
PSMA|CD137,BISPECIFIC,UNRESOLVED,,ABSTAIN - no decisive readout,0,0.0,0,0.0,weighted_fto_deterministic,0.0,0.0,0.0,1,1,BISPECIFIC,WO2026096576A1,"REGENERON PHARMACEUTICALS, INC.",True,False
PSMA|CD28,BISPECIFIC,UNRESOLVED,,ABSTAIN - no decisive readout,0,0.0,0,0.301,weighted_fto_deterministic,0.301,0.334,0.0,4,4,BISPECIFIC,WO2025030044A1,"REGENERON PHARMACEUTICALS, INC.",True,False
PSMA|CD3,MAB,UNRESOLVED,,ABSTAIN - no decisive readout,0,0.0,0,0.521,weighted_fto_deterministic,0.521,0.0,0.0,11,11,BISPECIFIC|MAB,WO2025171124A1,"REGENERON PHARMACEUTICALS, INC.",True,False
PSMA|CTLA-4,MAB,UNRESOLVED,,ABSTAIN - no decisive readout,0,0.0,1,,UNRESOLVED_no_grounded_patents,0.0,0.0,0.0,0,0,,,,False,False
PSMA|CTLA-4|PD-1,RADIOLIGAND,UNRESOLVED,,ABSTAIN - no decisive readout,0,0.0,1,,UNRESOLVED_no_grounded_patents,0.0,0.0,0.0,0,0,,,,False,False
PSMA|NECTIN2,BISPECIFIC,UNRESOLVED,,ABSTAIN - no decisive readout,0,0.0,0,0.0,weighted_fto_deterministic,0.0,0.0,0.0,0,1,BISPECIFIC,WO2024240902A1,FONDAZIONE PER L'ISTITUTO ONCOLOGICO DI RICERCA,True,False
PSMA|PD-1,RADIOLIGAND,UNRESOLVED,,ABSTAIN - no decisive readout,0,0.0,1,,UNRESOLVED_no_grounded_patents,0.0,0.0,0.0,0,0,,,,False,False
PSMA|TCR,BISPECIFIC,UNRESOLVED,,ABSTAIN - no decisive readout,0,0.0,0,0.0,weighted_fto_deterministic,0.0,0.0,0.0,1,1,BISPECIFIC,WO2024168279A2,"AMUNIX PHARMACEUTICALS, INC.",True,False
PSMA|TROP-2,ADC,UNRESOLVED,,ABSTAIN - no decisive readout,0,0.0,1,,UNRESOLVED_no_grounded_patents,0.0,0.0,0.0,0,0,,,,False,False
PSMA|TROP-2,UNCLASSIFIED,UNRESOLVED,,ABSTAIN - no decisive readout,0,0.0,1,,UNRESOLVED_no_grounded_patents,0.0,0.0,0.0,0,0,,,,False,False
PSMA|VEGF,MAB,UNRESOLVED,,ABSTAIN - no decisive readout,0,0.0,1,,UNRESOLVED_no_grounded_patents,0.0,0.0,0.0,0,0,,,,False,False
PTGFRN,MAB,UNRESOLVED,,ABSTAIN - no decisive readout,0,0.0,0,0.0,weighted_fto_deterministic,0.0,0.0,0.0,0,1,MAB,WO2024232668A1,INDUSTRY ACADEMY COOPERATION FOUNDATION OF SEJONG UNIVERSITY,True,False
PTK7,MAB,UNRESOLVED,,ABSTAIN - no decisive readout,0,0.0,0,0.239,weighted_fto_deterministic,0.239,0.388,0.0,3,5,MAB,WO2026029362A1,"UIF (UNIVERSITY INDUSTRY FOUNDATION), YONSEI UNIVERSITY",True,False
PTK7-AMANITIN,ADC,UNRESOLVED,,ABSTAIN - no decisive readout,0,0.0,0,0.0,weighted_fto_deterministic,0.0,0.0,0.0,0,1,ADC,WO2024078586A1,"SICHUAN KELUN-BIOTECH BIOPHARMACEUTICAL CO., LTD.",True,False
PTK7-BELOTECAN,ADC,UNRESOLVED,,ABSTAIN - no decisive readout,0,0.0,0,0.0,weighted_fto_deterministic,0.0,0.0,0.0,0,1,ADC,WO2024078586A1,"SICHUAN KELUN-BIOTECH BIOPHARMACEUTICAL CO., LTD.",True,False
PTK7-DOXORUBICIN,ADC,UNRESOLVED,,ABSTAIN - no decisive readout,0,0.0,0,0.0,weighted_fto_deterministic,0.0,0.0,0.0,0,1,ADC,WO2024078586A1,"SICHUAN KELUN-BIOTECH BIOPHARMACEUTICAL CO., LTD.",True,False
PTK7-DUOCARMYCIN,ADC,UNRESOLVED,,ABSTAIN - no decisive readout,0,0.0,0,0.0,weighted_fto_deterministic,0.0,0.0,0.0,0,1,ADC,WO2024078586A1,"SICHUAN KELUN-BIOTECH BIOPHARMACEUTICAL CO., LTD.",True,False
PTK7-EXATECAN,ADC,UNRESOLVED,,ABSTAIN - no decisive readout,0,0.0,3,,UNRESOLVED_no_grounded_patents,0.0,0.0,0.0,0,0,,,,False,False
PTK7-MAYTANSINOID,ADC,UNRESOLVED,,ABSTAIN - no decisive readout,0,0.0,0,0.0,weighted_fto_deterministic,0.0,0.0,0.0,0,1,ADC,WO2024078586A1,"SICHUAN KELUN-BIOTECH BIOPHARMACEUTICAL CO., LTD.",True,False
PTK7-PBD,ADC,UNRESOLVED,,ABSTAIN - no decisive readout,0,0.0,0,0.0,weighted_fto_deterministic,0.0,0.0,0.0,0,1,ADC,WO2024078586A1,"SICHUAN KELUN-BIOTECH BIOPHARMACEUTICAL CO., LTD.",True,False
PTK7-SN38,ADC,UNRESOLVED,,ABSTAIN - no decisive readout,0,0.0,0,0.0,weighted_fto_deterministic,0.0,0.0,0.0,0,1,ADC,WO2024078586A1,"SICHUAN KELUN-BIOTECH BIOPHARMACEUTICAL CO., LTD.",True,False
PTK7-TOP1I,ADC,UNRESOLVED,,ABSTAIN - no decisive readout,0,0.0,1,,UNRESOLVED_no_grounded_patents,0.0,0.0,0.0,0,0,,,,False,False
PTK7-TOPOTECAN,ADC,UNRESOLVED,,ABSTAIN - no decisive readout,0,0.0,0,0.0,weighted_fto_deterministic,0.0,0.0,0.0,0,1,ADC,WO2024078586A1,"SICHUAN KELUN-BIOTECH BIOPHARMACEUTICAL CO., LTD.",True,False
PVR,MAB,UNRESOLVED,,ABSTAIN - no decisive readout,0,0.0,0,0.0,weighted_fto_deterministic,0.0,0.0,0.0,1,1,MAB,WO2024047654A1,NECTIN THERAPEUTICS LTD.,True,False
PVRIG,MAB,UNRESOLVED,,ABSTAIN - no decisive readout,0,0.0,0,0.084,weighted_fto_deterministic,0.0,0.334,0.0,1,4,MAB,WO2024046245A1,"CSPC MEGALITH BIOPHARMACEUTICAL CO., LTD.",True,False
PVRIG|TIGIT,BISPECIFIC,UNRESOLVED,,ABSTAIN - no decisive readout,0,0.0,0,0.0,weighted_fto_deterministic,0.0,0.0,0.0,1,1,BISPECIFIC,WO2019232484A1,COMPUGEN LTD,True,False
QSOX1,MAB,UNRESOLVED,,ABSTAIN - no decisive readout,0,0.0,0,0.0,weighted_fto_deterministic,0.0,0.0,0.0,0,1,MAB,WO2022132859A1,ARIZONA BOARD OF REGENTS ON BEHALF OF ARIZONA STATE UNIVERSITY,True,False
RET,MAB,UNRESOLVED,,ABSTAIN - no decisive readout,0,0.0,0,0.0,weighted_fto_deterministic,0.0,0.0,0.0,1,1,MAB,WO2020210551A1,"REGENERON PHARMACEUTICALS, INC.",True,False
ROBO1,MAB,UNRESOLVED,,ABSTAIN - no decisive readout,0,0.0,0,0.0,weighted_fto_deterministic,0.0,0.0,0.0,0,1,MAB,WO2010131590A1,MOLECULAR DYNAMICS FOR ANTIBODY DRUG DEVELOPMENT ALLIANCE COOPERATION,True,False
ROBO2,MAB,UNRESOLVED,,ABSTAIN - no decisive readout,0,0.0,0,0.0,weighted_fto_deterministic,0.0,0.0,0.0,1,1,MAB,WO2026085095A1,YALE UNIVERSITY,True,False
ROBO4,MAB,UNRESOLVED,,ABSTAIN - no decisive readout,0,0.0,0,0.0,weighted_fto_deterministic,0.0,0.0,0.0,1,1,MAB,WO2023156437A1,INSERM (INSTITUT NATIONAL DE LA SANTÉ ET DE LA RECHERCHE MÉDICALE),True,False
RON,MAB,UNRESOLVED,,ABSTAIN - no decisive readout,0,0.0,0,0.066,weighted_fto_deterministic,0.0,0.265,0.0,1,3,MAB,WO2018052789A1,"PCM TARGETECH, LLC",True,False
ROR1,BISPECIFIC,UNRESOLVED,,ABSTAIN - no decisive readout,0,0.0,1,0.54,weighted_fto_deterministic,0.54,0.265,0.0,12,16,ADC|BISPECIFIC|MAB,WO2025019787A1,"EXELIXIS, INC.",True,False
ROR1,UNCLASSIFIED,UNRESOLVED,,ABSTAIN - no decisive readout,0,0.0,1,,UNRESOLVED_no_grounded_patents,0.54,0.0,0.0,12,16,ADC|BISPECIFIC|MAB,WO2025019787A1,"EXELIXIS, INC.",False,False
ROR1-AMANITIN,ADC,UNRESOLVED,,ABSTAIN - no decisive readout,0,0.0,0,0.0,weighted_fto_deterministic,0.0,0.0,0.0,1,1,ADC,WO2021044208A1,"LEGOCHEM BIOSCIENCES, INC.",True,False
ROR1-AURISTATIN,ADC,UNRESOLVED,,ABSTAIN - no decisive readout,0,0.0,0,0.0,weighted_fto_deterministic,0.0,0.0,0.0,1,1,ADC,WO2021044208A1,"LEGOCHEM BIOSCIENCES, INC.",True,False
ROR1-CALICHEAMICIN,ADC,UNRESOLVED,,ABSTAIN - no decisive readout,0,0.0,0,0.151,weighted_fto_deterministic,0.151,0.167,0.0,2,2,ADC,WO2021044208A1,"LEGOCHEM BIOSCIENCES, INC.",True,False
ROR1-DM1,ADC,UNRESOLVED,,ABSTAIN - no decisive readout,0,0.0,0,0.0,weighted_fto_deterministic,0.0,0.0,0.0,1,1,ADC,WO2018119314A1,ARDEAGEN CORPORATION,True,False
ROR1-DM4,ADC,UNRESOLVED,,ABSTAIN - no decisive readout,0,0.0,0,0.0,weighted_fto_deterministic,0.0,0.0,0.0,1,1,ADC,WO2018119314A1,ARDEAGEN CORPORATION,True,False
ROR1-DOXORUBICIN,ADC,UNRESOLVED,,ABSTAIN - no decisive readout,0,0.0,0,0.0,weighted_fto_deterministic,0.0,0.0,0.0,1,1,ADC,WO2021044208A1,"LEGOCHEM BIOSCIENCES, INC.",True,False
ROR1-DUOCARMYCIN,ADC,UNRESOLVED,,ABSTAIN - no decisive readout,0,0.0,0,0.151,weighted_fto_deterministic,0.151,0.167,0.0,2,2,ADC,WO2021044208A1,"LEGOCHEM BIOSCIENCES, INC.",True,False
ROR1-MAYTANSINOID,ADC,UNRESOLVED,,ABSTAIN - no decisive readout,0,0.0,0,0.0,weighted_fto_deterministic,0.0,0.0,0.0,1,1,ADC,WO2021044208A1,"LEGOCHEM BIOSCIENCES, INC.",True,False
ROR1-MMAF,ADC,UNRESOLVED,,ABSTAIN - no decisive readout,0,0.0,0,0.0,weighted_fto_deterministic,0.0,0.0,0.0,1,1,ADC,WO2018119314A1,ARDEAGEN CORPORATION,True,False
ROR1-PBD,ADC,UNRESOLVED,,ABSTAIN - no decisive readout,0,0.0,0,0.151,weighted_fto_deterministic,0.151,0.167,0.0,2,2,ADC,WO2021044208A1,"LEGOCHEM BIOSCIENCES, INC.",True,False
ROR1-TOPOTECAN,ADC,UNRESOLVED,,ABSTAIN - no decisive readout,0,0.0,0,0.0,weighted_fto_deterministic,0.0,0.0,0.0,1,1,ADC,WO2021044208A1,"LEGOCHEM BIOSCIENCES, INC.",True,False
ROR1-TUBULYSIN,ADC,UNRESOLVED,,ABSTAIN - no decisive readout,0,0.0,0,0.151,weighted_fto_deterministic,0.151,0.167,0.0,2,2,ADC,WO2021044208A1,"LEGOCHEM BIOSCIENCES, INC.",True,False
ROR1-UNDISCLOSED,ADC,UNRESOLVED,,ABSTAIN - no decisive readout,0,0.0,1,,UNRESOLVED_no_grounded_patents,0.0,0.0,0.0,0,0,,,,False,False
ROR1|CD137,BISPECIFIC,UNRESOLVED,,ABSTAIN - no decisive readout,0,0.0,0,0.088,weighted_fto_deterministic,0.0,0.167,0.232,1,2,BISPECIFIC,WO2025051220A1,"TJ BIOPHARMA (SHANGHAI) CO., LTD.",True,False
ROR1|CD3,BISPECIFIC,UNRESOLVED,,ABSTAIN - no decisive readout,0,0.0,0,0.477,weighted_fto_deterministic,0.477,0.53,0.0,9,9,BISPECIFIC,WO2023206985A1,"SHANDONG BOAN BIOTECHNOLOGY CO., LTD.",True,False
ROR1|CD3,BITE,UNRESOLVED,,ABSTAIN - no decisive readout,0,0.0,1,,UNRESOLVED_no_grounded_patents,0.477,0.0,0.0,9,9,BISPECIFIC,WO2023206985A1,"SHANDONG BOAN BIOTECHNOLOGY CO., LTD.",False,False
ROR1|CD79B|CD20,ADC,UNRESOLVED,,ABSTAIN - no decisive readout,0,0.0,1,,UNRESOLVED_no_grounded_patents,0.0,0.0,0.0,0,0,,,,False,False
ROR1|PD-1,ADC,UNRESOLVED,,ABSTAIN - no decisive readout,0,0.0,1,,UNRESOLVED_no_grounded_patents,0.0,0.0,0.0,0,0,,,,False,False
ROR1|ROR2,BISPECIFIC,UNRESOLVED,,ABSTAIN - no decisive readout,0,0.0,0,0.042,weighted_fto_deterministic,0.0,0.167,0.0,1,2,BISPECIFIC,WO2023000791A1,"ZHEJIANG SHIMAI PHARMACEUTICAL CO., LTD.",True,False
ROR1|TCR,BISPECIFIC,UNRESOLVED,,ABSTAIN - no decisive readout,0,0.0,0,0.151,weighted_fto_deterministic,0.151,0.265,0.0,2,3,BISPECIFIC,WO2023247731A1,ALMAC DISCOVERY LIMITED,True,False
ROR2,MAB,UNRESOLVED,,ABSTAIN - no decisive readout,0,0.0,0,0.151,weighted_fto_deterministic,0.151,0.265,0.0,2,3,MAB,WO2024182475A2,"PHANES THERAPEUTICS, INC.",True,False
ROR2-CALICHEAMICIN,ADC,UNRESOLVED,,ABSTAIN - no decisive readout,0,0.0,0,0.0,weighted_fto_deterministic,0.0,0.0,0.0,0,1,ADC,WO2023164618A1,"BIOATLA, INC.",True,False
ROR2-MAYTANSINOID,ADC,UNRESOLVED,,ABSTAIN - no decisive readout,0,0.0,0,0.0,weighted_fto_deterministic,0.0,0.0,0.0,0,1,ADC,WO2023164618A1,"BIOATLA, INC.",True,False
ROR2-MMAE,ADC,UNRESOLVED,,ABSTAIN - no decisive readout,0,0.0,1,0.0,weighted_fto_deterministic,0.0,0.0,0.0,0,1,ADC,WO2023164618A1,"BIOATLA, INC.",True,False
ROR2-PBD,ADC,UNRESOLVED,,ABSTAIN - no decisive readout,0,0.0,0,0.0,weighted_fto_deterministic,0.0,0.0,0.0,0,1,ADC,WO2023164618A1,"BIOATLA, INC.",True,False
ROR2|CD3,BISPECIFIC,UNRESOLVED,,ABSTAIN - no decisive readout,0,0.0,0,0.151,weighted_fto_deterministic,0.151,0.167,0.0,2,2,BISPECIFIC,WO2022069724A1,GENMAB A/S,True,False
ROS1,MAB,UNRESOLVED,,ABSTAIN - no decisive readout,0,0.0,0,0.0,weighted_fto_deterministic,0.0,0.0,0.0,1,1,MAB,WO2019107671A1,SEOUL NATIONAL UNIVERSITY R & DB FOUNDATION,True,False
RTL1,MAB,UNRESOLVED,,ABSTAIN - no decisive readout,0,0.0,0,0.0,weighted_fto_deterministic,0.0,0.0,0.0,0,1,MAB,WO2024176199A1,"EMTIAZI, NIKOO",True,False
S100A4,MAB,UNRESOLVED,,ABSTAIN - no decisive readout,0,0.0,0,0.0,weighted_fto_deterministic,0.0,0.0,0.0,1,1,MAB,WO2014068300A1,CANCER RESEARCH TECHNOLOGY LIMITED,True,False
S100A7,MAB,UNRESOLVED,,ABSTAIN - no decisive readout,0,0.0,0,0.0,weighted_fto_deterministic,0.0,0.0,0.0,0,1,MAB,WO2014167030A1,"LYKERA BIOMED, S.A.",True,False
S100A8,MAB,UNRESOLVED,,ABSTAIN - no decisive readout,0,0.0,0,0.0,weighted_fto_deterministic,0.0,0.0,0.0,1,1,MAB,WO2017045070A1,UNIVERSITE LAVAL,True,False
S100A8|S100A9,MAB,UNRESOLVED,,ABSTAIN - no decisive readout,0,0.0,0,0.0,weighted_fto_deterministic,0.0,0.0,0.0,0,1,MAB,WO2019208290A1,NATIONAL UNIVERSITY CORPORATION OKAYAMA UNIVERSITY,True,False
S100P,MAB,UNRESOLVED,,ABSTAIN - no decisive readout,0,0.0,0,0.0,weighted_fto_deterministic,0.0,0.0,0.0,0,1,MAB,WO2012098124A1,LYKERA BIOMED SA,True,False
SAT1,MAB,UNRESOLVED,,ABSTAIN - no decisive readout,0,0.0,0,0.0,weighted_fto_deterministic,0.0,0.0,0.0,0,1,MAB,WO2014117272A1,BIOMARK TECHNOLOGIES INC.,True,False
SCG3,MAB,UNRESOLVED,,ABSTAIN - no decisive readout,0,0.0,0,0.0,weighted_fto_deterministic,0.0,0.0,0.0,1,1,MAB,WO2018089305A1,UNIVERSITY OF MIAMI,True,False
SCLEROSTIN,MAB,UNRESOLVED,,ABSTAIN - no decisive readout,0,0.0,0,0.0,weighted_fto_deterministic,0.0,0.0,0.0,0,1,MAB,WO2015087187A1,RINAT NEUROSCIENCE CORP.,True,False
SCUBE3,MAB,UNRESOLVED,,ABSTAIN - no decisive readout,0,0.0,0,0.0,weighted_fto_deterministic,0.0,0.0,0.0,0,1,MAB,WO2025090760A1,"BOARD OF REGENTS, THE UNIVERSITY OF TEXAS SYSTEM",True,False
SEMA4D,MAB,UNRESOLVED,,ABSTAIN - no decisive readout,0,0.0,0,0.0,weighted_fto_deterministic,0.0,0.0,0.0,1,1,MAB,WO2018175179A1,"VACCINEX, INC.",True,False
SEMAPHORIN,MAB,UNRESOLVED,,ABSTAIN - no decisive readout,0,0.0,0,0.0,weighted_fto_deterministic,0.0,0.0,0.0,0,1,MAB,WO2014123186A1,YOKOHAMA CITY UNIVERSITY,True,False
SEMG2,MAB,UNRESOLVED,,ABSTAIN - no decisive readout,0,0.0,0,0.0,weighted_fto_deterministic,0.0,0.0,0.0,1,1,MAB,WO2021147954A1,"SHANGHAI BIOTROY BIOTECHNIQUE CO., LTD.",True,False
SEZ6,MAB,UNRESOLVED,,ABSTAIN - no decisive readout,0,0.0,0,0.0,weighted_fto_deterministic,0.0,0.0,0.0,0,1,MAB,WO2019232241A1,ABBVIE STEMCENTRX LLC,True,False
SFRP2,MAB,UNRESOLVED,,ABSTAIN - no decisive readout,0,0.0,0,0.0,weighted_fto_deterministic,0.0,0.0,0.0,0,1,MAB,WO2025199292A1,MUSC FOUNDATION FOR RESEARCH DEVELOPMENT,True,False
SHH,MAB,UNRESOLVED,,ABSTAIN - no decisive readout,0,0.0,0,0.0,weighted_fto_deterministic,0.0,0.0,0.0,0,1,MAB,WO2018005697A1,THE REGENTS OF THE UNIVERSITY OF CALIFORNIA,True,False
SIALYL-TN,MAB,UNRESOLVED,,ABSTAIN - no decisive readout,0,0.0,0,0.0,weighted_fto_deterministic,0.0,0.0,0.0,1,1,MAB,WO2026072787A1,"TEGMINE THERAPEUTICS, INC.",True,False
SIGLEC-10,MAB,UNRESOLVED,,ABSTAIN - no decisive readout,0,0.0,0,0.151,weighted_fto_deterministic,0.151,0.167,0.0,2,2,MAB,WO2024006820A1,ALLAKOS INC.,True,False
SIGLEC-15,MAB,UNRESOLVED,,ABSTAIN - no decisive readout,0,0.0,0,0.042,weighted_fto_deterministic,0.0,0.167,0.0,1,2,MAB,WO2022237819A1,"INNOVENT BIOLOGICS (SUZHOU) CO., LTD.",True,False
SIGLEC-7,MAB,UNRESOLVED,,ABSTAIN - no decisive readout,0,0.0,0,0.151,weighted_fto_deterministic,0.151,0.167,0.0,2,2,MAB,WO2019140273A1,"ALLAKOS, INC.",True,False
SIGLEC-9,MAB,UNRESOLVED,,ABSTAIN - no decisive readout,0,0.0,0,0.151,weighted_fto_deterministic,0.151,0.167,0.0,2,2,MAB,WO2021094545A1,MEMO THERAPEUTICS AG,True,False
SIRP-ALPHA,MAB,UNRESOLVED,,ABSTAIN - no decisive readout,0,0.0,1,0.0,weighted_fto_deterministic,0.0,0.0,0.0,1,1,MAB,WO2025085857A1,"ELECTRA THERAPEUTICS, INC.",True,False
SIRP-ALPHA|PD-L1,BISPECIFIC,UNRESOLVED,,ABSTAIN - no decisive readout,0,0.0,0,0.0,weighted_fto_deterministic,0.0,0.0,0.0,1,1,BISPECIFIC,WO2022127901A1,"LANOVA MEDICINES DEVELOPMENT CO., LTD.",True,False
SLAM,MAB,UNRESOLVED,,ABSTAIN - no decisive readout,0,0.0,0,0.151,weighted_fto_deterministic,0.151,0.167,0.0,2,2,MAB,WO2026073347A1,INSTITUT DE RECHERCHES CLINIQUES DE MONTRÉAL,True,False
SLAMF6,MAB,UNRESOLVED,,ABSTAIN - no decisive readout,0,0.0,0,0.0,weighted_fto_deterministic,0.0,0.0,0.0,0,1,MAB,WO2017004330A1,"SEATTLE GENETICS, INC.",True,False
SLAMF7,MAB,UNRESOLVED,,ABSTAIN - no decisive readout,0,0.0,0,0.0,weighted_fto_deterministic,0.0,0.0,0.0,1,1,MAB,WO2026006370A1,"IMMUNITYBIO, INC.",True,False
SLC6A6,MAB,UNRESOLVED,,ABSTAIN - no decisive readout,0,0.0,0,0.0,weighted_fto_deterministic,0.0,0.0,0.0,0,1,MAB,WO2015129919A1,ORDER-MADE MEDICAL RESEARCH INC.,True,False
SORL1,MAB,UNRESOLVED,,ABSTAIN - no decisive readout,0,0.0,0,0.0,weighted_fto_deterministic,0.0,0.0,0.0,0,1,MAB,WO2012008595A1,"SEKISUI MEDICAL CO., LTD.",True,False
SOX10,MAB,UNRESOLVED,,ABSTAIN - no decisive readout,0,0.0,0,0.0,weighted_fto_deterministic,0.0,0.0,0.0,1,1,MAB,WO2015051320A2,"BIOCARE MEDICAL, LLC",True,False
SPARC,MAB,UNRESOLVED,,ABSTAIN - no decisive readout,0,0.0,0,0.0,weighted_fto_deterministic,0.0,0.0,0.0,0,1,MAB,WO2011153431A2,"ABRAXIS BIOSCIENCE, LLC",True,False
SSEA-4,MAB,UNRESOLVED,,ABSTAIN - no decisive readout,0,0.0,0,0.042,weighted_fto_deterministic,0.0,0.167,0.0,0,2,MAB,WO2020072593A1,"OBI PHARMA, INC.",True,False
ST2|IL-33,MAB,UNRESOLVED,,ABSTAIN - no decisive readout,0,0.0,0,0.0,weighted_fto_deterministic,0.0,0.0,0.0,0,1,MAB,WO2026007411A1,GUANGZHOU MEDICAL UNIVERSITY,True,False
STAT3,MAB,UNRESOLVED,,ABSTAIN - no decisive readout,0,0.0,0,0.0,weighted_fto_deterministic,0.0,0.0,0.0,1,1,MAB,WO2017189588A1,"SORRENTO THERAPEUTICS, INC.",True,False
STEAP1-TOP1I,ADC,UNRESOLVED,,ABSTAIN - no decisive readout,0,0.0,1,,UNRESOLVED_no_grounded_patents,0.0,0.0,0.0,0,0,,,,False,False
STEAP1|CD3,BISPECIFIC,UNRESOLVED,,ABSTAIN - no decisive readout,0,0.0,8,,UNRESOLVED_no_grounded_patents,0.0,0.0,0.0,0,0,,,,False,False
STEAP2,CAR-T,UNRESOLVED,,ABSTAIN - no decisive readout,0,0.0,1,,UNRESOLVED_no_grounded_patents,0.0,0.0,0.0,1,2,MAB,WO2024214028A1,"MEDIMMUNE, LLC",False,False
STEAP2,MAB,UNRESOLVED,,ABSTAIN - no decisive readout,0,0.0,0,0.042,weighted_fto_deterministic,0.0,0.167,0.0,1,2,MAB,WO2024214028A1,"MEDIMMUNE, LLC",True,False
STEAP2,UNCLASSIFIED,UNRESOLVED,,ABSTAIN - no decisive readout,0,0.0,2,,UNRESOLVED_no_grounded_patents,0.0,0.0,0.0,1,2,MAB,WO2024214028A1,"MEDIMMUNE, LLC",False,False
STEAP2-EXATECAN,ADC,UNRESOLVED,,ABSTAIN - no decisive readout,0,0.0,1,,UNRESOLVED_no_grounded_patents,0.0,0.0,0.0,0,0,,,,False,False
STEAP2|CD3-DM1,BISPECIFIC,UNRESOLVED,,ABSTAIN - no decisive readout,0,0.0,0,0.0,weighted_fto_deterministic,0.0,0.0,0.0,1,1,BISPECIFIC,WO2018058001A1,"REGENERON PHARMACEUTICALS, INC.",True,False
STEAP2|CD3-DM4,BISPECIFIC,UNRESOLVED,,ABSTAIN - no decisive readout,0,0.0,0,0.0,weighted_fto_deterministic,0.0,0.0,0.0,1,1,BISPECIFIC,WO2018058001A1,"REGENERON PHARMACEUTICALS, INC.",True,False
STEAP2|CD3-MMAE,BISPECIFIC,UNRESOLVED,,ABSTAIN - no decisive readout,0,0.0,0,0.0,weighted_fto_deterministic,0.0,0.0,0.0,1,1,BISPECIFIC,WO2018058001A1,"REGENERON PHARMACEUTICALS, INC.",True,False
STEAP2|CD3-MMAF,BISPECIFIC,UNRESOLVED,,ABSTAIN - no decisive readout,0,0.0,0,0.0,weighted_fto_deterministic,0.0,0.0,0.0,1,1,BISPECIFIC,WO2018058001A1,"REGENERON PHARMACEUTICALS, INC.",True,False
STEAP2|CD3-TUBULYSIN,BISPECIFIC,UNRESOLVED,,ABSTAIN - no decisive readout,0,0.0,0,0.0,weighted_fto_deterministic,0.0,0.0,0.0,1,1,BISPECIFIC,WO2018058001A1,"REGENERON PHARMACEUTICALS, INC.",True,False
SULFATED GLYCOSAMINOGLYCAN,MAB,UNRESOLVED,,ABSTAIN - no decisive readout,0,0.0,0,0.0,weighted_fto_deterministic,0.0,0.0,0.0,0,1,MAB,WO2018235855A1,SAVID THERAPEUTICS INC.,True,False
SURVIVIN,MAB,UNRESOLVED,,ABSTAIN - no decisive readout,0,0.0,0,0.0,weighted_fto_deterministic,0.0,0.0,0.0,1,1,MAB,WO2025250600A1,"MIMIVAX, INC.",True,False
TCR,BISPECIFIC,UNRESOLVED,,ABSTAIN - no decisive readout,0,0.0,2,0.521,weighted_fto_deterministic,0.521,0.0,0.0,11,23,BISPECIFIC|MAB,WO2025045018A1,"NANJING LEGEND BIOTECH CO., LTD.",True,False
TCR|CD3,BISPECIFIC,UNRESOLVED,,ABSTAIN - no decisive readout,0,0.0,0,0.301,weighted_fto_deterministic,0.301,0.388,0.0,4,5,BISPECIFIC,WO2026097082A1,"CROSSBOW THERAPEUTICS, INC.",True,False
TEAD1,OUT_OF_SCOPE,UNRESOLVED,,ABSTAIN - no decisive readout,0,0.0,1,,UNRESOLVED_no_grounded_patents,0.0,0.0,0.0,0,0,,,,False,False
TEM1,MAB,UNRESOLVED,,ABSTAIN - no decisive readout,0,0.0,0,0.239,weighted_fto_deterministic,0.239,0.265,0.0,3,3,MAB,WO2022192358A1,LUDWIG INSTITUTE FOR CANCER RESEARCH LTD,True,False
TEM8,MAB,UNRESOLVED,,ABSTAIN - no decisive readout,0,0.0,0,0.042,weighted_fto_deterministic,0.0,0.167,0.0,1,2,MAB,WO2015191623A1,"BIOMED VALLEY DISCOVERIES, INC.",True,False
TENASCIN-C,MAB,UNRESOLVED,,ABSTAIN - no decisive readout,0,0.0,0,0.0,weighted_fto_deterministic,0.0,0.0,0.0,1,1,MAB,WO2017178569A1,PHILOGEN S.P.A,True,False
TENASCIN-C|FIBRONECTIN,MAB,UNRESOLVED,,ABSTAIN - no decisive readout,0,0.0,0,0.0,weighted_fto_deterministic,0.0,0.0,0.0,1,1,MAB,WO2011015333A2,PHILOGEN S.P.A.,True,False
TERT,MAB,UNRESOLVED,,ABSTAIN - no decisive readout,0,0.0,0,0.0,weighted_fto_deterministic,0.0,0.0,0.0,0,1,MAB,WO2019197974A1,MOR RESEARCH APPLICATIONS LTD.,True,False
TFR1,MAB,UNRESOLVED,,ABSTAIN - no decisive readout,0,0.0,0,0.239,weighted_fto_deterministic,0.239,0.432,0.0,3,6,MAB,WO2026054294A1,DAEGU GYEONGBUK INSTITUTE OF SCIENCE AND TECHNOLOGY,True,False
TGF-BETA1|PD-L1,BISPECIFIC,UNRESOLVED,,ABSTAIN - no decisive readout,0,0.0,0,0.0,weighted_fto_deterministic,0.0,0.0,0.0,1,1,BISPECIFIC,WO2021104434A1,"SHANGHAI EPIMAB BIOTHERAPEUTICS CO., LTD.",True,False
TGF-BETA1|TGF-BETA3,OUT_OF_SCOPE,UNRESOLVED,,ABSTAIN - no decisive readout,0,0.0,1,,UNRESOLVED_no_grounded_patents,0.0,0.0,0.0,0,0,,,,False,False
THY1,MAB,UNRESOLVED,,ABSTAIN - no decisive readout,0,0.0,0,0.0,weighted_fto_deterministic,0.0,0.0,0.0,1,1,MAB,WO2017214050A1,THE BOARD OF TRUSTEES OF THE LELAND STANFORD JUNIOR UNIVERSITY,True,False
TIE2,MAB,UNRESOLVED,,ABSTAIN - no decisive readout,0,0.0,0,0.0,weighted_fto_deterministic,0.0,0.0,0.0,0,1,MAB,WO2021029746A2,PHARMABCINE INC.,True,False
TIGIT,BISPECIFIC,UNRESOLVED,,ABSTAIN - no decisive readout,0,0.0,1,0.739,weighted_fto_deterministic,0.739,0.167,0.0,30,46,BISPECIFIC|MAB,WO2025255297A1,"AGILENT TECHNOLOGIES, INC.",True,False
TIGIT,UNCLASSIFIED,UNRESOLVED,,ABSTAIN - no decisive readout,0,0.0,3,,UNRESOLVED_no_grounded_patents,0.739,0.0,0.0,30,46,BISPECIFIC|MAB,WO2025255297A1,"AGILENT TECHNOLOGIES, INC.",False,False
TIGIT|CD137,BISPECIFIC,UNRESOLVED,,ABSTAIN - no decisive readout,0,0.0,0,0.0,weighted_fto_deterministic,0.0,0.0,0.0,1,1,BISPECIFIC,WO2025188136A1,"ABL BIO, INC.",True,False
TIGIT|CD3,BISPECIFIC,UNRESOLVED,,ABSTAIN - no decisive readout,0,0.0,0,0.0,weighted_fto_deterministic,0.0,0.0,0.0,1,1,BISPECIFIC,WO2025061165A1,"LAEKNA PHARMACEUTICAL NINGBO CO., LTD.",True,False
TIGIT|IL-4,BISPECIFIC,UNRESOLVED,,ABSTAIN - no decisive readout,0,0.0,0,0.0,weighted_fto_deterministic,0.0,0.0,0.0,1,1,BISPECIFIC,WO2016191643A2,"ONCOMED PHARMACEUTICALS, INC.",True,False
TIGIT|PD-1,BISPECIFIC,UNRESOLVED,,ABSTAIN - no decisive readout,0,0.0,0,0.196,weighted_fto_deterministic,0.151,0.265,0.232,2,3,BISPECIFIC,WO2025188697A1,AGENUS INC.,True,False
TIGIT|PD-L1,BISPECIFIC,UNRESOLVED,,ABSTAIN - no decisive readout,0,0.0,0,0.151,weighted_fto_deterministic,0.151,0.265,0.0,2,3,BISPECIFIC,WO2025183487A1,YUHAN CORPORATION,True,False
TIGIT|PD-L1,MAB,UNRESOLVED,,ABSTAIN - no decisive readout,0,0.0,1,,UNRESOLVED_no_grounded_patents,0.151,0.0,0.0,2,3,BISPECIFIC,WO2025183487A1,YUHAN CORPORATION,False,False
TIM-3|PD-1,BISPECIFIC,UNRESOLVED,,ABSTAIN - no decisive readout,0,0.0,0,0.171,weighted_fto_deterministic,0.151,0.167,0.232,2,2,BISPECIFIC,WO2025077833A1,"SUZHOU NEOLOGICS BIOSCIENCE CO., LTD.",True,False
TIM-3|PD-1|LAG-3,MAB,UNRESOLVED,,ABSTAIN - no decisive readout,0,0.0,1,,UNRESOLVED_no_grounded_patents,0.0,0.0,0.0,0,0,,,,False,False
TIMP4,MAB,UNRESOLVED,,ABSTAIN - no decisive readout,0,0.0,0,0.0,weighted_fto_deterministic,0.0,0.0,0.0,0,1,MAB,WO2015116689A1,LANKENAU INSTITUTE FOR MEDICAL RESEARCH,True,False
TIP-1,MAB,UNRESOLVED,,ABSTAIN - no decisive readout,0,0.0,0,0.151,weighted_fto_deterministic,0.151,0.167,0.0,2,2,MAB,WO2023287941A2,"MEDICAL GUIDANCE SYSTEMS, LLC",True,False
TISSUE FACTOR-AURISTATIN,ADC,UNRESOLVED,,ABSTAIN - no decisive readout,0,0.0,1,,UNRESOLVED_no_grounded_patents,0.0,0.0,0.0,0,0,,,,False,False
TISSUE FACTOR-EXATECAN,ADC,UNRESOLVED,,ABSTAIN - no decisive readout,0,0.0,1,,UNRESOLVED_no_grounded_patents,0.0,0.0,0.0,0,0,,,,False,False
TISSUE FACTOR-MMAE,ADC,UNRESOLVED,,ABSTAIN - no decisive readout,0,0.0,8,0.066,weighted_fto_deterministic,0.0,0.265,0.0,0,3,ADC,WO2021089794A1,GENMAB A/S,True,False
TISSUE FACTOR|TROP-2,ADC,UNRESOLVED,,ABSTAIN - no decisive readout,0,0.0,1,,UNRESOLVED_no_grounded_patents,0.0,0.0,0.0,0,0,,,,False,False
TLR9,OUT_OF_SCOPE,UNRESOLVED,,ABSTAIN - no decisive readout,0,0.0,1,,UNRESOLVED_no_grounded_patents,0.0,0.0,0.0,0,0,,,,False,False
TM4SF4,MAB,UNRESOLVED,,ABSTAIN - no decisive readout,0,0.0,0,0.066,weighted_fto_deterministic,0.0,0.265,0.0,1,3,MAB,WO2024128867A1,KOREA ATOMIC ENERGY RESEARCH INSTITUTE,True,False
TM4SF5,MAB,UNRESOLVED,,ABSTAIN - no decisive readout,0,0.0,0,0.0,weighted_fto_deterministic,0.0,0.0,0.0,1,1,MAB,WO2014133316A1,"INDUSTRY ACADEMIC COOPERATION FOUNDATION, HALLYM UNIVERSITY",True,False
TMCC3,MAB,UNRESOLVED,,ABSTAIN - no decisive readout,0,0.0,0,0.0,weighted_fto_deterministic,0.0,0.0,0.0,1,1,MAB,WO2024144806A1,DEVELOPMENT CENTER FOR BIOTECHNOLOGY,True,False
TMEM132A,MAB,UNRESOLVED,,ABSTAIN - no decisive readout,0,0.0,0,0.0,weighted_fto_deterministic,0.0,0.0,0.0,1,1,MAB,WO2018034259A1,NATIONAL CANCER CENTER JAPAN,True,False
TMEM176B,MAB,UNRESOLVED,,ABSTAIN - no decisive readout,0,0.0,0,0.0,weighted_fto_deterministic,0.0,0.0,0.0,0,1,MAB,WO2025108184A1,XIAMEN UNIVERSITY,True,False
TMEM180,MAB,UNRESOLVED,,ABSTAIN - no decisive readout,0,0.0,0,0.0,weighted_fto_deterministic,0.0,0.0,0.0,1,1,MAB,WO2017154868A1,NATIONAL CANCER CENTER JAPAN,True,False
TMEM219,MAB,UNRESOLVED,,ABSTAIN - no decisive readout,0,0.0,0,0.0,weighted_fto_deterministic,0.0,0.0,0.0,1,1,MAB,WO2025215235A1,ENTHERA S.R.L.,True,False
TMIGD2,MAB,UNRESOLVED,,ABSTAIN - no decisive readout,0,0.0,0,0.0,weighted_fto_deterministic,0.0,0.0,0.0,0,1,MAB,WO2014100823A1,"AMPLIMMUNE, INC.",True,False
TMPRSS11E,MAB,UNRESOLVED,,ABSTAIN - no decisive readout,0,0.0,0,0.0,weighted_fto_deterministic,0.0,0.0,0.0,1,1,MAB,WO2010119691A1,THE UNIVERSITY OF TOKYO,True,False
TN ANTIGEN,MAB,UNRESOLVED,,ABSTAIN - no decisive readout,0,0.0,0,0.0,weighted_fto_deterministic,0.0,0.0,0.0,1,1,MAB,WO2021072244A1,"BETH ISRAEL DEACONESS MEDICAL CENTER, INC.",True,False
TNFR2,MAB,UNRESOLVED,,ABSTAIN - no decisive readout,0,0.0,1,0.521,weighted_fto_deterministic,0.521,0.684,0.0,11,17,MAB,WO2026022721A1,"JANSSEN BIOTECH, INC.",True,False
TNFR2|CD25,BISPECIFIC,UNRESOLVED,,ABSTAIN - no decisive readout,0,0.0,0,0.0,weighted_fto_deterministic,0.0,0.0,0.0,1,1,BISPECIFIC,WO2026006809A1,"ODYSSEY THERAPEUTICS, INC.",True,False
TOX3,MAB,UNRESOLVED,,ABSTAIN - no decisive readout,0,0.0,0,0.0,weighted_fto_deterministic,0.0,0.0,0.0,0,1,MAB,WO2011069014A1,CEDARS-SINAI MEDICAL CENTER,True,False
TRAILSHORT,MAB,UNRESOLVED,,ABSTAIN - no decisive readout,0,0.0,0,0.0,weighted_fto_deterministic,0.0,0.0,0.0,1,1,MAB,WO2018148383A1,MAYO FOUNDATION FOR MEDICAL EDUCATION AND RESEARCH,True,False
TREFOIL FACTOR,MAB,UNRESOLVED,,ABSTAIN - no decisive readout,0,0.0,0,0.0,weighted_fto_deterministic,0.0,0.0,0.0,0,1,MAB,WO2012150869A1,NEUREN PHARMACEUTICALS LIMITED,True,False
TREM1,MAB,UNRESOLVED,,ABSTAIN - no decisive readout,0,0.0,0,0.042,weighted_fto_deterministic,0.0,0.167,0.0,0,2,MAB,WO2025201129A1,"SINGLOMICS BEIJING DANXU BIOPHARMACEUTICALS CO., LTD.",True,False
TREM2,MAB,UNRESOLVED,,ABSTAIN - no decisive readout,0,0.0,0,0.389,weighted_fto_deterministic,0.389,0.502,0.0,6,8,MAB,WO2025046298A2,ITEOS BELGIUM SA,True,False
TRIM9,MAB,UNRESOLVED,,ABSTAIN - no decisive readout,0,0.0,0,0.0,weighted_fto_deterministic,0.0,0.0,0.0,0,1,MAB,WO2019211392A1,HOSPICES CIVILS DE LYON,True,False
TROP-2,BISPECIFIC,UNRESOLVED,,ABSTAIN - no decisive readout,0,0.0,0,0.557,weighted_fto_deterministic,0.557,0.167,0.0,13,22,BISPECIFIC|MAB,WO2026059880A1,"MODERNATX, INC.",True,False
TROP-2,CAR-T,UNRESOLVED,,ABSTAIN - no decisive readout,0,0.0,7,,UNRESOLVED_no_grounded_patents,0.557,0.0,0.0,13,22,BISPECIFIC|MAB,WO2026059880A1,"MODERNATX, INC.",False,False
TROP-2-AMANITIN,ADC,UNRESOLVED,,ABSTAIN - no decisive readout,0,0.0,0,0.151,weighted_fto_deterministic,0.151,0.167,0.0,2,2,ADC,WO2024206480A1,"OBI PHARMA, INC.",True,False
TROP-2-BELOTECAN,ADC,UNRESOLVED,,ABSTAIN - no decisive readout,0,0.0,0,0.066,weighted_fto_deterministic,0.0,0.265,0.0,1,3,ADC,WO2024206480A1,"OBI PHARMA, INC.",True,False
TROP-2-CALICHEAMICIN,ADC,UNRESOLVED,,ABSTAIN - no decisive readout,0,0.0,0,0.151,weighted_fto_deterministic,0.151,0.167,0.0,2,2,ADC,WO2024206480A1,"OBI PHARMA, INC.",True,False
TROP-2-DM1,ADC,UNRESOLVED,,ABSTAIN - no decisive readout,0,0.0,0,0.151,weighted_fto_deterministic,0.151,0.265,0.0,2,3,ADC,WO2025179213A1,MEMORIAL SLOAN-KETTERING CANCER CENTER,True,False
TROP-2-DM4,ADC,UNRESOLVED,,ABSTAIN - no decisive readout,0,0.0,0,0.042,weighted_fto_deterministic,0.0,0.167,0.0,1,2,ADC,WO2025179213A1,MEMORIAL SLOAN-KETTERING CANCER CENTER,True,False
TROP-2-DOXORUBICIN,ADC,UNRESOLVED,,ABSTAIN - no decisive readout,0,0.0,0,0.286,weighted_fto_deterministic,0.239,0.432,0.232,3,6,ADC,WO2025179213A1,MEMORIAL SLOAN-KETTERING CANCER CENTER,True,False
TROP-2-DUOCARMYCIN,ADC,UNRESOLVED,,ABSTAIN - no decisive readout,0,0.0,0,0.151,weighted_fto_deterministic,0.151,0.167,0.0,2,2,ADC,WO2024206480A1,"OBI PHARMA, INC.",True,False
TROP-2-ERIBULIN,ADC,UNRESOLVED,,ABSTAIN - no decisive readout,0,0.0,0,0.0,weighted_fto_deterministic,0.0,0.0,0.0,1,1,ADC,WO2025179213A1,MEMORIAL SLOAN-KETTERING CANCER CENTER,True,False
TROP-2-EXATECAN,ADC,UNRESOLVED,,ABSTAIN - no decisive readout,0,0.0,2,0.066,weighted_fto_deterministic,0.0,0.265,0.0,1,3,ADC,WO2024206480A1,"OBI PHARMA, INC.",True,False
TROP-2-MAYTANSINOID,ADC,UNRESOLVED,,ABSTAIN - no decisive readout,0,0.0,0,0.0,weighted_fto_deterministic,0.0,0.0,0.0,1,1,ADC,WO2023194800A1,"LEGOCHEM BIOSCIENCES, INC.",True,False
TROP-2-MMAE,ADC,UNRESOLVED,,ABSTAIN - no decisive readout,0,0.0,1,0.301,weighted_fto_deterministic,0.301,0.388,0.0,4,5,ADC,WO2025179213A1,MEMORIAL SLOAN-KETTERING CANCER CENTER,True,False
TROP-2-MMAF,ADC,UNRESOLVED,,ABSTAIN - no decisive readout,0,0.0,0,0.239,weighted_fto_deterministic,0.239,0.334,0.0,3,4,ADC,WO2025179213A1,MEMORIAL SLOAN-KETTERING CANCER CENTER,True,False
TROP-2-PBD,ADC,UNRESOLVED,,ABSTAIN - no decisive readout,0,0.0,0,0.239,weighted_fto_deterministic,0.239,0.265,0.0,3,3,ADC,WO2025179213A1,MEMORIAL SLOAN-KETTERING CANCER CENTER,True,False
TROP-2-TOP1I,ADC,UNRESOLVED,,ABSTAIN - no decisive readout,0,0.0,2,,UNRESOLVED_no_grounded_patents,0.0,0.0,0.0,0,0,,,,False,False
TROP-2-TOPOTECAN,ADC,UNRESOLVED,,ABSTAIN - no decisive readout,0,0.0,0,0.295,weighted_fto_deterministic,0.239,0.469,0.232,3,7,ADC,WO2025179213A1,MEMORIAL SLOAN-KETTERING CANCER CENTER,True,False
TROP-2-TUBULYSIN,ADC,UNRESOLVED,,ABSTAIN - no decisive readout,0,0.0,0,0.151,weighted_fto_deterministic,0.151,0.167,0.0,2,2,ADC,WO2024206480A1,"OBI PHARMA, INC.",True,False
TROP-2|ALK|EGFR|HER2|PD-1|VEGF,ADC,UNRESOLVED,,ABSTAIN - no decisive readout,0,0.0,1,,UNRESOLVED_no_grounded_patents,0.0,0.0,0.0,0,0,,,,False,False
TROP-2|B7-H4-AMANITIN,BISPECIFIC,UNRESOLVED,,ABSTAIN - no decisive readout,0,0.0,0,0.0,weighted_fto_deterministic,0.0,0.0,0.0,1,1,BISPECIFIC,WO2026108854A1,"INNOVENT BIOLOGICS (SUZHOU) CO., LTD.",True,False
TROP-2|B7-H4-CALICHEAMICIN,BISPECIFIC,UNRESOLVED,,ABSTAIN - no decisive readout,0,0.0,0,0.0,weighted_fto_deterministic,0.0,0.0,0.0,1,1,BISPECIFIC,WO2026108854A1,"INNOVENT BIOLOGICS (SUZHOU) CO., LTD.",True,False
TROP-2|B7-H4-DM1,BISPECIFIC,UNRESOLVED,,ABSTAIN - no decisive readout,0,0.0,0,0.0,weighted_fto_deterministic,0.0,0.0,0.0,1,1,BISPECIFIC,WO2026108854A1,"INNOVENT BIOLOGICS (SUZHOU) CO., LTD.",True,False
TROP-2|B7-H4-DM4,BISPECIFIC,UNRESOLVED,,ABSTAIN - no decisive readout,0,0.0,0,0.0,weighted_fto_deterministic,0.0,0.0,0.0,1,1,BISPECIFIC,WO2026108854A1,"INNOVENT BIOLOGICS (SUZHOU) CO., LTD.",True,False
TROP-2|B7-H4-DUOCARMYCIN,BISPECIFIC,UNRESOLVED,,ABSTAIN - no decisive readout,0,0.0,0,0.0,weighted_fto_deterministic,0.0,0.0,0.0,1,1,BISPECIFIC,WO2026108854A1,"INNOVENT BIOLOGICS (SUZHOU) CO., LTD.",True,False
TROP-2|B7-H4-DXD,BISPECIFIC,UNRESOLVED,,ABSTAIN - no decisive readout,0,0.0,0,0.0,weighted_fto_deterministic,0.0,0.0,0.0,1,1,BISPECIFIC,WO2026108854A1,"INNOVENT BIOLOGICS (SUZHOU) CO., LTD.",True,False
TROP-2|B7-H4-EXATECAN,BISPECIFIC,UNRESOLVED,,ABSTAIN - no decisive readout,0,0.0,0,0.0,weighted_fto_deterministic,0.0,0.0,0.0,1,1,BISPECIFIC,WO2026108854A1,"INNOVENT BIOLOGICS (SUZHOU) CO., LTD.",True,False
TROP-2|B7-H4-MMAE,BISPECIFIC,UNRESOLVED,,ABSTAIN - no decisive readout,0,0.0,0,0.0,weighted_fto_deterministic,0.0,0.0,0.0,1,1,BISPECIFIC,WO2026108854A1,"INNOVENT BIOLOGICS (SUZHOU) CO., LTD.",True,False
TROP-2|B7-H4-MMAF,BISPECIFIC,UNRESOLVED,,ABSTAIN - no decisive readout,0,0.0,0,0.0,weighted_fto_deterministic,0.0,0.0,0.0,1,1,BISPECIFIC,WO2026108854A1,"INNOVENT BIOLOGICS (SUZHOU) CO., LTD.",True,False
TROP-2|B7-H4-TOPOTECAN,BISPECIFIC,UNRESOLVED,,ABSTAIN - no decisive readout,0,0.0,0,0.0,weighted_fto_deterministic,0.0,0.0,0.0,1,1,BISPECIFIC,WO2026108854A1,"INNOVENT BIOLOGICS (SUZHOU) CO., LTD.",True,False
TROP-2|B7-H4-TUBULYSIN,BISPECIFIC,UNRESOLVED,,ABSTAIN - no decisive readout,0,0.0,0,0.0,weighted_fto_deterministic,0.0,0.0,0.0,1,1,BISPECIFIC,WO2026108854A1,"INNOVENT BIOLOGICS (SUZHOU) CO., LTD.",True,False
TROP-2|CD28,BISPECIFIC,UNRESOLVED,,ABSTAIN - no decisive readout,0,0.0,0,0.239,weighted_fto_deterministic,0.239,0.265,0.0,3,3,BISPECIFIC,WO2025090973A2,"XENCOR, INC.",True,False
TROP-2|CD3,BISPECIFIC,UNRESOLVED,,ABSTAIN - no decisive readout,0,0.0,0,0.151,weighted_fto_deterministic,0.151,0.167,0.0,2,2,BISPECIFIC,WO2022125583A1,"JANUX THERAPEUTICS, INC.",True,False
TROP-2|CTLA-4|PD-1,ADC,UNRESOLVED,,ABSTAIN - no decisive readout,0,0.0,1,,UNRESOLVED_no_grounded_patents,0.0,0.0,0.0,0,0,,,,False,False
TROP-2|CTLA-4|PD-1|PD-L1,ADC,UNRESOLVED,,ABSTAIN - no decisive readout,0,0.0,1,,UNRESOLVED_no_grounded_patents,0.0,0.0,0.0,0,0,,,,False,False
TROP-2|EGFR,ADC,UNRESOLVED,,ABSTAIN - no decisive readout,0,0.0,5,,UNRESOLVED_no_grounded_patents,0.0,0.0,0.0,0,0,,,,False,False
TROP-2|EGFR|PD-L1|ALK|MET,ADC,UNRESOLVED,,ABSTAIN - no decisive readout,0,0.0,1,,UNRESOLVED_no_grounded_patents,0.0,0.0,0.0,0,0,,,,False,False
TROP-2|EGFR|VEGF,ADC,UNRESOLVED,,ABSTAIN - no decisive readout,0,0.0,1,,UNRESOLVED_no_grounded_patents,0.0,0.0,0.0,0,0,,,,False,False
TROP-2|ER|HER2,ADC,UNRESOLVED,,ABSTAIN - no decisive readout,0,0.0,3,,UNRESOLVED_no_grounded_patents,0.0,0.0,0.0,0,0,,,,False,False
TROP-2|HER2,ADC,UNRESOLVED,,ABSTAIN - no decisive readout,0,0.0,10,,UNRESOLVED_no_grounded_patents,0.0,0.0,0.0,0,0,,,,False,False
TROP-2|HER2|TCR,ADC,UNRESOLVED,,ABSTAIN - no decisive readout,0,0.0,1,,UNRESOLVED_no_grounded_patents,0.0,0.0,0.0,0,0,,,,False,False
TROP-2|HER3,ADC,UNRESOLVED,,ABSTAIN - no decisive readout,0,0.0,1,,UNRESOLVED_no_grounded_patents,0.0,0.0,0.0,0,0,,,,False,False
TROP-2|HER3-TOP1I,ADC,UNRESOLVED,,ABSTAIN - no decisive readout,0,0.0,1,,UNRESOLVED_no_grounded_patents,0.0,0.0,0.0,0,0,,,,False,False
TROP-2|HER3|HER2,ADC,UNRESOLVED,,ABSTAIN - no decisive readout,0,0.0,1,,UNRESOLVED_no_grounded_patents,0.0,0.0,0.0,0,0,,,,False,False
TROP-2|LAG-3|PD-1,ADC,UNRESOLVED,,ABSTAIN - no decisive readout,0,0.0,1,,UNRESOLVED_no_grounded_patents,0.0,0.0,0.0,0,0,,,,False,False
TROP-2|MUC1,BISPECIFIC,UNRESOLVED,,ABSTAIN - no decisive readout,0,0.0,0,0.0,weighted_fto_deterministic,0.0,0.0,0.0,0,1,BISPECIFIC,WO2026046336A1,"JIANGSU HENGRUI PHARMACEUTICALS CO., LTD.",True,False
TROP-2|NECTIN4-TOP1I,ADC,UNRESOLVED,,ABSTAIN - no decisive readout,0,0.0,1,,UNRESOLVED_no_grounded_patents,0.0,0.0,0.0,0,0,,,,False,False
TROP-2|NECTIN4|PD-1,ADC,UNRESOLVED,,ABSTAIN - no decisive readout,0,0.0,1,,UNRESOLVED_no_grounded_patents,0.0,0.0,0.0,0,0,,,,False,False
TROP-2|NECTIN4|PD-1|TIGIT|PD-L1,ADC,UNRESOLVED,,ABSTAIN - no decisive readout,0,0.0,1,,UNRESOLVED_no_grounded_patents,0.0,0.0,0.0,0,0,,,,False,False
TROP-2|NECTIN4|PD-L1|TIGIT|FAP,ADC,UNRESOLVED,,ABSTAIN - no decisive readout,0,0.0,1,,UNRESOLVED_no_grounded_patents,0.0,0.0,0.0,0,0,,,,False,False
TROP-2|PD-1,MAB,UNRESOLVED,,ABSTAIN - no decisive readout,0,0.0,1,,UNRESOLVED_no_grounded_patents,0.0,0.0,0.0,0,0,,,,False,False
TROP-2|PD-1|HER2,ADC,UNRESOLVED,,ABSTAIN - no decisive readout,0,0.0,1,,UNRESOLVED_no_grounded_patents,0.0,0.0,0.0,0,0,,,,False,False
TROP-2|PD-1|PD-L1,ADC,UNRESOLVED,,ABSTAIN - no decisive readout,0,0.0,5,,UNRESOLVED_no_grounded_patents,0.0,0.0,0.0,0,0,,,,False,False
TROP-2|PD-L1|HER2,ADC,UNRESOLVED,,ABSTAIN - no decisive readout,0,0.0,1,,UNRESOLVED_no_grounded_patents,0.0,0.0,0.0,0,0,,,,False,False
TROP-2|PD-L1|TIGIT,ADC,UNRESOLVED,,ABSTAIN - no decisive readout,0,0.0,1,,UNRESOLVED_no_grounded_patents,0.0,0.0,0.0,0,0,,,,False,False
TROP-2|VEGF,ADC,UNRESOLVED,,ABSTAIN - no decisive readout,0,0.0,4,,UNRESOLVED_no_grounded_patents,0.0,0.0,0.0,0,0,,,,False,False
TROP-2|VEGF-SN38,ADC,UNRESOLVED,,ABSTAIN - no decisive readout,0,0.0,1,,UNRESOLVED_no_grounded_patents,0.0,0.0,0.0,0,0,,,,False,False
TRPV6,MAB,UNRESOLVED,,ABSTAIN - no decisive readout,0,0.0,0,0.151,weighted_fto_deterministic,0.151,0.167,0.0,2,2,MAB,WO2023062226A2,UNIVERSITE DE LILLE,True,False
TSG-6,MAB,UNRESOLVED,,ABSTAIN - no decisive readout,0,0.0,0,0.0,weighted_fto_deterministic,0.0,0.0,0.0,0,1,MAB,WO2020181376A1,UNIVERSITY HEALTH NETWORK,True,False
TSLPR,MAB,UNRESOLVED,,ABSTAIN - no decisive readout,0,0.0,0,0.0,weighted_fto_deterministic,0.0,0.0,0.0,1,1,MAB,WO2023028612A2,"BOARD OF REGENTS, THE UNIVERSITY OF TEXAS SYSTEM",True,False
TSPAN8,MAB,UNRESOLVED,,ABSTAIN - no decisive readout,0,0.0,0,0.0,weighted_fto_deterministic,0.0,0.0,0.0,1,1,MAB,WO2015130115A1,SCRIPPS KOREA ANTIBODY INSTITUTE,True,False
TUBB,OUT_OF_SCOPE,UNRESOLVED,,ABSTAIN - no decisive readout,0,0.0,2,,UNRESOLVED_no_grounded_patents,0.0,0.0,0.0,0,0,,,,False,False
TWEAK,MAB,UNRESOLVED,,ABSTAIN - no decisive readout,0,0.0,0,0.0,weighted_fto_deterministic,0.0,0.0,0.0,1,1,MAB,WO2012045671A1,F. HOFFMANN-LA ROCHE AG,True,False
TYRP1|CD3,BISPECIFIC,UNRESOLVED,,ABSTAIN - no decisive readout,0,0.0,0,0.0,weighted_fto_deterministic,0.0,0.0,0.0,1,1,BISPECIFIC,WO2023094569A1,F. HOFFMANN-LA ROCHE AG,True,False
UPAR,MAB,UNRESOLVED,,ABSTAIN - no decisive readout,0,0.0,0,0.151,weighted_fto_deterministic,0.151,0.167,0.0,2,2,MAB,WO2026020409A1,PEKING UNIVERSITY,True,False
UPAR,RADIOLIGAND,UNRESOLVED,,ABSTAIN - no decisive readout,0,0.0,1,,UNRESOLVED_no_grounded_patents,0.151,0.0,0.0,2,2,MAB,WO2026020409A1,PEKING UNIVERSITY,False,False
UROPLAKIN,MAB,UNRESOLVED,,ABSTAIN - no decisive readout,0,0.0,0,0.0,weighted_fto_deterministic,0.0,0.0,0.0,1,1,MAB,WO2014052672A1,"BIOCARE MEDICAL, LLC",True,False
US28,MAB,UNRESOLVED,,ABSTAIN - no decisive readout,0,0.0,0,0.0,weighted_fto_deterministic,0.0,0.0,0.0,1,1,MAB,WO2019151865A1,STICHTING VU,True,False
USP2,MAB,UNRESOLVED,,ABSTAIN - no decisive readout,0,0.0,0,0.0,weighted_fto_deterministic,0.0,0.0,0.0,0,1,MAB,WO2013063010A1,"MURACA, PATRICK J.",True,False
VASH2,MAB,UNRESOLVED,,ABSTAIN - no decisive readout,0,0.0,0,0.0,weighted_fto_deterministic,0.0,0.0,0.0,0,1,MAB,WO2014087810A1,TOHOKU UNIVERSITY,True,False
VCAM-1,MAB,UNRESOLVED,,ABSTAIN - no decisive readout,0,0.0,0,0.0,weighted_fto_deterministic,0.0,0.0,0.0,0,1,MAB,WO2010114312A2,HANWHA CHEMICAL CORPORATION,True,False
VE-PTP|VEGF,BISPECIFIC,UNRESOLVED,,ABSTAIN - no decisive readout,0,0.0,0,0.0,weighted_fto_deterministic,0.0,0.0,0.0,1,1,BISPECIFIC,WO2020068653A1,"AERPIO PHARMACEUTICALS, INC.",True,False
VEGF,BISPECIFIC,UNRESOLVED,,ABSTAIN - no decisive readout,0,0.0,7,0.477,weighted_fto_deterministic,0.477,0.0,0.0,9,24,BISPECIFIC|MAB,WO2025195479A1,"SUZHOU NEOLOGICS BIOSCIENCE CO., LTD.",True,False
VEGF,OUT_OF_SCOPE,UNRESOLVED,,ABSTAIN - no decisive readout,0,0.0,1,,UNRESOLVED_no_grounded_patents,0.477,0.0,0.0,9,24,BISPECIFIC|MAB,WO2025195479A1,"SUZHOU NEOLOGICS BIOSCIENCE CO., LTD.",False,False
VEGF-KL610023,ADC,UNRESOLVED,,ABSTAIN - no decisive readout,0,0.0,1,,UNRESOLVED_no_grounded_patents,0.0,0.0,0.0,0,0,,,,False,False
VEGF-MMAE,ADC,UNRESOLVED,,ABSTAIN - no decisive readout,0,0.0,0,0.0,weighted_fto_deterministic,0.0,0.0,0.0,0,1,ADC,WO2020092210A1,GENMAB A/S,True,False
VEGF-TOP1I,ADC,UNRESOLVED,,ABSTAIN - no decisive readout,0,0.0,2,,UNRESOLVED_no_grounded_patents,0.0,0.0,0.0,0,0,,,,False,False
VEGF-TOPOTECAN,ADC,UNRESOLVED,,ABSTAIN - no decisive readout,0,0.0,0,0.0,weighted_fto_deterministic,0.0,0.0,0.0,0,1,ADC,WO2020092210A1,GENMAB A/S,True,False
VEGFR2,BISPECIFIC,UNRESOLVED,,ABSTAIN - no decisive readout,0,0.0,1,,UNRESOLVED_no_grounded_patents,0.423,0.0,0.0,7,11,MAB,WO2023136648A1,PHARMABCINE INC.,False,False
VEGFR2,UNCLASSIFIED,UNRESOLVED,,ABSTAIN - no decisive readout,0,0.0,1,,UNRESOLVED_no_grounded_patents,0.423,0.0,0.0,7,11,MAB,WO2023136648A1,PHARMABCINE INC.,False,False
VEGFR2|CD137|HER2|VEGF,MAB,UNRESOLVED,,ABSTAIN - no decisive readout,0,0.0,1,,UNRESOLVED_no_grounded_patents,0.0,0.0,0.0,0,0,,,,False,False
VEGFR2|CEA|PD-L1,MAB,UNRESOLVED,,ABSTAIN - no decisive readout,0,0.0,1,,UNRESOLVED_no_grounded_patents,0.0,0.0,0.0,0,0,,,,False,False
VEGFR2|CLDN18.2,MAB,UNRESOLVED,,ABSTAIN - no decisive readout,0,0.0,1,,UNRESOLVED_no_grounded_patents,0.0,0.0,0.0,0,0,,,,False,False
VEGFR2|EGFR|MET,MAB,UNRESOLVED,,ABSTAIN - no decisive readout,0,0.0,1,,UNRESOLVED_no_grounded_patents,0.0,0.0,0.0,0,0,,,,False,False
VEGFR2|EGFR|MET|VEGF,MAB,UNRESOLVED,,ABSTAIN - no decisive readout,0,0.0,1,,UNRESOLVED_no_grounded_patents,0.0,0.0,0.0,0,0,,,,False,False
VEGFR2|EGFR|VEGF,MAB,UNRESOLVED,,ABSTAIN - no decisive readout,0,0.0,1,,UNRESOLVED_no_grounded_patents,0.0,0.0,0.0,0,0,,,,False,False
VEGFR2|FGFR,MAB,UNRESOLVED,,ABSTAIN - no decisive readout,0,0.0,1,,UNRESOLVED_no_grounded_patents,0.0,0.0,0.0,0,0,,,,False,False
VEGFR2|HER2,MAB,UNRESOLVED,,ABSTAIN - no decisive readout,0,0.0,2,,UNRESOLVED_no_grounded_patents,0.0,0.0,0.0,0,0,,,,False,False
VEGFR2|HER2|VEGF,MAB,UNRESOLVED,,ABSTAIN - no decisive readout,0,0.0,2,,UNRESOLVED_no_grounded_patents,0.0,0.0,0.0,0,0,,,,False,False
VEGFR2|HER3|TROP-2|VEGF,MAB,UNRESOLVED,,ABSTAIN - no decisive readout,0,0.0,1,,UNRESOLVED_no_grounded_patents,0.0,0.0,0.0,0,0,,,,False,False
VEGFR2|PD-1,MAB,UNRESOLVED,,ABSTAIN - no decisive readout,0,0.0,5,,UNRESOLVED_no_grounded_patents,0.0,0.0,0.0,0,0,,,,False,False
VEGFR2|PD-1|CLDN18.2|HER2|VEGF,MAB,UNRESOLVED,,ABSTAIN - no decisive readout,0,0.0,1,,UNRESOLVED_no_grounded_patents,0.0,0.0,0.0,0,0,,,,False,False
VEGFR2|PD-L1,MAB,UNRESOLVED,,ABSTAIN - no decisive readout,0,0.0,1,,UNRESOLVED_no_grounded_patents,0.0,0.0,0.0,0,0,,,,False,False
VEGFR2|PD-L1|TIGIT,MAB,UNRESOLVED,,ABSTAIN - no decisive readout,0,0.0,1,,UNRESOLVED_no_grounded_patents,0.0,0.0,0.0,0,0,,,,False,False
VEGFR2|TROP-2,ADC,UNRESOLVED,,ABSTAIN - no decisive readout,0,0.0,1,,UNRESOLVED_no_grounded_patents,0.0,0.0,0.0,0,0,,,,False,False
VEGFR2|VEGF,MAB,UNRESOLVED,,ABSTAIN - no decisive readout,0,0.0,2,,UNRESOLVED_no_grounded_patents,0.0,0.0,0.0,0,0,,,,False,False
VEGF|ALK|EGFR,MAB,UNRESOLVED,,ABSTAIN - no decisive readout,0,0.0,1,,UNRESOLVED_no_grounded_patents,0.0,0.0,0.0,0,0,,,,False,False
VEGF|ANG2,BISPECIFIC,UNRESOLVED,,ABSTAIN - no decisive readout,0,0.0,0,0.301,weighted_fto_deterministic,0.301,0.432,0.0,4,6,BISPECIFIC,WO2023201197A2,"UNITY BIOTECHNOLOGY, INC.",True,False
VEGF|ANG2|CD40,BISPECIFIC,UNRESOLVED,,ABSTAIN - no decisive readout,0,0.0,2,,UNRESOLVED_no_grounded_patents,0.0,0.0,0.0,0,0,,,,False,False
VEGF|AR|EGFR|HER2|PD-L1,MAB,UNRESOLVED,,ABSTAIN - no decisive readout,0,0.0,1,,UNRESOLVED_no_grounded_patents,0.0,0.0,0.0,0,0,,,,False,False
VEGF|B7-H3,MAB,UNRESOLVED,,ABSTAIN - no decisive readout,0,0.0,1,,UNRESOLVED_no_grounded_patents,0.0,0.0,0.0,0,0,,,,False,False
VEGF|B7-H3-TOP1I,ADC,UNRESOLVED,,ABSTAIN - no decisive readout,0,0.0,1,,UNRESOLVED_no_grounded_patents,0.0,0.0,0.0,0,0,,,,False,False
VEGF|BCL-2,MAB,UNRESOLVED,,ABSTAIN - no decisive readout,0,0.0,1,,UNRESOLVED_no_grounded_patents,0.0,0.0,0.0,0,0,,,,False,False
VEGF|CD19,MAB,UNRESOLVED,,ABSTAIN - no decisive readout,0,0.0,1,,UNRESOLVED_no_grounded_patents,0.0,0.0,0.0,0,0,,,,False,False
VEGF|CD25,MAB,UNRESOLVED,,ABSTAIN - no decisive readout,0,0.0,1,,UNRESOLVED_no_grounded_patents,0.0,0.0,0.0,0,0,,,,False,False
VEGF|CD47|PD-1,MAB,UNRESOLVED,,ABSTAIN - no decisive readout,0,0.0,1,,UNRESOLVED_no_grounded_patents,0.0,0.0,0.0,0,0,,,,False,False
VEGF|CDH17,MAB,UNRESOLVED,,ABSTAIN - no decisive readout,0,0.0,1,,UNRESOLVED_no_grounded_patents,0.0,0.0,0.0,0,0,,,,False,False
VEGF|CEACAM5,MAB,UNRESOLVED,,ABSTAIN - no decisive readout,0,0.0,2,,UNRESOLVED_no_grounded_patents,0.0,0.0,0.0,0,0,,,,False,False
VEGF|CEACAM5-EXATECAN,ADC,UNRESOLVED,,ABSTAIN - no decisive readout,0,0.0,1,,UNRESOLVED_no_grounded_patents,0.0,0.0,0.0,0,0,,,,False,False
VEGF|CEA|CEACAM5,MAB,UNRESOLVED,,ABSTAIN - no decisive readout,0,0.0,1,,UNRESOLVED_no_grounded_patents,0.0,0.0,0.0,0,0,,,,False,False
VEGF|CEA|EGFR,MAB,UNRESOLVED,,ABSTAIN - no decisive readout,0,0.0,1,,UNRESOLVED_no_grounded_patents,0.0,0.0,0.0,0,0,,,,False,False
VEGF|CLDN6,MAB,UNRESOLVED,,ABSTAIN - no decisive readout,0,0.0,1,,UNRESOLVED_no_grounded_patents,0.0,0.0,0.0,0,0,,,,False,False
VEGF|CTLA-4,MAB,UNRESOLVED,,ABSTAIN - no decisive readout,0,0.0,3,,UNRESOLVED_no_grounded_patents,0.0,0.0,0.0,0,0,,,,False,False
VEGF|CTLA-4|PD-1,BISPECIFIC,UNRESOLVED,,ABSTAIN - no decisive readout,0,0.0,4,,UNRESOLVED_no_grounded_patents,0.0,0.0,0.0,0,0,,,,False,False
VEGF|CTLA-4|PD-1,MAB,UNRESOLVED,,ABSTAIN - no decisive readout,0,0.0,7,,UNRESOLVED_no_grounded_patents,0.0,0.0,0.0,0,0,,,,False,False
VEGF|CTLA-4|PD-1|EGFR,MAB,UNRESOLVED,,ABSTAIN - no decisive readout,0,0.0,1,,UNRESOLVED_no_grounded_patents,0.0,0.0,0.0,0,0,,,,False,False
VEGF|CTLA-4|PD-1|PD-L1,MAB,UNRESOLVED,,ABSTAIN - no decisive readout,0,0.0,3,,UNRESOLVED_no_grounded_patents,0.0,0.0,0.0,0,0,,,,False,False
VEGF|CTLA-4|PD-1|TIGIT,BISPECIFIC,UNRESOLVED,,ABSTAIN - no decisive readout,0,0.0,1,,UNRESOLVED_no_grounded_patents,0.0,0.0,0.0,0,0,,,,False,False
VEGF|DLL4,BISPECIFIC,UNRESOLVED,,ABSTAIN - no decisive readout,0,0.0,0,0.0,weighted_fto_deterministic,0.0,0.0,0.0,1,1,BISPECIFIC,WO2013044215A1,"ONCOMED PHARMACEUTICALS, INC.",True,False
VEGF|EGFR,BISPECIFIC,UNRESOLVED,,ABSTAIN - no decisive readout,0,0.0,1,0.0,weighted_fto_deterministic,0.0,0.0,0.0,1,1,BISPECIFIC,WO2019195313A1,"POLLACK, ARYEH, L.",True,False
VEGF|EGFR|CEA,MAB,UNRESOLVED,,ABSTAIN - no decisive readout,0,0.0,2,,UNRESOLVED_no_grounded_patents,0.0,0.0,0.0,0,0,,,,False,False
VEGF|EGFR|ER|HER2,MAB,UNRESOLVED,,ABSTAIN - no decisive readout,0,0.0,1,,UNRESOLVED_no_grounded_patents,0.0,0.0,0.0,0,0,,,,False,False
VEGF|EGFR|HER3|HER2|PD-1-TOP1I,ADC,UNRESOLVED,,ABSTAIN - no decisive readout,0,0.0,1,,UNRESOLVED_no_grounded_patents,0.0,0.0,0.0,0,0,,,,False,False
VEGF|EGFR|HIF|VHL,MAB,UNRESOLVED,,ABSTAIN - no decisive readout,0,0.0,1,,UNRESOLVED_no_grounded_patents,0.0,0.0,0.0,0,0,,,,False,False
VEGF|EGFR|PD-1,MAB,UNRESOLVED,,ABSTAIN - no decisive readout,0,0.0,5,,UNRESOLVED_no_grounded_patents,0.0,0.0,0.0,0,0,,,,False,False
VEGF|EGFR|PD-1|PD-L1,MAB,UNRESOLVED,,ABSTAIN - no decisive readout,0,0.0,1,,UNRESOLVED_no_grounded_patents,0.0,0.0,0.0,0,0,,,,False,False
VEGF|EGFR|PD-L1,MAB,UNRESOLVED,,ABSTAIN - no decisive readout,0,0.0,2,,UNRESOLVED_no_grounded_patents,0.0,0.0,0.0,0,0,,,,False,False
VEGF|EGFR|TROP-2,MAB,UNRESOLVED,,ABSTAIN - no decisive readout,0,0.0,1,,UNRESOLVED_no_grounded_patents,0.0,0.0,0.0,0,0,,,,False,False
VEGF|ER|HER3|HER2|NECTIN4|PD-1|TROP-2,MAB,UNRESOLVED,,ABSTAIN - no decisive readout,0,0.0,1,,UNRESOLVED_no_grounded_patents,0.0,0.0,0.0,0,0,,,,False,False
VEGF|FAP,MAB,UNRESOLVED,,ABSTAIN - no decisive readout,0,0.0,2,,UNRESOLVED_no_grounded_patents,0.0,0.0,0.0,0,0,,,,False,False
VEGF|FIBRIN GAMMA-C,BISPECIFIC,UNRESOLVED,,ABSTAIN - no decisive readout,0,0.0,0,0.0,weighted_fto_deterministic,0.0,0.0,0.0,1,1,BISPECIFIC,WO2025212751A1,"THERINI BIO, INC.",True,False
VEGF|FOLR1,MAB,UNRESOLVED,,ABSTAIN - no decisive readout,0,0.0,1,,UNRESOLVED_no_grounded_patents,0.0,0.0,0.0,0,0,,,,False,False
VEGF|HER2,ADC,UNRESOLVED,,ABSTAIN - no decisive readout,0,0.0,1,,UNRESOLVED_no_grounded_patents,0.0,0.0,0.0,0,0,,,,False,False
VEGF|IL-6,BISPECIFIC,UNRESOLVED,,ABSTAIN - no decisive readout,0,0.0,0,0.0,weighted_fto_deterministic,0.0,0.0,0.0,1,1,BISPECIFIC,WO2023217933A1,F. HOFFMANN-LA ROCHE AG,True,False
VEGF|LAG-3|PD-1,MAB,UNRESOLVED,,ABSTAIN - no decisive readout,0,0.0,1,,UNRESOLVED_no_grounded_patents,0.0,0.0,0.0,0,0,,,,False,False
VEGF|MESOTHELIN,MAB,UNRESOLVED,,ABSTAIN - no decisive readout,0,0.0,2,,UNRESOLVED_no_grounded_patents,0.0,0.0,0.0,0,0,,,,False,False
VEGF|MET,MAB,UNRESOLVED,,ABSTAIN - no decisive readout,0,0.0,5,,UNRESOLVED_no_grounded_patents,0.0,0.0,0.0,0,0,,,,False,False
VEGF|MUC1,MAB,UNRESOLVED,,ABSTAIN - no decisive readout,0,0.0,1,,UNRESOLVED_no_grounded_patents,0.0,0.0,0.0,0,0,,,,False,False
VEGF|MUC16,ADC,UNRESOLVED,,ABSTAIN - no decisive readout,0,0.0,1,,UNRESOLVED_no_grounded_patents,0.0,0.0,0.0,0,0,,,,False,False
VEGF|PD-1,BISPECIFIC,UNRESOLVED,,ABSTAIN - no decisive readout,0,0.0,1,0.088,weighted_fto_deterministic,0.0,0.167,0.232,0,2,BISPECIFIC,WO2026067774A1,"HANX BIOPHARMACEUTICALS (WUHAN) CO., LTD.",True,False
VEGF|PD-1|CTLA-4,MAB,UNRESOLVED,,ABSTAIN - no decisive readout,0,0.0,1,,UNRESOLVED_no_grounded_patents,0.0,0.0,0.0,0,0,,,,False,False
VEGF|PD-1|EGFR,BISPECIFIC,UNRESOLVED,,ABSTAIN - no decisive readout,0,0.0,1,,UNRESOLVED_no_grounded_patents,0.0,0.0,0.0,0,0,,,,False,False
VEGF|PD-1|EGFR,MAB,UNRESOLVED,,ABSTAIN - no decisive readout,0,0.0,1,,UNRESOLVED_no_grounded_patents,0.0,0.0,0.0,0,0,,,,False,False
VEGF|PD-1|FAP,MAB,UNRESOLVED,,ABSTAIN - no decisive readout,0,0.0,1,,UNRESOLVED_no_grounded_patents,0.0,0.0,0.0,0,0,,,,False,False
VEGF|PD-1|MUC16,MAB,UNRESOLVED,,ABSTAIN - no decisive readout,0,0.0,1,,UNRESOLVED_no_grounded_patents,0.0,0.0,0.0,0,0,,,,False,False
VEGF|PD-1|MUC16|CD3|LAG-3,BISPECIFIC,UNRESOLVED,,ABSTAIN - no decisive readout,0,0.0,1,,UNRESOLVED_no_grounded_patents,0.0,0.0,0.0,0,0,,,,False,False
VEGF|PD-1|TISSUE FACTOR,MAB,UNRESOLVED,,ABSTAIN - no decisive readout,0,0.0,1,,UNRESOLVED_no_grounded_patents,0.0,0.0,0.0,0,0,,,,False,False
VEGF|PD-L1,BISPECIFIC,UNRESOLVED,,ABSTAIN - no decisive readout,0,0.0,0,0.171,weighted_fto_deterministic,0.151,0.167,0.232,2,2,BISPECIFIC,WO2025185161A1,BIOTHEUS INC.,True,False
VEGF|PD-L1|EGFR|PD-1,MAB,UNRESOLVED,,ABSTAIN - no decisive readout,0,0.0,1,,UNRESOLVED_no_grounded_patents,0.0,0.0,0.0,0,0,,,,False,False
VEGF|PDGF,BISPECIFIC,UNRESOLVED,,ABSTAIN - no decisive readout,0,0.0,0,0.0,weighted_fto_deterministic,0.0,0.0,0.0,1,1,BISPECIFIC,WO2016205427A2,ABBVIE INC.,True,False
VEGF|TCR,MAB,UNRESOLVED,,ABSTAIN - no decisive readout,0,0.0,1,,UNRESOLVED_no_grounded_patents,0.0,0.0,0.0,0,0,,,,False,False
VEGF|TISSUE FACTOR,MAB,UNRESOLVED,,ABSTAIN - no decisive readout,0,0.0,1,,UNRESOLVED_no_grounded_patents,0.0,0.0,0.0,0,0,,,,False,False
VEGF|TROP-2,MAB,UNRESOLVED,,ABSTAIN - no decisive readout,0,0.0,2,,UNRESOLVED_no_grounded_patents,0.0,0.0,0.0,0,0,,,,False,False
VEGF|VHL,MAB,UNRESOLVED,,ABSTAIN - no decisive readout,0,0.0,3,,UNRESOLVED_no_grounded_patents,0.0,0.0,0.0,0,0,,,,False,False
VEGF|VHL,UNCLASSIFIED,UNRESOLVED,,ABSTAIN - no decisive readout,0,0.0,1,,UNRESOLVED_no_grounded_patents,0.0,0.0,0.0,0,0,,,,False,False
VEGF|WT1,MAB,UNRESOLVED,,ABSTAIN - no decisive readout,0,0.0,1,,UNRESOLVED_no_grounded_patents,0.0,0.0,0.0,0,0,,,,False,False
VISTA,MAB,UNRESOLVED,,ABSTAIN - no decisive readout,0,0.0,2,0.588,weighted_fto_deterministic,0.588,0.723,0.0,15,20,MAB,WO2026030622A1,ANTHARIS THERAPEUTICS INC.,True,False
VISTA|CD28,BISPECIFIC,UNRESOLVED,,ABSTAIN - no decisive readout,0,0.0,0,0.0,weighted_fto_deterministic,0.0,0.0,0.0,1,1,BISPECIFIC,WO2025216894A1,"SENSEI BIOTHERAPEUTICS, INC.",True,False
VLA-4,MAB,UNRESOLVED,,ABSTAIN - no decisive readout,0,0.0,0,0.0,weighted_fto_deterministic,0.0,0.0,0.0,1,1,MAB,WO2010121141A1,BIOGEN IDEC MA INC.,True,False
VSIG4,MAB,UNRESOLVED,,ABSTAIN - no decisive readout,0,0.0,0,0.042,weighted_fto_deterministic,0.0,0.167,0.0,1,2,MAB,WO2024085726A1,"EUTILEX CO.,LTD.",True,False
VSIG4|SIGLEC-7,MAB,UNRESOLVED,,ABSTAIN - no decisive readout,0,0.0,0,0.0,weighted_fto_deterministic,0.0,0.0,0.0,1,1,MAB,WO2025037646A1,THE UNIVERSITY OF TOKYO,True,False
VSTM5,MAB,UNRESOLVED,,ABSTAIN - no decisive readout,0,0.0,0,0.0,weighted_fto_deterministic,0.0,0.0,0.0,1,1,MAB,WO2015037005A1,COMPUGEN LTD.,True,False
WNT11,MAB,UNRESOLVED,,ABSTAIN - no decisive readout,0,0.0,0,0.0,weighted_fto_deterministic,0.0,0.0,0.0,0,1,MAB,WO2025026928A1,ASOCIACIÓN CENTRO DE INVESTIGACIÓN COOPERATIVA EN BIOCIENCIAS-CIC BIOGUNE,True,False
WNT16,MAB,UNRESOLVED,,ABSTAIN - no decisive readout,0,0.0,0,0.0,weighted_fto_deterministic,0.0,0.0,0.0,0,1,MAB,WO2016155420A1,SHANGHAI INSTITUTES FOR BIOLOGICAL SCIENCES,True,False
WT1,ADC,UNRESOLVED,,ABSTAIN - no decisive readout,0,0.0,0,0.301,weighted_fto_deterministic,0.301,0.0,0.0,4,5,ADC|MAB,WO2026006495A1,"ALLOY THERAPEUTICS, INC.",True,False
WT1|CD3,BISPECIFIC,UNRESOLVED,,ABSTAIN - no decisive readout,0,0.0,0,0.342,weighted_fto_deterministic,0.301,0.334,0.463,4,4,BISPECIFIC,WO2024149821A1,F. HOFFMANN-LA ROCHE AG,True,False
WT1|CD8,BISPECIFIC,UNRESOLVED,,ABSTAIN - no decisive readout,0,0.0,0,0.0,weighted_fto_deterministic,0.0,0.0,0.0,0,1,BISPECIFIC,WO2015070061A1,MEMORIAL SLOAN-KETTERING CANCER CENTER,True,False
WT1|TCR,BISPECIFIC,UNRESOLVED,,ABSTAIN - no decisive readout,0,0.0,0,0.0,weighted_fto_deterministic,0.0,0.0,0.0,1,1,BISPECIFIC,WO2019122052A2,F. HOFFMANN-LA ROCHE AG,True,False
ZIP12,MAB,UNRESOLVED,,ABSTAIN - no decisive readout,0,0.0,0,0.151,weighted_fto_deterministic,0.151,0.167,0.0,2,2,MAB,WO2023180743A1,APOLLO AP13 LIMITED,True,False
ZP4,MAB,UNRESOLVED,,ABSTAIN - no decisive readout,0,0.0,0,0.0,weighted_fto_deterministic,0.0,0.0,0.0,1,1,MAB,WO2024097877A1,BAYLOR COLLEGE OF MEDICINE,True,False
