target_harmonized,modality,quadrant,clinical_performance_Y,clinical_label,clinical_decisive_n,clinical_confidence,n_trials,epitope_crowding_X,x_status,fto_l1_epitope,fto_l2_format,fto_l3_use,fto_l1_lock_count,patents_grounded,ip_modalities,key_patent,blocking_assignee,x_resolved,y_resolved
HER2-DXD,ADC,UNRESOLVED,1.0,VALIDATED,14,1.0,22,,UNRESOLVED_no_grounded_patents,0.0,0.0,0.0,0,0,ADC,,,False,True
PD-1,MAB,UNRESOLVED,1.0,VALIDATED,705,1.0,2847,,UNRESOLVED_no_grounded_patents,0.0,0.0,0.0,0,0,ADC|BISPECIFIC|MAB,,,False,True
PD-L1,MAB,UNRESOLVED,1.0,VALIDATED,209,1.0,766,,UNRESOLVED_no_grounded_patents,0.0,0.0,0.0,0,0,BISPECIFIC|MAB,,,False,True
TROP-2-DXD,ADC,UNRESOLVED,1.0,VALIDATED,16,1.0,17,,UNRESOLVED_no_grounded_patents,0.0,0.0,0.0,0,0,ADC,,,False,True
VEGF,MAB,UNRESOLVED,1.0,VALIDATED,348,1.0,854,,UNRESOLVED_no_grounded_patents,0.0,0.0,0.0,0,0,BISPECIFIC|MAB,,,False,True
VEGFR2,MAB,UNRESOLVED,1.0,VALIDATED,27,1.0,51,,UNRESOLVED_no_grounded_patents,0.0,0.0,0.0,0,0,MAB,,,False,True
CTLA-4,MAB,UNRESOLVED,0.999,VALIDATED,57,1.0,140,,UNRESOLVED_no_grounded_patents,0.0,0.0,0.0,0,0,MAB,,,False,True
PD-1|VEGF,BISPECIFIC,UNRESOLVED,0.997,VALIDATED,14,1.0,55,,UNRESOLVED_no_grounded_patents,0.0,0.0,0.0,0,0,BISPECIFIC,,,False,True
EGFR|MET,BISPECIFIC,UNRESOLVED,0.993,VALIDATED,8,1.0,40,,UNRESOLVED_no_grounded_patents,0.0,0.0,0.0,0,0,BISPECIFIC,,,False,True
HER2,ADC,UNRESOLVED,0.989,VALIDATED,31,1.0,221,,UNRESOLVED_no_grounded_patents,0.0,0.0,0.0,0,0,ADC|BISPECIFIC|MAB,,,False,True
MET-MMAE,ADC,UNRESOLVED,0.989,VALIDATED,10,1.0,12,,UNRESOLVED_no_grounded_patents,0.0,0.0,0.0,0,0,,,,False,True
CD19|CD3,BISPECIFIC,UNRESOLVED,0.98,VALIDATED,10,1.0,42,,UNRESOLVED_no_grounded_patents,0.0,0.0,0.0,0,0,BISPECIFIC,,,False,True
CLDN18.2,MAB,UNRESOLVED,0.978,VALIDATED,7,1.0,20,,UNRESOLVED_no_grounded_patents,0.0,0.0,0.0,0,0,ADC|BISPECIFIC|MAB,,,False,True
HER2,BISPECIFIC,UNRESOLVED,0.973,VALIDATED,8,1.0,27,,UNRESOLVED_no_grounded_patents,0.0,0.0,0.0,0,0,ADC|BISPECIFIC|MAB,,,False,True
TROP-2-KL610023,ADC,UNRESOLVED,0.972,VALIDATED,5,1.0,14,,UNRESOLVED_no_grounded_patents,0.0,0.0,0.0,0,0,,,,False,True
HER2-TOP1I,ADC,UNRESOLVED,0.97,VALIDATED,6,1.0,11,,UNRESOLVED_no_grounded_patents,0.0,0.0,0.0,0,0,,,,False,True
CD20|CD3,BISPECIFIC,UNRESOLVED,0.948,VALIDATED,13,1.0,58,,UNRESOLVED_no_grounded_patents,0.0,0.0,0.0,0,0,BISPECIFIC|BITE,,,False,True
HER2|PD-1,MAB,UNRESOLVED,0.926,VALIDATED,4,1.0,27,,UNRESOLVED_no_grounded_patents,0.0,0.0,0.0,0,0,,,,False,True
DLL3|CD3,BISPECIFIC,UNRESOLVED,0.912,VALIDATED,3,1.0,28,,UNRESOLVED_no_grounded_patents,0.0,0.0,0.0,0,0,BISPECIFIC,,,False,True
TISSUE FACTOR,ADC,UNRESOLVED,0.912,VALIDATED,3,1.0,7,,UNRESOLVED_no_grounded_patents,0.0,0.0,0.0,0,0,ADC|MAB,,,False,True
VEGF|MUC16,MAB,UNRESOLVED,0.912,VALIDATED,5,1.0,15,,UNRESOLVED_no_grounded_patents,0.0,0.0,0.0,0,0,,,,False,True
CD19|CD22,CAR-T,UNRESOLVED,0.881,VALIDATED,13,1.0,75,,UNRESOLVED_no_grounded_patents,0.0,0.0,0.0,0,0,,,,False,True
HER2|HER3,BISPECIFIC,UNRESOLVED,0.858,VALIDATED,3,1.0,4,,UNRESOLVED_no_grounded_patents,0.0,0.0,0.0,0,0,BISPECIFIC,,,False,True
CD30-MMAE,ADC,UNRESOLVED,0.85,VALIDATED,2,0.67,6,,UNRESOLVED_no_grounded_patents,0.0,0.0,0.0,0,0,ADC,,,False,True
EPCAM|CD3,BISPECIFIC,UNRESOLVED,0.85,VALIDATED,4,1.0,11,,UNRESOLVED_no_grounded_patents,0.0,0.0,0.0,0,0,BISPECIFIC,,,False,True
PD-1|CTLA-4,BISPECIFIC,UNRESOLVED,0.846,VALIDATED,4,1.0,24,,UNRESOLVED_no_grounded_patents,0.0,0.0,0.0,0,0,BISPECIFIC,,,False,True
NECTIN4,ADC,UNRESOLVED,0.832,VALIDATED,6,1.0,29,,UNRESOLVED_no_grounded_patents,0.0,0.0,0.0,0,0,BISPECIFIC|MAB,,,False,True
CD22,ADC,UNRESOLVED,0.802,VALIDATED,7,1.0,14,,UNRESOLVED_no_grounded_patents,0.0,0.0,0.0,0,0,MAB,,,False,True
EGFR|HER3,BISPECIFIC,UNRESOLVED,0.802,VALIDATED,3,1.0,5,,UNRESOLVED_no_grounded_patents,0.0,0.0,0.0,0,0,BISPECIFIC,,,False,True
EGFR|HER3-TOP1I,ADC,UNRESOLVED,0.802,VALIDATED,3,1.0,7,,UNRESOLVED_no_grounded_patents,0.0,0.0,0.0,0,0,,,,False,True
PD-1|FGFR,MAB,UNRESOLVED,0.774,VALIDATED,7,1.0,11,,UNRESOLVED_no_grounded_patents,0.0,0.0,0.0,0,0,,,,False,True
VEGF|PD-1|PD-L1,MAB,UNRESOLVED,0.774,VALIDATED,3,1.0,15,,UNRESOLVED_no_grounded_patents,0.0,0.0,0.0,0,0,,,,False,True
BCL-2|BTK|CD20,MAB,UNRESOLVED,0.769,VALIDATED,2,0.67,3,,UNRESOLVED_no_grounded_patents,0.0,0.0,0.0,0,0,,,,False,True
BTLA,MAB,UNRESOLVED,0.769,VALIDATED,2,0.67,4,,UNRESOLVED_no_grounded_patents,0.0,0.0,0.0,0,0,MAB,,,False,True
CD3|EGFR,BISPECIFIC,UNRESOLVED,0.769,VALIDATED,2,0.67,5,,UNRESOLVED_no_grounded_patents,0.0,0.0,0.0,0,0,,,,False,True
HER2-REZETECAN,ADC,UNRESOLVED,0.769,VALIDATED,2,0.67,3,,UNRESOLVED_no_grounded_patents,0.0,0.0,0.0,0,0,,,,False,True
PD-1|PD-L1|CTLA-4,MAB,UNRESOLVED,0.769,VALIDATED,2,0.67,4,,UNRESOLVED_no_grounded_patents,0.0,0.0,0.0,0,0,,,,False,True
BCMA|CD38,ADC,UNRESOLVED,0.756,VALIDATED,1,0.33,4,,UNRESOLVED_no_grounded_patents,0.0,0.0,0.0,0,0,,,,False,True
CD20|CD19|CD79B,MAB,UNRESOLVED,0.756,VALIDATED,1,0.33,1,,UNRESOLVED_no_grounded_patents,0.0,0.0,0.0,0,0,,,,False,True
CD22|CD123|CD19|CD20|CD33|CD38,ADC,UNRESOLVED,0.756,VALIDATED,1,0.33,1,,UNRESOLVED_no_grounded_patents,0.0,0.0,0.0,0,0,,,,False,True
CD33|WT1-CALICHEAMICIN,ADC,UNRESOLVED,0.756,VALIDATED,1,0.33,1,,UNRESOLVED_no_grounded_patents,0.0,0.0,0.0,0,0,,,,False,True
CEA|CEACAM5|MUC16|PD-L1,MAB,UNRESOLVED,0.756,VALIDATED,1,0.33,1,,UNRESOLVED_no_grounded_patents,0.0,0.0,0.0,0,0,,,,False,True
HER2-DUOCARMYCIN,ADC,UNRESOLVED,0.756,VALIDATED,1,0.33,4,,UNRESOLVED_no_grounded_patents,0.0,0.0,0.0,0,0,ADC,,,False,True
HER2|EGFR-MMAF,ADC,UNRESOLVED,0.756,VALIDATED,1,0.33,1,,UNRESOLVED_no_grounded_patents,0.0,0.0,0.0,0,0,,,,False,True
PD-1|EGFR|PD-L1|VEGF,MAB,UNRESOLVED,0.756,VALIDATED,1,0.33,1,,UNRESOLVED_no_grounded_patents,0.0,0.0,0.0,0,0,,,,False,True
PD-1|PD-L1-MMAE,ADC,UNRESOLVED,0.756,VALIDATED,1,0.33,1,,UNRESOLVED_no_grounded_patents,0.0,0.0,0.0,0,0,,,,False,True
PD-L1,ADC,UNRESOLVED,0.756,VALIDATED,1,0.33,2,,UNRESOLVED_no_grounded_patents,0.0,0.0,0.0,0,0,BISPECIFIC|MAB,,,False,True
BTK,UNCLASSIFIED,UNRESOLVED,0.75,VALIDATED,10,1.0,45,,UNRESOLVED_no_grounded_patents,0.0,0.0,0.0,0,0,MAB|PROTAC,,,False,True
BTK|CD20,MAB,UNRESOLVED,0.75,VALIDATED,3,1.0,9,,UNRESOLVED_no_grounded_patents,0.0,0.0,0.0,0,0,,,,False,True
CD19,MAB,UNRESOLVED,0.75,VALIDATED,14,1.0,35,,UNRESOLVED_no_grounded_patents,0.0,0.0,0.0,0,0,ADC|MAB,,,False,True
CD20,MAB,UNRESOLVED,0.75,VALIDATED,185,1.0,767,,UNRESOLVED_no_grounded_patents,0.0,0.0,0.0,0,0,MAB,,,False,True
CD20|BTK,MAB,UNRESOLVED,0.75,VALIDATED,10,1.0,63,,UNRESOLVED_no_grounded_patents,0.0,0.0,0.0,0,0,,,,False,True
CD20|CD19,MAB,UNRESOLVED,0.75,VALIDATED,8,1.0,23,,UNRESOLVED_no_grounded_patents,0.0,0.0,0.0,0,0,,,,False,True
CD30|CD20,ADC,UNRESOLVED,0.75,VALIDATED,5,1.0,6,,UNRESOLVED_no_grounded_patents,0.0,0.0,0.0,0,0,,,,False,True
CD38,MAB,UNRESOLVED,0.75,VALIDATED,38,1.0,154,,UNRESOLVED_no_grounded_patents,0.0,0.0,0.0,0,0,BISPECIFIC|MAB,,,False,True
CTLA-4|PD-1|TCR,MAB,UNRESOLVED,0.75,VALIDATED,2,0.67,4,,UNRESOLVED_no_grounded_patents,0.0,0.0,0.0,0,0,,,,False,True
EGFR,ADC,UNRESOLVED,0.75,VALIDATED,3,1.0,10,,UNRESOLVED_no_grounded_patents,0.0,0.0,0.0,0,0,ADC|BISPECIFIC|MAB,,,False,True
EGFR,MAB,UNRESOLVED,0.75,VALIDATED,207,1.0,688,,UNRESOLVED_no_grounded_patents,0.0,0.0,0.0,0,0,ADC|BISPECIFIC|MAB,,,False,True
FGFR,MAB,UNRESOLVED,0.75,VALIDATED,2,0.67,4,,UNRESOLVED_no_grounded_patents,0.0,0.0,0.0,0,0,MAB,,,False,True
HER2,MAB,UNRESOLVED,0.75,VALIDATED,181,1.0,904,,UNRESOLVED_no_grounded_patents,0.0,0.0,0.0,0,0,ADC|BISPECIFIC|MAB,,,False,True
HER2|ER,MAB,UNRESOLVED,0.75,VALIDATED,15,1.0,65,,UNRESOLVED_no_grounded_patents,0.0,0.0,0.0,0,0,,,,False,True
NECTIN4|PD-1,ADC,UNRESOLVED,0.75,VALIDATED,3,1.0,34,,UNRESOLVED_no_grounded_patents,0.0,0.0,0.0,0,0,,,,False,True
PD-1|EGFR|PD-L1,MAB,UNRESOLVED,0.75,VALIDATED,2,0.67,12,,UNRESOLVED_no_grounded_patents,0.0,0.0,0.0,0,0,,,,False,True
PD-1|PD-L1,MAB,UNRESOLVED,0.75,VALIDATED,89,1.0,455,,UNRESOLVED_no_grounded_patents,0.0,0.0,0.0,0,0,BISPECIFIC,,,False,True
PD-1|VEGF,MAB,UNRESOLVED,0.75,VALIDATED,11,1.0,80,,UNRESOLVED_no_grounded_patents,0.0,0.0,0.0,0,0,BISPECIFIC,,,False,True
PD-L1|VEGF,MAB,UNRESOLVED,0.75,VALIDATED,13,1.0,75,,UNRESOLVED_no_grounded_patents,0.0,0.0,0.0,0,0,BISPECIFIC,,,False,True
TROP-2,ADC,UNRESOLVED,0.75,VALIDATED,15,1.0,73,,UNRESOLVED_no_grounded_patents,0.0,0.0,0.0,0,0,BISPECIFIC|MAB,,,False,True
VEGF|EGFR,MAB,UNRESOLVED,0.75,VALIDATED,13,1.0,89,,UNRESOLVED_no_grounded_patents,0.0,0.0,0.0,0,0,BISPECIFIC,,,False,True
CD30,MAB,UNRESOLVED,0.711,VALIDATED,3,1.0,11,,UNRESOLVED_no_grounded_patents,0.0,0.0,0.0,0,0,MAB,,,False,True
ER|HER2,MAB,UNRESOLVED,0.668,VALIDATED,4,1.0,9,,UNRESOLVED_no_grounded_patents,0.0,0.0,0.0,0,0,,,,False,True
PD-L1|HER2,MAB,UNRESOLVED,0.653,VALIDATED,3,1.0,13,,UNRESOLVED_no_grounded_patents,0.0,0.0,0.0,0,0,BISPECIFIC,,,False,True
ALK|EGFR|FGFR|HER2|LAG-3,ADC,UNRESOLVED,0.646,VALIDATED,1,0.33,1,,UNRESOLVED_no_grounded_patents,0.0,0.0,0.0,0,0,,,,False,True
AR|HER3,MAB,UNRESOLVED,0.646,VALIDATED,1,0.33,1,,UNRESOLVED_no_grounded_patents,0.0,0.0,0.0,0,0,,,,False,True
B7-H3-DXD,ADC,UNRESOLVED,0.646,VALIDATED,1,0.33,5,,UNRESOLVED_no_grounded_patents,0.0,0.0,0.0,0,0,ADC,,,False,True
BCL-2|CD20,MAB,UNRESOLVED,0.646,VALIDATED,1,0.33,5,,UNRESOLVED_no_grounded_patents,0.0,0.0,0.0,0,0,,,,False,True
BCMA|CD25,CAR-T,UNRESOLVED,0.646,VALIDATED,1,0.33,2,,UNRESOLVED_no_grounded_patents,0.0,0.0,0.0,0,0,,,,False,True
BTK|CD19,MAB,UNRESOLVED,0.646,VALIDATED,1,0.33,1,,UNRESOLVED_no_grounded_patents,0.0,0.0,0.0,0,0,,,,False,True
CD19|CD20|CD22|CD30,CAR-T,UNRESOLVED,0.646,VALIDATED,1,0.33,1,,UNRESOLVED_no_grounded_patents,0.0,0.0,0.0,0,0,,,,False,True
CD19|TCR,BISPECIFIC,UNRESOLVED,0.646,VALIDATED,1,0.33,1,,UNRESOLVED_no_grounded_patents,0.0,0.0,0.0,0,0,,,,False,True
CD20|5T4,MAB,UNRESOLVED,0.646,VALIDATED,1,0.33,1,,UNRESOLVED_no_grounded_patents,0.0,0.0,0.0,0,0,,,,False,True
CD20|CD79B,ADC,UNRESOLVED,0.646,VALIDATED,1,0.33,1,,UNRESOLVED_no_grounded_patents,0.0,0.0,0.0,0,0,,,,False,True
CD20|VEGFR2,MAB,UNRESOLVED,0.646,VALIDATED,1,0.33,1,,UNRESOLVED_no_grounded_patents,0.0,0.0,0.0,0,0,,,,False,True
CD22|ANG2,MAB,UNRESOLVED,0.646,VALIDATED,1,0.33,1,,UNRESOLVED_no_grounded_patents,0.0,0.0,0.0,0,0,,,,False,True
CD22|CD19|CD3|CD25|CD28,BISPECIFIC,UNRESOLVED,0.646,VALIDATED,1,0.33,1,,UNRESOLVED_no_grounded_patents,0.0,0.0,0.0,0,0,,,,False,True
CD25|PD-1|PD-L1,MAB,UNRESOLVED,0.646,VALIDATED,1,0.33,1,,UNRESOLVED_no_grounded_patents,0.0,0.0,0.0,0,0,,,,False,True
CD30,BISPECIFIC,UNRESOLVED,0.646,VALIDATED,1,0.33,1,,UNRESOLVED_no_grounded_patents,0.0,0.0,0.0,0,0,MAB,,,False,True
CD38|CTLA-4|LAG-3|PD-1,MAB,UNRESOLVED,0.646,VALIDATED,1,0.33,1,,UNRESOLVED_no_grounded_patents,0.0,0.0,0.0,0,0,,,,False,True
CD40|PD-1,MAB,UNRESOLVED,0.646,VALIDATED,1,0.33,1,,UNRESOLVED_no_grounded_patents,0.0,0.0,0.0,0,0,,,,False,True
CLDN18.2|CTLA-4|PD-1|PD-L1,BISPECIFIC,UNRESOLVED,0.646,VALIDATED,1,0.33,1,,UNRESOLVED_no_grounded_patents,0.0,0.0,0.0,0,0,,,,False,True
CLDN18.2|PD-1,MAB,UNRESOLVED,0.646,VALIDATED,1,0.33,1,,UNRESOLVED_no_grounded_patents,0.0,0.0,0.0,0,0,,,,False,True
CLDN18.2|VEGF,MAB,UNRESOLVED,0.646,VALIDATED,1,0.33,1,,UNRESOLVED_no_grounded_patents,0.0,0.0,0.0,0,0,,,,False,True
CLDN6,MAB,UNRESOLVED,0.646,VALIDATED,1,0.33,2,,UNRESOLVED_no_grounded_patents,0.0,0.0,0.0,0,0,MAB,,,False,True
CTLA-4|HER2|PD-1|PD-L1,BISPECIFIC,UNRESOLVED,0.646,VALIDATED,1,0.33,2,,UNRESOLVED_no_grounded_patents,0.0,0.0,0.0,0,0,,,,False,True
CTLA-4|PD-1,BISPECIFIC,UNRESOLVED,0.646,VALIDATED,10,1.0,75,,UNRESOLVED_no_grounded_patents,0.0,0.0,0.0,0,0,BISPECIFIC,,,False,True
EGFR|HER2,MAB,UNRESOLVED,0.646,VALIDATED,1,0.33,18,,UNRESOLVED_no_grounded_patents,0.0,0.0,0.0,0,0,,,,False,True
EGFR|PD-1,BISPECIFIC,UNRESOLVED,0.646,VALIDATED,1,0.33,1,,UNRESOLVED_no_grounded_patents,0.0,0.0,0.0,0,0,BISPECIFIC,,,False,True
FOLR1,MAB,UNRESOLVED,0.646,VALIDATED,1,0.33,4,,UNRESOLVED_no_grounded_patents,0.0,0.0,0.0,0,0,MAB,,,False,True
GDF15,MAB,UNRESOLVED,0.646,VALIDATED,1,0.33,1,,UNRESOLVED_no_grounded_patents,0.0,0.0,0.0,0,0,MAB,,,False,True
GPRC5D,MAB,UNRESOLVED,0.646,VALIDATED,1,0.33,2,,UNRESOLVED_no_grounded_patents,0.0,0.0,0.0,0,0,BISPECIFIC|MAB,,,False,True
GPRC5D|CD3,BISPECIFIC,UNRESOLVED,0.646,VALIDATED,1,0.33,5,,UNRESOLVED_no_grounded_patents,0.0,0.0,0.0,0,0,BISPECIFIC,,,False,True
HER2-DUO5,ADC,UNRESOLVED,0.646,VALIDATED,1,0.33,1,,UNRESOLVED_no_grounded_patents,0.0,0.0,0.0,0,0,,,,False,True
HER2-ERIBULIN,ADC,UNRESOLVED,0.646,VALIDATED,1,0.33,1,,UNRESOLVED_no_grounded_patents,0.0,0.0,0.0,0,0,,,,False,True
HER2|PD-1,BISPECIFIC,UNRESOLVED,0.646,VALIDATED,1,0.33,4,,UNRESOLVED_no_grounded_patents,0.0,0.0,0.0,0,0,,,,False,True
HER2|TROP-2,ADC,UNRESOLVED,0.646,VALIDATED,1,0.33,13,,UNRESOLVED_no_grounded_patents,0.0,0.0,0.0,0,0,BISPECIFIC,,,False,True
HER2|TROP-2-KL610023,ADC,UNRESOLVED,0.646,VALIDATED,1,0.33,1,,UNRESOLVED_no_grounded_patents,0.0,0.0,0.0,0,0,,,,False,True
HER2|VEGF,ADC,UNRESOLVED,0.646,VALIDATED,1,0.33,6,,UNRESOLVED_no_grounded_patents,0.0,0.0,0.0,0,0,BISPECIFIC,,,False,True
HER3|HER2,ADC,UNRESOLVED,0.646,VALIDATED,1,0.33,2,,UNRESOLVED_no_grounded_patents,0.0,0.0,0.0,0,0,BISPECIFIC,,,False,True
HER3|HER2,MAB,UNRESOLVED,0.646,VALIDATED,1,0.33,3,,UNRESOLVED_no_grounded_patents,0.0,0.0,0.0,0,0,BISPECIFIC,,,False,True
HER3|PD-1|VEGF,BISPECIFIC,UNRESOLVED,0.646,VALIDATED,1,0.33,1,,UNRESOLVED_no_grounded_patents,0.0,0.0,0.0,0,0,,,,False,True
IL-6,MAB,UNRESOLVED,0.646,VALIDATED,1,0.33,1,,UNRESOLVED_no_grounded_patents,0.0,0.0,0.0,0,0,MAB,,,False,True
IL1RAP,MAB,UNRESOLVED,0.646,VALIDATED,1,0.33,3,,UNRESOLVED_no_grounded_patents,0.0,0.0,0.0,0,0,MAB,,,False,True
LAG-3,MAB,UNRESOLVED,0.646,VALIDATED,1,0.33,5,,UNRESOLVED_no_grounded_patents,0.0,0.0,0.0,0,0,MAB,,,False,True
PD-1|CD16|ER,MAB,UNRESOLVED,0.646,VALIDATED,1,0.33,1,,UNRESOLVED_no_grounded_patents,0.0,0.0,0.0,0,0,,,,False,True
PD-1|CD19,CAR-T,UNRESOLVED,0.646,VALIDATED,1,0.33,2,,UNRESOLVED_no_grounded_patents,0.0,0.0,0.0,0,0,,,,False,True
PD-1|CD19,MAB,UNRESOLVED,0.646,VALIDATED,1,0.33,4,,UNRESOLVED_no_grounded_patents,0.0,0.0,0.0,0,0,,,,False,True
PD-1|LAG-3,BISPECIFIC,UNRESOLVED,0.646,VALIDATED,1,0.33,2,,UNRESOLVED_no_grounded_patents,0.0,0.0,0.0,0,0,BISPECIFIC,,,False,True
PD-1|LAG-3,MAB,UNRESOLVED,0.646,VALIDATED,5,1.0,38,,UNRESOLVED_no_grounded_patents,0.0,0.0,0.0,0,0,BISPECIFIC,,,False,True
PD-1|LAG-3|PD-L1|TIM-3,MAB,UNRESOLVED,0.646,VALIDATED,1,0.33,1,,UNRESOLVED_no_grounded_patents,0.0,0.0,0.0,0,0,,,,False,True
PD-1|PD-L1|PD-L2,MAB,UNRESOLVED,0.646,VALIDATED,1,0.33,1,,UNRESOLVED_no_grounded_patents,0.0,0.0,0.0,0,0,,,,False,True
PD-L1-TOP1I,ADC,UNRESOLVED,0.646,VALIDATED,1,0.33,4,,UNRESOLVED_no_grounded_patents,0.0,0.0,0.0,0,0,,,,False,True
ROR1|CD20,ADC,UNRESOLVED,0.646,VALIDATED,1,0.33,3,,UNRESOLVED_no_grounded_patents,0.0,0.0,0.0,0,0,,,,False,True
SEMA4D|PD-L1,MAB,UNRESOLVED,0.646,VALIDATED,1,0.33,1,,UNRESOLVED_no_grounded_patents,0.0,0.0,0.0,0,0,,,,False,True
TISSUE FACTOR|PD-1,ADC,UNRESOLVED,0.646,VALIDATED,1,0.33,1,,UNRESOLVED_no_grounded_patents,0.0,0.0,0.0,0,0,,,,False,True
TISSUE FACTOR|PD-1|VEGF,ADC,UNRESOLVED,0.646,VALIDATED,1,0.33,1,,UNRESOLVED_no_grounded_patents,0.0,0.0,0.0,0,0,,,,False,True
TROP-2|PD-1,ADC,UNRESOLVED,0.646,VALIDATED,1,0.33,23,,UNRESOLVED_no_grounded_patents,0.0,0.0,0.0,0,0,,,,False,True
VEGF|BCL-XL,MAB,UNRESOLVED,0.646,VALIDATED,1,0.33,1,,UNRESOLVED_no_grounded_patents,0.0,0.0,0.0,0,0,,,,False,True
VEGF|ER|HER2,MAB,UNRESOLVED,0.646,VALIDATED,1,0.33,7,,UNRESOLVED_no_grounded_patents,0.0,0.0,0.0,0,0,,,,False,True
WT1,CAR-T,UNRESOLVED,0.646,VALIDATED,1,0.33,9,,UNRESOLVED_no_grounded_patents,0.0,0.0,0.0,0,0,ADC|MAB,,,False,True
CD20,BISPECIFIC,UNRESOLVED,0.622,VALIDATED,2,0.67,7,,UNRESOLVED_no_grounded_patents,0.0,0.0,0.0,0,0,MAB,,,False,True
HER2-DM1,ADC,UNRESOLVED,0.622,VALIDATED,3,1.0,7,,UNRESOLVED_no_grounded_patents,0.0,0.0,0.0,0,0,ADC,,,False,True
HER2|PD-1,ADC,UNRESOLVED,0.622,VALIDATED,3,1.0,44,,UNRESOLVED_no_grounded_patents,0.0,0.0,0.0,0,0,,,,False,True
PD-1|CD28,MAB,UNRESOLVED,0.622,VALIDATED,2,0.67,2,,UNRESOLVED_no_grounded_patents,0.0,0.0,0.0,0,0,BISPECIFIC,,,False,True
PD-L1|VEGF,BISPECIFIC,UNRESOLVED,0.622,VALIDATED,2,0.67,20,,UNRESOLVED_no_grounded_patents,0.0,0.0,0.0,0,0,BISPECIFIC,,,False,True
CD3|GPRC5D,BISPECIFIC,UNRESOLVED,0.599,CONTESTED,2,0.67,3,,UNRESOLVED_no_grounded_patents,0.0,0.0,0.0,0,0,,,,False,True
HER2-AURISTATIN,ADC,UNRESOLVED,0.599,CONTESTED,3,1.0,6,,UNRESOLVED_no_grounded_patents,0.0,0.0,0.0,0,0,,,,False,True
PD-1|CD73,MAB,UNRESOLVED,0.599,CONTESTED,2,0.67,13,,UNRESOLVED_no_grounded_patents,0.0,0.0,0.0,0,0,,,,False,True
PSMA,MAB,UNRESOLVED,0.583,CONTESTED,5,1.0,23,,UNRESOLVED_no_grounded_patents,0.0,0.0,0.0,0,0,ADC|BISPECIFIC|MAB,,,False,True
BCMA,MAB,UNRESOLVED,0.574,CONTESTED,5,1.0,15,,UNRESOLVED_no_grounded_patents,0.0,0.0,0.0,0,0,ADC|BISPECIFIC|MAB,,,False,True
CD20|CD38,MAB,UNRESOLVED,0.574,CONTESTED,2,0.67,2,,UNRESOLVED_no_grounded_patents,0.0,0.0,0.0,0,0,,,,False,True
CD30|ALK,ADC,UNRESOLVED,0.574,CONTESTED,2,0.67,2,,UNRESOLVED_no_grounded_patents,0.0,0.0,0.0,0,0,,,,False,True
CD33-CALICHEAMICIN,ADC,UNRESOLVED,0.574,CONTESTED,2,0.67,4,,UNRESOLVED_no_grounded_patents,0.0,0.0,0.0,0,0,,,,False,True
HER2|EGFR,ADC,UNRESOLVED,0.574,CONTESTED,2,0.67,4,,UNRESOLVED_no_grounded_patents,0.0,0.0,0.0,0,0,BISPECIFIC,,,False,True
HER2|EGFR,MAB,UNRESOLVED,0.574,CONTESTED,2,0.67,18,,UNRESOLVED_no_grounded_patents,0.0,0.0,0.0,0,0,BISPECIFIC,,,False,True
HER2|HER3|AR|EGFR,BISPECIFIC,UNRESOLVED,0.574,CONTESTED,2,0.67,2,,UNRESOLVED_no_grounded_patents,0.0,0.0,0.0,0,0,,,,False,True
MET,ADC,UNRESOLVED,0.574,CONTESTED,2,0.67,6,,UNRESOLVED_no_grounded_patents,0.0,0.0,0.0,0,0,ADC|BISPECIFIC|MAB,,,False,True
PD-1|CEA,MAB,UNRESOLVED,0.574,CONTESTED,2,0.67,2,,UNRESOLVED_no_grounded_patents,0.0,0.0,0.0,0,0,,,,False,True
PD-L1,BISPECIFIC,UNRESOLVED,0.574,CONTESTED,4,1.0,10,,UNRESOLVED_no_grounded_patents,0.0,0.0,0.0,0,0,BISPECIFIC|MAB,,,False,True
VEGF|PD-1,MAB,UNRESOLVED,0.574,CONTESTED,2,0.67,51,,UNRESOLVED_no_grounded_patents,0.0,0.0,0.0,0,0,BISPECIFIC,,,False,True
BCMA-MMAF,ADC,UNRESOLVED,0.55,CONTESTED,1,0.33,1,,UNRESOLVED_no_grounded_patents,0.0,0.0,0.0,0,0,ADC,,,False,True
BTK,MAB,UNRESOLVED,0.55,CONTESTED,1,0.33,6,,UNRESOLVED_no_grounded_patents,0.0,0.0,0.0,0,0,MAB|PROTAC,,,False,True
CD137|CTLA-4,MAB,UNRESOLVED,0.55,CONTESTED,1,0.33,1,,UNRESOLVED_no_grounded_patents,0.0,0.0,0.0,0,0,,,,False,True
CD137|PD-1,MAB,UNRESOLVED,0.55,CONTESTED,1,0.33,4,,UNRESOLVED_no_grounded_patents,0.0,0.0,0.0,0,0,,,,False,True
CD19|CD3|BCL-2,BISPECIFIC,UNRESOLVED,0.55,CONTESTED,1,0.33,3,,UNRESOLVED_no_grounded_patents,0.0,0.0,0.0,0,0,,,,False,True
CD19|CD3|CD20|BCL-2,BISPECIFIC,UNRESOLVED,0.55,CONTESTED,1,0.33,1,,UNRESOLVED_no_grounded_patents,0.0,0.0,0.0,0,0,,,,False,True
CD19|CD3|CTLA-4|PD-1,BISPECIFIC,UNRESOLVED,0.55,CONTESTED,1,0.33,1,,UNRESOLVED_no_grounded_patents,0.0,0.0,0.0,0,0,,,,False,True
CD19|PD-1|PD-L1,MAB,UNRESOLVED,0.55,CONTESTED,1,0.33,1,,UNRESOLVED_no_grounded_patents,0.0,0.0,0.0,0,0,,,,False,True
CD20|CD3|CEA,BISPECIFIC,UNRESOLVED,0.55,CONTESTED,1,0.33,1,,UNRESOLVED_no_grounded_patents,0.0,0.0,0.0,0,0,,,,False,True
CD30|PD-1,MAB,UNRESOLVED,0.55,CONTESTED,1,0.33,2,,UNRESOLVED_no_grounded_patents,0.0,0.0,0.0,0,0,,,,False,True
CD33,CAR-T,UNRESOLVED,0.55,CONTESTED,3,1.0,16,,UNRESOLVED_no_grounded_patents,0.0,0.0,0.0,0,0,MAB,,,False,True
CD3|CD30,BISPECIFIC,UNRESOLVED,0.55,CONTESTED,1,0.33,1,,UNRESOLVED_no_grounded_patents,0.0,0.0,0.0,0,0,,,,False,True
CD73|PD-1,MAB,UNRESOLVED,0.55,CONTESTED,1,0.33,1,,UNRESOLVED_no_grounded_patents,0.0,0.0,0.0,0,0,,,,False,True
CTLA-4|HER2|PD-1|TCR,MAB,UNRESOLVED,0.55,CONTESTED,1,0.33,1,,UNRESOLVED_no_grounded_patents,0.0,0.0,0.0,0,0,,,,False,True
DLL3|CD3,BITE,UNRESOLVED,0.55,CONTESTED,1,0.33,7,,UNRESOLVED_no_grounded_patents,0.0,0.0,0.0,0,0,BISPECIFIC,,,False,True
EGFR-MMAE,ADC,UNRESOLVED,0.55,CONTESTED,1,0.33,5,,UNRESOLVED_no_grounded_patents,0.0,0.0,0.0,0,0,ADC,,,False,True
EGFR|HER2,ADC,UNRESOLVED,0.55,CONTESTED,1,0.33,2,,UNRESOLVED_no_grounded_patents,0.0,0.0,0.0,0,0,,,,False,True
EGFR|HER3,MAB,UNRESOLVED,0.55,CONTESTED,1,0.33,5,,UNRESOLVED_no_grounded_patents,0.0,0.0,0.0,0,0,BISPECIFIC,,,False,True
FGFR-DM4,ADC,UNRESOLVED,0.55,CONTESTED,1,0.33,1,,UNRESOLVED_no_grounded_patents,0.0,0.0,0.0,0,0,,,,False,True
HER2|CD137,ADC,UNRESOLVED,0.55,CONTESTED,1,0.33,1,,UNRESOLVED_no_grounded_patents,0.0,0.0,0.0,0,0,BISPECIFIC,,,False,True
HER2|IGF-1R,MAB,UNRESOLVED,0.55,CONTESTED,3,1.0,5,,UNRESOLVED_no_grounded_patents,0.0,0.0,0.0,0,0,,,,False,True
MET-TOP1I,ADC,UNRESOLVED,0.55,CONTESTED,1,0.33,2,,UNRESOLVED_no_grounded_patents,0.0,0.0,0.0,0,0,,,,False,True
MET|PSMA,MAB,UNRESOLVED,0.55,CONTESTED,1,0.33,2,,UNRESOLVED_no_grounded_patents,0.0,0.0,0.0,0,0,,,,False,True
PD-1|PD-L1,BISPECIFIC,UNRESOLVED,0.55,CONTESTED,3,1.0,8,,UNRESOLVED_no_grounded_patents,0.0,0.0,0.0,0,0,BISPECIFIC,,,False,True
PSMA|PD-1,MAB,UNRESOLVED,0.55,CONTESTED,1,0.33,1,,UNRESOLVED_no_grounded_patents,0.0,0.0,0.0,0,0,,,,False,True
TISSUE FACTOR,MAB,UNRESOLVED,0.55,CONTESTED,1,0.33,4,,UNRESOLVED_no_grounded_patents,0.0,0.0,0.0,0,0,ADC|MAB,,,False,True
TROP-2,MAB,UNRESOLVED,0.55,CONTESTED,1,0.33,4,,UNRESOLVED_no_grounded_patents,0.0,0.0,0.0,0,0,BISPECIFIC|MAB,,,False,True
PD-1,BISPECIFIC,UNRESOLVED,0.525,CONTESTED,2,0.67,14,,UNRESOLVED_no_grounded_patents,0.0,0.0,0.0,0,0,ADC|BISPECIFIC|MAB,,,False,True
BCMA,ADC,UNRESOLVED,0.508,CONTESTED,5,1.0,16,,UNRESOLVED_no_grounded_patents,0.0,0.0,0.0,0,0,ADC|BISPECIFIC|MAB,,,False,True
EGFR|VEGF,MAB,UNRESOLVED,0.508,CONTESTED,5,1.0,19,,UNRESOLVED_no_grounded_patents,0.0,0.0,0.0,0,0,,,,False,True
PD-1|TIGIT|PD-L1,MAB,UNRESOLVED,0.508,CONTESTED,2,0.67,5,,UNRESOLVED_no_grounded_patents,0.0,0.0,0.0,0,0,,,,False,True
CD22|CD20,MAB,UNRESOLVED,0.5,CONTESTED,3,1.0,5,,UNRESOLVED_no_grounded_patents,0.0,0.0,0.0,0,0,,,,False,True
CEA,MAB,UNRESOLVED,0.5,CONTESTED,4,1.0,25,,UNRESOLVED_no_grounded_patents,0.0,0.0,0.0,0,0,ADC|MAB,,,False,True
CTLA-4|PD-1|PD-L1,BISPECIFIC,UNRESOLVED,0.5,CONTESTED,2,0.67,11,,UNRESOLVED_no_grounded_patents,0.0,0.0,0.0,0,0,,,,False,True
GD2,MAB,UNRESOLVED,0.5,CONTESTED,12,1.0,53,,UNRESOLVED_no_grounded_patents,0.0,0.0,0.0,0,0,MAB,,,False,True
GITR,MAB,UNRESOLVED,0.5,CONTESTED,2,0.67,2,,UNRESOLVED_no_grounded_patents,0.0,0.0,0.0,0,0,MAB,,,False,True
HER2|PD-1|PD-L1,ADC,UNRESOLVED,0.5,CONTESTED,2,0.67,4,,UNRESOLVED_no_grounded_patents,0.0,0.0,0.0,0,0,,,,False,True
MESOTHELIN,CAR-T,UNRESOLVED,0.5,CONTESTED,5,1.0,41,,UNRESOLVED_no_grounded_patents,0.0,0.0,0.0,0,0,BISPECIFIC|MAB,,,False,True
PD-L1|CTLA-4,MAB,UNRESOLVED,0.5,CONTESTED,2,0.67,4,,UNRESOLVED_no_grounded_patents,0.0,0.0,0.0,0,0,,,,False,True
5T4-AURISTATIN,ADC,UNRESOLVED,0.475,CONTESTED,1,0.33,1,,UNRESOLVED_no_grounded_patents,0.0,0.0,0.0,0,0,,,,False,True
AXL,CAR-T,UNRESOLVED,0.475,CONTESTED,1,0.33,1,,UNRESOLVED_no_grounded_patents,0.0,0.0,0.0,0,0,ADC|BISPECIFIC|MAB,,,False,True
AXL,MAB,UNRESOLVED,0.475,CONTESTED,1,0.33,1,,UNRESOLVED_no_grounded_patents,0.0,0.0,0.0,0,0,ADC|BISPECIFIC|MAB,,,False,True
B7-H3,MAB,UNRESOLVED,0.475,CONTESTED,7,1.0,15,,UNRESOLVED_no_grounded_patents,0.0,0.0,0.0,0,0,MAB,,,False,True
B7-H3-REZETECAN,ADC,UNRESOLVED,0.475,CONTESTED,2,0.67,6,,UNRESOLVED_no_grounded_patents,0.0,0.0,0.0,0,0,,,,False,True
B7-H3|CD3,BISPECIFIC,UNRESOLVED,0.475,CONTESTED,1,0.33,2,,UNRESOLVED_no_grounded_patents,0.0,0.0,0.0,0,0,BISPECIFIC,,,False,True
B7-H4-MMAE,ADC,UNRESOLVED,0.475,CONTESTED,1,0.33,1,,UNRESOLVED_no_grounded_patents,0.0,0.0,0.0,0,0,,,,False,True
BCL-2|CD137|CD19,CAR-T,UNRESOLVED,0.475,CONTESTED,1,0.33,1,,UNRESOLVED_no_grounded_patents,0.0,0.0,0.0,0,0,,,,False,True
BCL-2|CD33,MAB,UNRESOLVED,0.475,CONTESTED,1,0.33,1,,UNRESOLVED_no_grounded_patents,0.0,0.0,0.0,0,0,,,,False,True
BCL-2|CTLA-4|PD-1|PD-L1,MAB,UNRESOLVED,0.475,CONTESTED,1,0.33,1,,UNRESOLVED_no_grounded_patents,0.0,0.0,0.0,0,0,,,,False,True
BCMA,BISPECIFIC,UNRESOLVED,0.475,CONTESTED,1,0.33,4,,UNRESOLVED_no_grounded_patents,0.0,0.0,0.0,0,0,ADC|BISPECIFIC|MAB,,,False,True
BCMA-MAYTANSINOID,ADC,UNRESOLVED,0.475,CONTESTED,1,0.33,1,,UNRESOLVED_no_grounded_patents,0.0,0.0,0.0,0,0,,,,False,True
BCMA|CD123|CD19,CAR-T,UNRESOLVED,0.475,CONTESTED,1,0.33,2,,UNRESOLVED_no_grounded_patents,0.0,0.0,0.0,0,0,,,,False,True
BCMA|CD19,CAR-T,UNRESOLVED,0.475,CONTESTED,1,0.33,40,,UNRESOLVED_no_grounded_patents,0.0,0.0,0.0,0,0,,,,False,True
BCMA|CD19,UNCLASSIFIED,UNRESOLVED,0.475,CONTESTED,1,0.33,7,,UNRESOLVED_no_grounded_patents,0.0,0.0,0.0,0,0,,,,False,True
BCMA|CD38,MAB,UNRESOLVED,0.475,CONTESTED,1,0.33,4,,UNRESOLVED_no_grounded_patents,0.0,0.0,0.0,0,0,,,,False,True
BET|BRD4,UNCLASSIFIED,UNRESOLVED,0.475,CONTESTED,1,0.33,5,,UNRESOLVED_no_grounded_patents,0.0,0.0,0.0,0,0,,,,False,True
BET|BRD4|HER2,UNCLASSIFIED,UNRESOLVED,0.475,CONTESTED,1,0.33,1,,UNRESOLVED_no_grounded_patents,0.0,0.0,0.0,0,0,,,,False,True
BTK|CD19,CAR-T,UNRESOLVED,0.475,CONTESTED,1,0.33,2,,UNRESOLVED_no_grounded_patents,0.0,0.0,0.0,0,0,,,,False,True
BTK|CD19,UNCLASSIFIED,UNRESOLVED,0.475,CONTESTED,1,0.33,2,,UNRESOLVED_no_grounded_patents,0.0,0.0,0.0,0,0,,,,False,True
CD137|CD19,MAB,UNRESOLVED,0.475,CONTESTED,1,0.33,2,,UNRESOLVED_no_grounded_patents,0.0,0.0,0.0,0,0,,,,False,True
CD16|CD38,UNCLASSIFIED,UNRESOLVED,0.475,CONTESTED,1,0.33,2,,UNRESOLVED_no_grounded_patents,0.0,0.0,0.0,0,0,,,,False,True
CD19,BITE,UNRESOLVED,0.475,CONTESTED,1,0.33,2,,UNRESOLVED_no_grounded_patents,0.0,0.0,0.0,0,0,ADC|MAB,,,False,True
CD19|CD20|CD22,CAR-T,UNRESOLVED,0.475,CONTESTED,1,0.33,6,,UNRESOLVED_no_grounded_patents,0.0,0.0,0.0,0,0,,,,False,True
CD19|CD20|CD22,UNCLASSIFIED,UNRESOLVED,0.475,CONTESTED,1,0.33,1,,UNRESOLVED_no_grounded_patents,0.0,0.0,0.0,0,0,,,,False,True
CD19|CD20|NKG2D,CAR-T,UNRESOLVED,0.475,CONTESTED,1,0.33,1,,UNRESOLVED_no_grounded_patents,0.0,0.0,0.0,0,0,,,,False,True
CD19|EGFR,CAR-T,UNRESOLVED,0.475,CONTESTED,1,0.33,4,,UNRESOLVED_no_grounded_patents,0.0,0.0,0.0,0,0,,,,False,True
CD19|TCR,CAR-T,UNRESOLVED,0.475,CONTESTED,1,0.33,1,,UNRESOLVED_no_grounded_patents,0.0,0.0,0.0,0,0,,,,False,True
CD20|CD137,MAB,UNRESOLVED,0.475,CONTESTED,2,0.67,2,,UNRESOLVED_no_grounded_patents,0.0,0.0,0.0,0,0,,,,False,True
CD20|CD19|CD47|SIRP-ALPHA,MAB,UNRESOLVED,0.475,CONTESTED,1,0.33,1,,UNRESOLVED_no_grounded_patents,0.0,0.0,0.0,0,0,,,,False,True
CD20|CD40,MAB,UNRESOLVED,0.475,CONTESTED,2,0.67,2,,UNRESOLVED_no_grounded_patents,0.0,0.0,0.0,0,0,BISPECIFIC,,,False,True
CD20|CD47,UNCLASSIFIED,UNRESOLVED,0.475,CONTESTED,1,0.33,1,,UNRESOLVED_no_grounded_patents,0.0,0.0,0.0,0,0,,,,False,True
CD20|CD47|SIRP-ALPHA,MAB,UNRESOLVED,0.475,CONTESTED,1,0.33,3,,UNRESOLVED_no_grounded_patents,0.0,0.0,0.0,0,0,,,,False,True
CD20|CRBN,MAB,UNRESOLVED,0.475,CONTESTED,1,0.33,3,,UNRESOLVED_no_grounded_patents,0.0,0.0,0.0,0,0,,,,False,True
CD20|PD-L1,MAB,UNRESOLVED,0.475,CONTESTED,1,0.33,1,,UNRESOLVED_no_grounded_patents,0.0,0.0,0.0,0,0,,,,False,True
CD20|ROR1,CAR-T,UNRESOLVED,0.475,CONTESTED,1,0.33,1,,UNRESOLVED_no_grounded_patents,0.0,0.0,0.0,0,0,,,,False,True
CD24|ER|HER2,UNCLASSIFIED,UNRESOLVED,0.475,CONTESTED,1,0.33,1,,UNRESOLVED_no_grounded_patents,0.0,0.0,0.0,0,0,,,,False,True
CD25-PBD,ADC,UNRESOLVED,0.475,CONTESTED,1,0.33,1,,UNRESOLVED_no_grounded_patents,0.0,0.0,0.0,0,0,,,,False,True
CD25|CD40,UNCLASSIFIED,UNRESOLVED,0.475,CONTESTED,1,0.33,2,,UNRESOLVED_no_grounded_patents,0.0,0.0,0.0,0,0,,,,False,True
CD28,CAR-T,UNRESOLVED,0.475,CONTESTED,1,0.33,4,,UNRESOLVED_no_grounded_patents,0.0,0.0,0.0,0,0,BISPECIFIC|MAB,,,False,True
CD28|TCR,UNCLASSIFIED,UNRESOLVED,0.475,CONTESTED,1,0.33,1,,UNRESOLVED_no_grounded_patents,0.0,0.0,0.0,0,0,,,,False,True
CD33,BISPECIFIC,UNRESOLVED,0.475,CONTESTED,1,0.33,1,,UNRESOLVED_no_grounded_patents,0.0,0.0,0.0,0,0,MAB,,,False,True
CD33|GD2,CAR-T,UNRESOLVED,0.475,CONTESTED,1,0.33,1,,UNRESOLVED_no_grounded_patents,0.0,0.0,0.0,0,0,,,,False,True
CD38,CAR-T,UNRESOLVED,0.475,CONTESTED,1,0.33,5,,UNRESOLVED_no_grounded_patents,0.0,0.0,0.0,0,0,BISPECIFIC|MAB,,,False,True
CD38|CD47|SIRP-ALPHA,BISPECIFIC,UNRESOLVED,0.475,CONTESTED,1,0.33,1,,UNRESOLVED_no_grounded_patents,0.0,0.0,0.0,0,0,,,,False,True
CD38|CLL-1,CAR-T,UNRESOLVED,0.475,CONTESTED,1,0.33,2,,UNRESOLVED_no_grounded_patents,0.0,0.0,0.0,0,0,,,,False,True
CD38|ICAM1,BISPECIFIC,UNRESOLVED,0.475,CONTESTED,1,0.33,1,,UNRESOLVED_no_grounded_patents,0.0,0.0,0.0,0,0,BISPECIFIC,,,False,True
CD3|CD33,BISPECIFIC,UNRESOLVED,0.475,CONTESTED,1,0.33,3,,UNRESOLVED_no_grounded_patents,0.0,0.0,0.0,0,0,,,,False,True
CD3|CD38,BISPECIFIC,UNRESOLVED,0.475,CONTESTED,1,0.33,4,,UNRESOLVED_no_grounded_patents,0.0,0.0,0.0,0,0,,,,False,True
CD3|CD38,UNCLASSIFIED,UNRESOLVED,0.475,CONTESTED,1,0.33,1,,UNRESOLVED_no_grounded_patents,0.0,0.0,0.0,0,0,,,,False,True
CD3|CLL-1,BISPECIFIC,UNRESOLVED,0.475,CONTESTED,1,0.33,1,,UNRESOLVED_no_grounded_patents,0.0,0.0,0.0,0,0,,,,False,True
CD3|PD-L1,BISPECIFIC,UNRESOLVED,0.475,CONTESTED,1,0.33,1,,UNRESOLVED_no_grounded_patents,0.0,0.0,0.0,0,0,,,,False,True
CD44,RADIOLIGAND,UNRESOLVED,0.475,CONTESTED,1,0.33,1,,UNRESOLVED_no_grounded_patents,0.0,0.0,0.0,0,0,MAB,,,False,True
CD47|HER2|SIRP-ALPHA,BISPECIFIC,UNRESOLVED,0.475,CONTESTED,1,0.33,1,,UNRESOLVED_no_grounded_patents,0.0,0.0,0.0,0,0,,,,False,True
CD47|PD-1|PD-L1|SIRP-ALPHA,UNCLASSIFIED,UNRESOLVED,0.475,CONTESTED,1,0.33,1,,UNRESOLVED_no_grounded_patents,0.0,0.0,0.0,0,0,,,,False,True
CD47|PD-L1|SIRP-ALPHA,BISPECIFIC,UNRESOLVED,0.475,CONTESTED,1,0.33,5,,UNRESOLVED_no_grounded_patents,0.0,0.0,0.0,0,0,,,,False,True
CD47|SIRP-ALPHA,UNCLASSIFIED,UNRESOLVED,0.475,CONTESTED,1,0.33,4,,UNRESOLVED_no_grounded_patents,0.0,0.0,0.0,0,0,BISPECIFIC,,,False,True
CD70,UNCLASSIFIED,UNRESOLVED,0.475,CONTESTED,1,0.33,9,,UNRESOLVED_no_grounded_patents,0.0,0.0,0.0,0,0,MAB,,,False,True
CD73,UNCLASSIFIED,UNRESOLVED,0.475,CONTESTED,1,0.33,5,,UNRESOLVED_no_grounded_patents,0.0,0.0,0.0,0,0,BISPECIFIC|MAB,,,False,True
CDH6-DM4,ADC,UNRESOLVED,0.475,CONTESTED,1,0.33,1,,UNRESOLVED_no_grounded_patents,0.0,0.0,0.0,0,0,,,,False,True
CEACAM1,MAB,UNRESOLVED,0.475,CONTESTED,1,0.33,2,,UNRESOLVED_no_grounded_patents,0.0,0.0,0.0,0,0,MAB,,,False,True
CEACAM5,UNCLASSIFIED,UNRESOLVED,0.475,CONTESTED,1,0.33,5,,UNRESOLVED_no_grounded_patents,0.0,0.0,0.0,0,0,ADC|BISPECIFIC|MAB,,,False,True
CEA|CEACAM5,MAB,UNRESOLVED,0.475,CONTESTED,1,0.33,2,,UNRESOLVED_no_grounded_patents,0.0,0.0,0.0,0,0,BISPECIFIC,,,False,True
CEA|HER2,UNCLASSIFIED,UNRESOLVED,0.475,CONTESTED,1,0.33,1,,UNRESOLVED_no_grounded_patents,0.0,0.0,0.0,0,0,,,,False,True
CEA|MUC16,CAR-T,UNRESOLVED,0.475,CONTESTED,1,0.33,5,,UNRESOLVED_no_grounded_patents,0.0,0.0,0.0,0,0,,,,False,True
CLDN18.2,BITE,UNRESOLVED,0.475,CONTESTED,1,0.33,1,,UNRESOLVED_no_grounded_patents,0.0,0.0,0.0,0,0,ADC|BISPECIFIC|MAB,,,False,True
CLDN18.2-MMAE,ADC,UNRESOLVED,0.475,CONTESTED,1,0.33,3,,UNRESOLVED_no_grounded_patents,0.0,0.0,0.0,0,0,ADC,,,False,True
CLL-1,CAR-T,UNRESOLVED,0.475,CONTESTED,1,0.33,10,,UNRESOLVED_no_grounded_patents,0.0,0.0,0.0,0,0,MAB,,,False,True
CTLA-4,CAR-T,UNRESOLVED,0.475,CONTESTED,1,0.33,2,,UNRESOLVED_no_grounded_patents,0.0,0.0,0.0,0,0,MAB,,,False,True
CTLA-4|CD137,MAB,UNRESOLVED,0.475,CONTESTED,1,0.33,1,,UNRESOLVED_no_grounded_patents,0.0,0.0,0.0,0,0,,,,False,True
CTLA-4|LAG-3,MAB,UNRESOLVED,0.475,CONTESTED,1,0.33,1,,UNRESOLVED_no_grounded_patents,0.0,0.0,0.0,0,0,,,,False,True
CTLA-4|LAG-3|PD-1,BISPECIFIC,UNRESOLVED,0.475,CONTESTED,1,0.33,1,,UNRESOLVED_no_grounded_patents,0.0,0.0,0.0,0,0,,,,False,True
CTLA-4|MESOTHELIN,MAB,UNRESOLVED,0.475,CONTESTED,1,0.33,1,,UNRESOLVED_no_grounded_patents,0.0,0.0,0.0,0,0,,,,False,True
CTLA-4|PD-1|BET|BRD4,MAB,UNRESOLVED,0.475,CONTESTED,1,0.33,1,,UNRESOLVED_no_grounded_patents,0.0,0.0,0.0,0,0,,,,False,True
CTLA-4|PD-1|BTK,MAB,UNRESOLVED,0.475,CONTESTED,1,0.33,1,,UNRESOLVED_no_grounded_patents,0.0,0.0,0.0,0,0,,,,False,True
CTLA-4|PD-1|CD40,MAB,UNRESOLVED,0.475,CONTESTED,1,0.33,1,,UNRESOLVED_no_grounded_patents,0.0,0.0,0.0,0,0,,,,False,True
CTLA-4|PD-1|ER|HER2|TCR,MAB,UNRESOLVED,0.475,CONTESTED,1,0.33,1,,UNRESOLVED_no_grounded_patents,0.0,0.0,0.0,0,0,,,,False,True
CTLA-4|PD-1|PD-L1|TCR,MAB,UNRESOLVED,0.475,CONTESTED,1,0.33,1,,UNRESOLVED_no_grounded_patents,0.0,0.0,0.0,0,0,,,,False,True
CTLA-4|PD-1|PSMA,BISPECIFIC,UNRESOLVED,0.475,CONTESTED,1,0.33,1,,UNRESOLVED_no_grounded_patents,0.0,0.0,0.0,0,0,,,,False,True
CTLA-4|TCR,MAB,UNRESOLVED,0.475,CONTESTED,1,0.33,1,,UNRESOLVED_no_grounded_patents,0.0,0.0,0.0,0,0,BISPECIFIC,,,False,True
EGFR,BISPECIFIC,UNRESOLVED,0.475,CONTESTED,5,1.0,21,,UNRESOLVED_no_grounded_patents,0.0,0.0,0.0,0,0,ADC|BISPECIFIC|MAB,,,False,True
EGFR|ALK,MAB,UNRESOLVED,0.475,CONTESTED,1,0.33,2,,UNRESOLVED_no_grounded_patents,0.0,0.0,0.0,0,0,,,,False,True
EGFR|BET|BRD4,MAB,UNRESOLVED,0.475,CONTESTED,1,0.33,1,,UNRESOLVED_no_grounded_patents,0.0,0.0,0.0,0,0,,,,False,True
EGFR|CD19|CD28,MAB,UNRESOLVED,0.475,CONTESTED,1,0.33,1,,UNRESOLVED_no_grounded_patents,0.0,0.0,0.0,0,0,,,,False,True
EGFR|CD20|SIRP-ALPHA,MAB,UNRESOLVED,0.475,CONTESTED,1,0.33,1,,UNRESOLVED_no_grounded_patents,0.0,0.0,0.0,0,0,,,,False,True
EGFR|HIF,UNCLASSIFIED,UNRESOLVED,0.475,CONTESTED,1,0.33,1,,UNRESOLVED_no_grounded_patents,0.0,0.0,0.0,0,0,,,,False,True
ER,CAR-T,UNRESOLVED,0.475,CONTESTED,1,0.33,1,,UNRESOLVED_no_grounded_patents,0.0,0.0,0.0,0,0,,,,False,True
ER,MAB,UNRESOLVED,0.475,CONTESTED,1,0.33,5,,UNRESOLVED_no_grounded_patents,0.0,0.0,0.0,0,0,,,,False,True
FGFR-AURISTATIN,ADC,UNRESOLVED,0.475,CONTESTED,1,0.33,1,,UNRESOLVED_no_grounded_patents,0.0,0.0,0.0,0,0,,,,False,True
FOLR1,CAR-T,UNRESOLVED,0.475,CONTESTED,1,0.33,4,,UNRESOLVED_no_grounded_patents,0.0,0.0,0.0,0,0,MAB,,,False,True
GD2,UNCLASSIFIED,UNRESOLVED,0.475,CONTESTED,1,0.33,12,,UNRESOLVED_no_grounded_patents,0.0,0.0,0.0,0,0,MAB,,,False,True
GSPT1|HER2,UNCLASSIFIED,UNRESOLVED,0.475,CONTESTED,1,0.33,2,,UNRESOLVED_no_grounded_patents,0.0,0.0,0.0,0,0,,,,False,True
HER2|CD25,MAB,UNRESOLVED,0.475,CONTESTED,1,0.33,3,,UNRESOLVED_no_grounded_patents,0.0,0.0,0.0,0,0,,,,False,True
HER2|GP100,CAR-T,UNRESOLVED,0.475,CONTESTED,1,0.33,1,,UNRESOLVED_no_grounded_patents,0.0,0.0,0.0,0,0,,,,False,True
HER2|LAG-3,UNCLASSIFIED,UNRESOLVED,0.475,CONTESTED,1,0.33,1,,UNRESOLVED_no_grounded_patents,0.0,0.0,0.0,0,0,,,,False,True
HER2|PD-1|VEGF|PD-L1|CTLA-4|EGFR,ADC,UNRESOLVED,0.475,CONTESTED,1,0.33,1,,UNRESOLVED_no_grounded_patents,0.0,0.0,0.0,0,0,,,,False,True
HER2|PD-L1|VEGF|ALK|ER,ADC,UNRESOLVED,0.475,CONTESTED,1,0.33,1,,UNRESOLVED_no_grounded_patents,0.0,0.0,0.0,0,0,,,,False,True
HER2|VEGF|EGFR|IGF-1R,MAB,UNRESOLVED,0.475,CONTESTED,1,0.33,1,,UNRESOLVED_no_grounded_patents,0.0,0.0,0.0,0,0,,,,False,True
ICAM1,UNCLASSIFIED,UNRESOLVED,0.475,CONTESTED,1,0.33,2,,UNRESOLVED_no_grounded_patents,0.0,0.0,0.0,0,0,MAB,,,False,True
IL-8,MAB,UNRESOLVED,0.475,CONTESTED,1,0.33,1,,UNRESOLVED_no_grounded_patents,0.0,0.0,0.0,0,0,MAB,,,False,True
ITGA5|ITGB1,MAB,UNRESOLVED,0.475,CONTESTED,1,0.33,1,,UNRESOLVED_no_grounded_patents,0.0,0.0,0.0,0,0,,,,False,True
JAK3,UNCLASSIFIED,UNRESOLVED,0.475,CONTESTED,1,0.33,2,,UNRESOLVED_no_grounded_patents,0.0,0.0,0.0,0,0,,,,False,True
KLK2,MAB,UNRESOLVED,0.475,CONTESTED,1,0.33,2,,UNRESOLVED_no_grounded_patents,0.0,0.0,0.0,0,0,MAB,,,False,True
LAG-3|PD-L1,BISPECIFIC,UNRESOLVED,0.475,CONTESTED,2,0.67,4,,UNRESOLVED_no_grounded_patents,0.0,0.0,0.0,0,0,BISPECIFIC,,,False,True
LILRB1|LILRB2,BISPECIFIC,UNRESOLVED,0.475,CONTESTED,1,0.33,1,,UNRESOLVED_no_grounded_patents,0.0,0.0,0.0,0,0,,,,False,True
MESOTHELIN-TOP1I,ADC,UNRESOLVED,0.475,CONTESTED,1,0.33,1,,UNRESOLVED_no_grounded_patents,0.0,0.0,0.0,0,0,,,,False,True
MESOTHELIN|CD3,BISPECIFIC,UNRESOLVED,0.475,CONTESTED,1,0.33,2,,UNRESOLVED_no_grounded_patents,0.0,0.0,0.0,0,0,BISPECIFIC,,,False,True
MESOTHELIN|TCR,CAR-T,UNRESOLVED,0.475,CONTESTED,1,0.33,1,,UNRESOLVED_no_grounded_patents,0.0,0.0,0.0,0,0,BISPECIFIC,,,False,True
MET-MAYTANSINOID,ADC,UNRESOLVED,0.475,CONTESTED,1,0.33,1,,UNRESOLVED_no_grounded_patents,0.0,0.0,0.0,0,0,,,,False,True
MET-PBD,ADC,UNRESOLVED,0.475,CONTESTED,1,0.33,1,,UNRESOLVED_no_grounded_patents,0.0,0.0,0.0,0,0,,,,False,True
NECTIN4,MAB,UNRESOLVED,0.475,CONTESTED,1,0.33,4,,UNRESOLVED_no_grounded_patents,0.0,0.0,0.0,0,0,BISPECIFIC|MAB,,,False,True
PABPC1,MAB,UNRESOLVED,0.475,CONTESTED,1,0.33,1,,UNRESOLVED_no_grounded_patents,0.0,0.0,0.0,0,0,,,,False,True
PD-1,BITE,UNRESOLVED,0.475,CONTESTED,1,0.33,1,,UNRESOLVED_no_grounded_patents,0.0,0.0,0.0,0,0,ADC|BISPECIFIC|MAB,,,False,True
PD-1,OUT_OF_SCOPE,UNRESOLVED,0.475,CONTESTED,1,0.33,9,,UNRESOLVED_no_grounded_patents,0.0,0.0,0.0,0,0,ADC|BISPECIFIC|MAB,,,False,True
PD-1-MAYTANSINOID,ADC,UNRESOLVED,0.475,CONTESTED,1,0.33,1,,UNRESOLVED_no_grounded_patents,0.0,0.0,0.0,0,0,ADC,,,False,True
PD-1-PBD,ADC,UNRESOLVED,0.475,CONTESTED,1,0.33,1,,UNRESOLVED_no_grounded_patents,0.0,0.0,0.0,0,0,ADC,,,False,True
PD-1|ALK,MAB,UNRESOLVED,0.475,CONTESTED,1,0.33,5,,UNRESOLVED_no_grounded_patents,0.0,0.0,0.0,0,0,,,,False,True
PD-1|BET|BRD4|PD-L1,MAB,UNRESOLVED,0.475,CONTESTED,1,0.33,1,,UNRESOLVED_no_grounded_patents,0.0,0.0,0.0,0,0,,,,False,True
PD-1|CD19|CD3,BITE,UNRESOLVED,0.475,CONTESTED,1,0.33,1,,UNRESOLVED_no_grounded_patents,0.0,0.0,0.0,0,0,,,,False,True
PD-1|CD20|CD47|SIRP-ALPHA,MAB,UNRESOLVED,0.475,CONTESTED,1,0.33,1,,UNRESOLVED_no_grounded_patents,0.0,0.0,0.0,0,0,,,,False,True
PD-1|CD20|HER2|CD38,MAB,UNRESOLVED,0.475,CONTESTED,1,0.33,1,,UNRESOLVED_no_grounded_patents,0.0,0.0,0.0,0,0,,,,False,True
PD-1|CEA|CEACAM5,MAB,UNRESOLVED,0.475,CONTESTED,1,0.33,3,,UNRESOLVED_no_grounded_patents,0.0,0.0,0.0,0,0,,,,False,True
PD-1|CEA|CEACAM5|MUC16,MAB,UNRESOLVED,0.475,CONTESTED,1,0.33,2,,UNRESOLVED_no_grounded_patents,0.0,0.0,0.0,0,0,,,,False,True
PD-1|EGFR|KRAS,MAB,UNRESOLVED,0.475,CONTESTED,1,0.33,22,,UNRESOLVED_no_grounded_patents,0.0,0.0,0.0,0,0,,,,False,True
PD-1|FGFR|PD-L1,MAB,UNRESOLVED,0.475,CONTESTED,1,0.33,2,,UNRESOLVED_no_grounded_patents,0.0,0.0,0.0,0,0,,,,False,True
PD-1|KRAS|TCR,MAB,UNRESOLVED,0.475,CONTESTED,1,0.33,2,,UNRESOLVED_no_grounded_patents,0.0,0.0,0.0,0,0,,,,False,True
PD-1|MAGE,MAB,UNRESOLVED,0.475,CONTESTED,1,0.33,4,,UNRESOLVED_no_grounded_patents,0.0,0.0,0.0,0,0,BISPECIFIC,,,False,True
PD-1|PD-L1|HER2|EGFR|MET,MAB,UNRESOLVED,0.475,CONTESTED,1,0.33,1,,UNRESOLVED_no_grounded_patents,0.0,0.0,0.0,0,0,,,,False,True
PD-1|PSMA|CD3,BITE,UNRESOLVED,0.475,CONTESTED,1,0.33,1,,UNRESOLVED_no_grounded_patents,0.0,0.0,0.0,0,0,,,,False,True
PD-1|VEGF,OUT_OF_SCOPE,UNRESOLVED,0.475,CONTESTED,1,0.33,1,,UNRESOLVED_no_grounded_patents,0.0,0.0,0.0,0,0,BISPECIFIC,,,False,True
PD-1|VEGF,UNCLASSIFIED,UNRESOLVED,0.475,CONTESTED,1,0.33,6,,UNRESOLVED_no_grounded_patents,0.0,0.0,0.0,0,0,BISPECIFIC,,,False,True
PD-1|VEGFR2|CLDN18.2-MMAE,ADC,UNRESOLVED,0.475,CONTESTED,1,0.33,1,,UNRESOLVED_no_grounded_patents,0.0,0.0,0.0,0,0,,,,False,True
PD-1|VEGFR2|EGFR|VEGF,MAB,UNRESOLVED,0.475,CONTESTED,1,0.33,1,,UNRESOLVED_no_grounded_patents,0.0,0.0,0.0,0,0,,,,False,True
PD-1|VEGF|EGFR|ALK|KRAS,MAB,UNRESOLVED,0.475,CONTESTED,1,0.33,2,,UNRESOLVED_no_grounded_patents,0.0,0.0,0.0,0,0,,,,False,True
PD-L1,CAR-T,UNRESOLVED,0.475,CONTESTED,1,0.33,3,,UNRESOLVED_no_grounded_patents,0.0,0.0,0.0,0,0,BISPECIFIC|MAB,,,False,True
PD-L1-TLRAGONIST,ADC,UNRESOLVED,0.475,CONTESTED,1,0.33,1,,UNRESOLVED_no_grounded_patents,0.0,0.0,0.0,0,0,,,,False,True
PD-L1|BCL-2|CD137|CD19,MAB,UNRESOLVED,0.475,CONTESTED,1,0.33,1,,UNRESOLVED_no_grounded_patents,0.0,0.0,0.0,0,0,,,,False,True
PD-L1|CD20,MAB,UNRESOLVED,0.475,CONTESTED,1,0.33,5,,UNRESOLVED_no_grounded_patents,0.0,0.0,0.0,0,0,,,,False,True
PD-L1|CD20|CEA|CD3|CEACAM5,BISPECIFIC,UNRESOLVED,0.475,CONTESTED,1,0.33,1,,UNRESOLVED_no_grounded_patents,0.0,0.0,0.0,0,0,,,,False,True
PD-L1|CD40,MAB,UNRESOLVED,0.475,CONTESTED,1,0.33,2,,UNRESOLVED_no_grounded_patents,0.0,0.0,0.0,0,0,,,,False,True
PD-L1|HER2|ER,MAB,UNRESOLVED,0.475,CONTESTED,1,0.33,1,,UNRESOLVED_no_grounded_patents,0.0,0.0,0.0,0,0,,,,False,True
PD-L1|MESOTHELIN,ADC,UNRESOLVED,0.475,CONTESTED,1,0.33,1,,UNRESOLVED_no_grounded_patents,0.0,0.0,0.0,0,0,,,,False,True
PD-L1|TCR,MAB,UNRESOLVED,0.475,CONTESTED,2,0.67,3,,UNRESOLVED_no_grounded_patents,0.0,0.0,0.0,0,0,BISPECIFIC,,,False,True
PSCA|CD3,BITE,UNRESOLVED,0.475,CONTESTED,1,0.33,1,,UNRESOLVED_no_grounded_patents,0.0,0.0,0.0,0,0,,,,False,True
PTK7-AURISTATIN,ADC,UNRESOLVED,0.475,CONTESTED,1,0.33,2,,UNRESOLVED_no_grounded_patents,0.0,0.0,0.0,0,0,ADC,,,False,True
ROR1,CAR-T,UNRESOLVED,0.475,CONTESTED,1,0.33,1,,UNRESOLVED_no_grounded_patents,0.0,0.0,0.0,0,0,ADC|BISPECIFIC|MAB,,,False,True
ROR2,CAR-T,UNRESOLVED,0.475,CONTESTED,1,0.33,1,,UNRESOLVED_no_grounded_patents,0.0,0.0,0.0,0,0,MAB,,,False,True
SHP2,OUT_OF_SCOPE,UNRESOLVED,0.475,CONTESTED,1,0.33,1,,UNRESOLVED_no_grounded_patents,0.0,0.0,0.0,0,0,,,,False,True
TROP-2,UNCLASSIFIED,UNRESOLVED,0.475,CONTESTED,1,0.33,4,,UNRESOLVED_no_grounded_patents,0.0,0.0,0.0,0,0,BISPECIFIC|MAB,,,False,True
TROP-2-AUR0101,ADC,UNRESOLVED,0.475,CONTESTED,1,0.33,1,,UNRESOLVED_no_grounded_patents,0.0,0.0,0.0,0,0,,,,False,True
VEGF,CAR-T,UNRESOLVED,0.475,CONTESTED,1,0.33,1,,UNRESOLVED_no_grounded_patents,0.0,0.0,0.0,0,0,BISPECIFIC|MAB,,,False,True
VEGF|ALK,MAB,UNRESOLVED,0.475,CONTESTED,2,0.67,6,,UNRESOLVED_no_grounded_patents,0.0,0.0,0.0,0,0,,,,False,True
VEGF|ALK|MET,MAB,UNRESOLVED,0.475,CONTESTED,1,0.33,2,,UNRESOLVED_no_grounded_patents,0.0,0.0,0.0,0,0,,,,False,True
VEGF|EGFR|HIF,MAB,UNRESOLVED,0.475,CONTESTED,1,0.33,1,,UNRESOLVED_no_grounded_patents,0.0,0.0,0.0,0,0,,,,False,True
VEGF|FOLR1,ADC,UNRESOLVED,0.475,CONTESTED,1,0.33,1,,UNRESOLVED_no_grounded_patents,0.0,0.0,0.0,0,0,,,,False,True
CD123,CAR-T,UNRESOLVED,0.45,CONTESTED,2,0.67,16,,UNRESOLVED_no_grounded_patents,0.0,0.0,0.0,0,0,MAB,,,False,True
CD123,UNCLASSIFIED,UNRESOLVED,0.45,CONTESTED,2,0.67,7,,UNRESOLVED_no_grounded_patents,0.0,0.0,0.0,0,0,MAB,,,False,True
CD19|MESOTHELIN,CAR-T,UNRESOLVED,0.45,CONTESTED,1,0.33,2,,UNRESOLVED_no_grounded_patents,0.0,0.0,0.0,0,0,,,,False,True
CD20|CEA|CEACAM5,MAB,UNRESOLVED,0.45,CONTESTED,1,0.33,1,,UNRESOLVED_no_grounded_patents,0.0,0.0,0.0,0,0,,,,False,True
CD22,CAR-T,UNRESOLVED,0.45,CONTESTED,1,0.33,12,,UNRESOLVED_no_grounded_patents,0.0,0.0,0.0,0,0,MAB,,,False,True
CD38,ADC,UNRESOLVED,0.45,CONTESTED,2,0.67,5,,UNRESOLVED_no_grounded_patents,0.0,0.0,0.0,0,0,BISPECIFIC|MAB,,,False,True
CD38|CD20,MAB,UNRESOLVED,0.45,CONTESTED,1,0.33,2,,UNRESOLVED_no_grounded_patents,0.0,0.0,0.0,0,0,,,,False,True
CD40|HER2,MAB,UNRESOLVED,0.45,CONTESTED,1,0.33,1,,UNRESOLVED_no_grounded_patents,0.0,0.0,0.0,0,0,,,,False,True
CD40|PSCA,CAR-T,UNRESOLVED,0.45,CONTESTED,1,0.33,1,,UNRESOLVED_no_grounded_patents,0.0,0.0,0.0,0,0,,,,False,True
CEACAM5,RADIOLIGAND,UNRESOLVED,0.45,CONTESTED,1,0.33,1,,UNRESOLVED_no_grounded_patents,0.0,0.0,0.0,0,0,ADC|BISPECIFIC|MAB,,,False,True
CTLA-4|PSCA,MAB,UNRESOLVED,0.45,CONTESTED,1,0.33,1,,UNRESOLVED_no_grounded_patents,0.0,0.0,0.0,0,0,,,,False,True
DLL4,MAB,UNRESOLVED,0.45,CONTESTED,1,0.33,1,,UNRESOLVED_no_grounded_patents,0.0,0.0,0.0,0,0,MAB,,,False,True
ENDOGLIN,MAB,UNRESOLVED,0.45,CONTESTED,2,0.67,2,,UNRESOLVED_no_grounded_patents,0.0,0.0,0.0,0,0,MAB,,,False,True
ITGB6-TOP1I,ADC,UNRESOLVED,0.45,CONTESTED,1,0.33,1,,UNRESOLVED_no_grounded_patents,0.0,0.0,0.0,0,0,,,,False,True
MESOTHELIN,MAB,UNRESOLVED,0.45,CONTESTED,2,0.67,6,,UNRESOLVED_no_grounded_patents,0.0,0.0,0.0,0,0,BISPECIFIC|MAB,,,False,True
MUC1,MAB,UNRESOLVED,0.45,CONTESTED,2,0.67,5,,UNRESOLVED_no_grounded_patents,0.0,0.0,0.0,0,0,ADC|MAB,,,False,True
NAPI2B-MMAE,ADC,UNRESOLVED,0.45,CONTESTED,2,0.67,2,,UNRESOLVED_no_grounded_patents,0.0,0.0,0.0,0,0,,,,False,True
NECTIN4,BISPECIFIC,UNRESOLVED,0.45,CONTESTED,1,0.33,1,,UNRESOLVED_no_grounded_patents,0.0,0.0,0.0,0,0,BISPECIFIC|MAB,,,False,True
PD-1|AXL|PD-L1,MAB,UNRESOLVED,0.45,CONTESTED,1,0.33,3,,UNRESOLVED_no_grounded_patents,0.0,0.0,0.0,0,0,,,,False,True
PD-1|MUC1|TIM-3,MAB,UNRESOLVED,0.45,CONTESTED,1,0.33,2,,UNRESOLVED_no_grounded_patents,0.0,0.0,0.0,0,0,,,,False,True
PD-1|TIM-3,BISPECIFIC,UNRESOLVED,0.45,CONTESTED,1,0.33,2,,UNRESOLVED_no_grounded_patents,0.0,0.0,0.0,0,0,BISPECIFIC,,,False,True
PD-L1|HER2|PD-1,MAB,UNRESOLVED,0.45,CONTESTED,1,0.33,1,,UNRESOLVED_no_grounded_patents,0.0,0.0,0.0,0,0,,,,False,True
TGF-BETA1,MAB,UNRESOLVED,0.45,CONTESTED,1,0.33,1,,UNRESOLVED_no_grounded_patents,0.0,0.0,0.0,0,0,MAB,,,False,True
HER2|PD-L1,ADC,UNRESOLVED,0.434,CONTESTED,3,1.0,11,,UNRESOLVED_no_grounded_patents,0.0,0.0,0.0,0,0,BISPECIFIC,,,False,True
5T4,UNCLASSIFIED,UNRESOLVED,0.426,CONTESTED,1,0.33,2,,UNRESOLVED_no_grounded_patents,0.0,0.0,0.0,0,0,ADC|BISPECIFIC|MAB,,,False,True
ALK,MAB,UNRESOLVED,0.426,CONTESTED,1,0.33,4,,UNRESOLVED_no_grounded_patents,0.0,0.0,0.0,0,0,ADC|BISPECIFIC|MAB|PROTAC,,,False,True
ALK,UNCLASSIFIED,UNRESOLVED,0.426,CONTESTED,1,0.33,11,,UNRESOLVED_no_grounded_patents,0.0,0.0,0.0,0,0,ADC|BISPECIFIC|MAB|PROTAC,,,False,True
ALK|MET,UNCLASSIFIED,UNRESOLVED,0.426,CONTESTED,1,0.33,3,,UNRESOLVED_no_grounded_patents,0.0,0.0,0.0,0,0,,,,False,True
AXL-MMAE,ADC,UNRESOLVED,0.426,CONTESTED,1,0.33,3,,UNRESOLVED_no_grounded_patents,0.0,0.0,0.0,0,0,ADC,,,False,True
AXL|ROR2,CAR-T,UNRESOLVED,0.426,CONTESTED,1,0.33,1,,UNRESOLVED_no_grounded_patents,0.0,0.0,0.0,0,0,,,,False,True
B7-H3-DUOCARMYCIN,ADC,UNRESOLVED,0.426,CONTESTED,1,0.33,1,,UNRESOLVED_no_grounded_patents,0.0,0.0,0.0,0,0,ADC|BISPECIFIC,,,False,True
B7-H3|PD-1,ADC,UNRESOLVED,0.426,CONTESTED,1,0.33,2,,UNRESOLVED_no_grounded_patents,0.0,0.0,0.0,0,0,,,,False,True
B7-H3|PD-1|LAG-3,MAB,UNRESOLVED,0.426,CONTESTED,1,0.33,1,,UNRESOLVED_no_grounded_patents,0.0,0.0,0.0,0,0,,,,False,True
B7-H4|CD3,BISPECIFIC,UNRESOLVED,0.426,CONTESTED,1,0.33,1,,UNRESOLVED_no_grounded_patents,0.0,0.0,0.0,0,0,BISPECIFIC,,,False,True
BCL-2|CD47,MAB,UNRESOLVED,0.426,CONTESTED,1,0.33,1,,UNRESOLVED_no_grounded_patents,0.0,0.0,0.0,0,0,,,,False,True
BCMA,UNCLASSIFIED,UNRESOLVED,0.426,CONTESTED,3,1.0,20,,UNRESOLVED_no_grounded_patents,0.0,0.0,0.0,0,0,ADC|BISPECIFIC|MAB,,,False,True
BCMA|CD19|CD30,CAR-T,UNRESOLVED,0.426,CONTESTED,1,0.33,1,,UNRESOLVED_no_grounded_patents,0.0,0.0,0.0,0,0,,,,False,True
BCMA|CD38,CAR-T,UNRESOLVED,0.426,CONTESTED,1,0.33,4,,UNRESOLVED_no_grounded_patents,0.0,0.0,0.0,0,0,,,,False,True
CD123|CD16|CD38,UNCLASSIFIED,UNRESOLVED,0.426,CONTESTED,1,0.33,1,,UNRESOLVED_no_grounded_patents,0.0,0.0,0.0,0,0,,,,False,True
CD123|CD19|CD20|CD22,CAR-T,UNRESOLVED,0.426,CONTESTED,1,0.33,1,,UNRESOLVED_no_grounded_patents,0.0,0.0,0.0,0,0,,,,False,True
CD123|CD28|EGFR,UNCLASSIFIED,UNRESOLVED,0.426,CONTESTED,1,0.33,2,,UNRESOLVED_no_grounded_patents,0.0,0.0,0.0,0,0,,,,False,True
CD123|CD33|CD38|MUC1,CAR-T,UNRESOLVED,0.426,CONTESTED,1,0.33,1,,UNRESOLVED_no_grounded_patents,0.0,0.0,0.0,0,0,,,,False,True
CD137|PD-L1,BISPECIFIC,UNRESOLVED,0.426,CONTESTED,5,1.0,6,,UNRESOLVED_no_grounded_patents,0.0,0.0,0.0,0,0,,,,False,True
CD19|CD20,CAR-T,UNRESOLVED,0.426,CONTESTED,3,1.0,38,,UNRESOLVED_no_grounded_patents,0.0,0.0,0.0,0,0,BISPECIFIC,,,False,True
CD19|CD22,BITE,UNRESOLVED,0.426,CONTESTED,1,0.33,1,,UNRESOLVED_no_grounded_patents,0.0,0.0,0.0,0,0,,,,False,True
CD19|CD22|PD-1,CAR-T,UNRESOLVED,0.426,CONTESTED,1,0.33,1,,UNRESOLVED_no_grounded_patents,0.0,0.0,0.0,0,0,,,,False,True
CD19|CD47,MAB,UNRESOLVED,0.426,CONTESTED,1,0.33,1,,UNRESOLVED_no_grounded_patents,0.0,0.0,0.0,0,0,,,,False,True
CD20|BTK|CD79B,MAB,UNRESOLVED,0.426,CONTESTED,1,0.33,1,,UNRESOLVED_no_grounded_patents,0.0,0.0,0.0,0,0,,,,False,True
CD20|CD123,MAB,UNRESOLVED,0.426,CONTESTED,1,0.33,2,,UNRESOLVED_no_grounded_patents,0.0,0.0,0.0,0,0,,,,False,True
CD20|CD16|NKG2D,MAB,UNRESOLVED,0.426,CONTESTED,1,0.33,1,,UNRESOLVED_no_grounded_patents,0.0,0.0,0.0,0,0,,,,False,True
CD20|CD19|CD28,MAB,UNRESOLVED,0.426,CONTESTED,1,0.33,1,,UNRESOLVED_no_grounded_patents,0.0,0.0,0.0,0,0,,,,False,True
CD20|CD30,MAB,UNRESOLVED,0.426,CONTESTED,1,0.33,1,,UNRESOLVED_no_grounded_patents,0.0,0.0,0.0,0,0,,,,False,True
CD20|CD3|CD19|CD38|EZH2,BISPECIFIC,UNRESOLVED,0.426,CONTESTED,1,0.33,1,,UNRESOLVED_no_grounded_patents,0.0,0.0,0.0,0,0,,,,False,True
CD20|CD3|CD47,BISPECIFIC,UNRESOLVED,0.426,CONTESTED,1,0.33,1,,UNRESOLVED_no_grounded_patents,0.0,0.0,0.0,0,0,,,,False,True
CD20|CD3|EZH2,BISPECIFIC,UNRESOLVED,0.426,CONTESTED,1,0.33,3,,UNRESOLVED_no_grounded_patents,0.0,0.0,0.0,0,0,,,,False,True
CD20|TCR,MAB,UNRESOLVED,0.426,CONTESTED,1,0.33,5,,UNRESOLVED_no_grounded_patents,0.0,0.0,0.0,0,0,,,,False,True
CD20|WT1,MAB,UNRESOLVED,0.426,CONTESTED,1,0.33,1,,UNRESOLVED_no_grounded_patents,0.0,0.0,0.0,0,0,,,,False,True
CD24|EPCAM|VEGF,UNCLASSIFIED,UNRESOLVED,0.426,CONTESTED,1,0.33,1,,UNRESOLVED_no_grounded_patents,0.0,0.0,0.0,0,0,,,,False,True
CD25,MAB,UNRESOLVED,0.426,CONTESTED,1,0.33,15,,UNRESOLVED_no_grounded_patents,0.0,0.0,0.0,0,0,ADC|MAB,,,False,True
CD3,CAR-T,UNRESOLVED,0.426,CONTESTED,1,0.33,2,,UNRESOLVED_no_grounded_patents,0.0,0.0,0.0,0,0,BISPECIFIC|MAB,,,False,True
CD3,MAB,UNRESOLVED,0.426,CONTESTED,1,0.33,13,,UNRESOLVED_no_grounded_patents,0.0,0.0,0.0,0,0,BISPECIFIC|MAB,,,False,True
CD30,CAR-T,UNRESOLVED,0.426,CONTESTED,3,1.0,20,,UNRESOLVED_no_grounded_patents,0.0,0.0,0.0,0,0,MAB,,,False,True
CD30|VEGF,ADC,UNRESOLVED,0.426,CONTESTED,1,0.33,1,,UNRESOLVED_no_grounded_patents,0.0,0.0,0.0,0,0,,,,False,True
CD38|BCL-2,MAB,UNRESOLVED,0.426,CONTESTED,1,0.33,5,,UNRESOLVED_no_grounded_patents,0.0,0.0,0.0,0,0,,,,False,True
CD38|BTK,MAB,UNRESOLVED,0.426,CONTESTED,1,0.33,3,,UNRESOLVED_no_grounded_patents,0.0,0.0,0.0,0,0,,,,False,True
CD38|PD-L1|PD-1,MAB,UNRESOLVED,0.426,CONTESTED,1,0.33,1,,UNRESOLVED_no_grounded_patents,0.0,0.0,0.0,0,0,,,,False,True
CD3|GD2,BISPECIFIC,UNRESOLVED,0.426,CONTESTED,1,0.33,1,,UNRESOLVED_no_grounded_patents,0.0,0.0,0.0,0,0,,,,False,True
CD3|MUC1,BISPECIFIC,UNRESOLVED,0.426,CONTESTED,1,0.33,1,,UNRESOLVED_no_grounded_patents,0.0,0.0,0.0,0,0,,,,False,True
CD47|TIM-3,MAB,UNRESOLVED,0.426,CONTESTED,1,0.33,1,,UNRESOLVED_no_grounded_patents,0.0,0.0,0.0,0,0,,,,False,True
CD73|CTLA-4|PD-1,BISPECIFIC,UNRESOLVED,0.426,CONTESTED,1,0.33,1,,UNRESOLVED_no_grounded_patents,0.0,0.0,0.0,0,0,,,,False,True
CD79B,ADC,UNRESOLVED,0.426,CONTESTED,1,0.33,1,,UNRESOLVED_no_grounded_patents,0.0,0.0,0.0,0,0,ADC|MAB,,,False,True
CD79B|CD20,ADC,UNRESOLVED,0.426,CONTESTED,1,0.33,6,,UNRESOLVED_no_grounded_patents,0.0,0.0,0.0,0,0,,,,False,True
CDH17,CAR-T,UNRESOLVED,0.426,CONTESTED,1,0.33,4,,UNRESOLVED_no_grounded_patents,0.0,0.0,0.0,0,0,BISPECIFIC|MAB,,,False,True
CEA,ADC,UNRESOLVED,0.426,CONTESTED,1,0.33,1,,UNRESOLVED_no_grounded_patents,0.0,0.0,0.0,0,0,ADC|MAB,,,False,True
CEA,UNCLASSIFIED,UNRESOLVED,0.426,CONTESTED,1,0.33,12,,UNRESOLVED_no_grounded_patents,0.0,0.0,0.0,0,0,ADC|MAB,,,False,True
CEACAM5|HSG,BISPECIFIC,UNRESOLVED,0.426,CONTESTED,1,0.33,1,,UNRESOLVED_no_grounded_patents,0.0,0.0,0.0,0,0,,,,False,True
CEACAM5|PD-1,ADC,UNRESOLVED,0.426,CONTESTED,1,0.33,1,,UNRESOLVED_no_grounded_patents,0.0,0.0,0.0,0,0,,,,False,True
CEACAM5|PD-1|CEA,ADC,UNRESOLVED,0.426,CONTESTED,1,0.33,1,,UNRESOLVED_no_grounded_patents,0.0,0.0,0.0,0,0,,,,False,True
CEACAM5|VEGFR2,ADC,UNRESOLVED,0.426,CONTESTED,1,0.33,1,,UNRESOLVED_no_grounded_patents,0.0,0.0,0.0,0,0,,,,False,True
CLDN18.2,ADC,UNRESOLVED,0.426,CONTESTED,1,0.33,3,,UNRESOLVED_no_grounded_patents,0.0,0.0,0.0,0,0,ADC|BISPECIFIC|MAB,,,False,True
CLDN6,CAR-T,UNRESOLVED,0.426,CONTESTED,1,0.33,2,,UNRESOLVED_no_grounded_patents,0.0,0.0,0.0,0,0,MAB,,,False,True
CLDN6,UNCLASSIFIED,UNRESOLVED,0.426,CONTESTED,1,0.33,4,,UNRESOLVED_no_grounded_patents,0.0,0.0,0.0,0,0,MAB,,,False,True
CTLA-4|CD25,MAB,UNRESOLVED,0.426,CONTESTED,1,0.33,2,,UNRESOLVED_no_grounded_patents,0.0,0.0,0.0,0,0,BISPECIFIC,,,False,True
CTLA-4|EGFR|PD-1,MAB,UNRESOLVED,0.426,CONTESTED,1,0.33,1,,UNRESOLVED_no_grounded_patents,0.0,0.0,0.0,0,0,,,,False,True
CTLA-4|LAG-3|PD-1,CAR-T,UNRESOLVED,0.426,CONTESTED,1,0.33,1,,UNRESOLVED_no_grounded_patents,0.0,0.0,0.0,0,0,,,,False,True
CTLA-4|MUC16,MAB,UNRESOLVED,0.426,CONTESTED,1,0.33,1,,UNRESOLVED_no_grounded_patents,0.0,0.0,0.0,0,0,,,,False,True
CTLA-4|PD-1|AXL|PD-L1|VEGF,MAB,UNRESOLVED,0.426,CONTESTED,1,0.33,1,,UNRESOLVED_no_grounded_patents,0.0,0.0,0.0,0,0,,,,False,True
CTLA-4|PD-1|CD24,MAB,UNRESOLVED,0.426,CONTESTED,1,0.33,1,,UNRESOLVED_no_grounded_patents,0.0,0.0,0.0,0,0,,,,False,True
CTLA-4|PD-1|ER|HER2,ADC,UNRESOLVED,0.426,CONTESTED,1,0.33,1,,UNRESOLVED_no_grounded_patents,0.0,0.0,0.0,0,0,,,,False,True
CTLA-4|PD-L1,BISPECIFIC,UNRESOLVED,0.426,CONTESTED,1,0.33,5,,UNRESOLVED_no_grounded_patents,0.0,0.0,0.0,0,0,,,,False,True
CTLA-4|PD-L1|CD20,MAB,UNRESOLVED,0.426,CONTESTED,1,0.33,1,,UNRESOLVED_no_grounded_patents,0.0,0.0,0.0,0,0,,,,False,True
CTLA-4|PD-L1|TCR,MAB,UNRESOLVED,0.426,CONTESTED,1,0.33,1,,UNRESOLVED_no_grounded_patents,0.0,0.0,0.0,0,0,,,,False,True
CTLA-4|PD-L1|TIM-3,MAB,UNRESOLVED,0.426,CONTESTED,1,0.33,1,,UNRESOLVED_no_grounded_patents,0.0,0.0,0.0,0,0,,,,False,True
CTLA-4|PSMA,RADIOLIGAND,UNRESOLVED,0.426,CONTESTED,1,0.33,1,,UNRESOLVED_no_grounded_patents,0.0,0.0,0.0,0,0,,,,False,True
DLL3,BITE,UNRESOLVED,0.426,CONTESTED,1,0.33,2,,UNRESOLVED_no_grounded_patents,0.0,0.0,0.0,0,0,ADC|BISPECIFIC|MAB,,,False,True
DLL3|CTLA-4|PD-1,ADC,UNRESOLVED,0.426,CONTESTED,1,0.33,1,,UNRESOLVED_no_grounded_patents,0.0,0.0,0.0,0,0,,,,False,True
EGFR,CAR-T,UNRESOLVED,0.426,CONTESTED,3,1.0,16,,UNRESOLVED_no_grounded_patents,0.0,0.0,0.0,0,0,ADC|BISPECIFIC|MAB,,,False,True
EGFR|ER|HER2,UNCLASSIFIED,UNRESOLVED,0.426,CONTESTED,1,0.33,1,,UNRESOLVED_no_grounded_patents,0.0,0.0,0.0,0,0,,,,False,True
EGFR|ER|IGF-1R,UNCLASSIFIED,UNRESOLVED,0.426,CONTESTED,1,0.33,1,,UNRESOLVED_no_grounded_patents,0.0,0.0,0.0,0,0,,,,False,True
EGFR|FGFR|VEGF,UNCLASSIFIED,UNRESOLVED,0.426,CONTESTED,1,0.33,2,,UNRESOLVED_no_grounded_patents,0.0,0.0,0.0,0,0,,,,False,True
EGFR|HER2|HER3,MAB,UNRESOLVED,0.426,CONTESTED,1,0.33,1,,UNRESOLVED_no_grounded_patents,0.0,0.0,0.0,0,0,,,,False,True
EGFR|HER2|KRAS,MAB,UNRESOLVED,0.426,CONTESTED,1,0.33,3,,UNRESOLVED_no_grounded_patents,0.0,0.0,0.0,0,0,,,,False,True
EGFR|HER3,ADC,UNRESOLVED,0.426,CONTESTED,1,0.33,3,,UNRESOLVED_no_grounded_patents,0.0,0.0,0.0,0,0,BISPECIFIC,,,False,True
EGFR|HER3|HER2,MAB,UNRESOLVED,0.426,CONTESTED,1,0.33,1,,UNRESOLVED_no_grounded_patents,0.0,0.0,0.0,0,0,,,,False,True
EGFR|HER3|HER2|PD-1,OUT_OF_SCOPE,UNRESOLVED,0.426,CONTESTED,1,0.33,1,,UNRESOLVED_no_grounded_patents,0.0,0.0,0.0,0,0,,,,False,True
EGFR|IGF-1R|KRAS,MAB,UNRESOLVED,0.426,CONTESTED,1,0.33,5,,UNRESOLVED_no_grounded_patents,0.0,0.0,0.0,0,0,,,,False,True
EGFR|KRAS,UNCLASSIFIED,UNRESOLVED,0.426,CONTESTED,1,0.33,4,,UNRESOLVED_no_grounded_patents,0.0,0.0,0.0,0,0,,,,False,True
EGFR|KRAS|TCR,MAB,UNRESOLVED,0.426,CONTESTED,1,0.33,1,,UNRESOLVED_no_grounded_patents,0.0,0.0,0.0,0,0,,,,False,True
EGFR|MET,UNCLASSIFIED,UNRESOLVED,0.426,CONTESTED,1,0.33,2,,UNRESOLVED_no_grounded_patents,0.0,0.0,0.0,0,0,BISPECIFIC,,,False,True
EGFR|PD-1,MAB,UNRESOLVED,0.426,CONTESTED,1,0.33,23,,UNRESOLVED_no_grounded_patents,0.0,0.0,0.0,0,0,BISPECIFIC,,,False,True
EGFR|PD-L1|CD16|CEA|HER2|MUC1,MAB,UNRESOLVED,0.426,CONTESTED,1,0.33,1,,UNRESOLVED_no_grounded_patents,0.0,0.0,0.0,0,0,,,,False,True
EGFR|PD-L1|CD16|CEA|MUC1,MAB,UNRESOLVED,0.426,CONTESTED,1,0.33,1,,UNRESOLVED_no_grounded_patents,0.0,0.0,0.0,0,0,,,,False,True
EGFR|PD-L1|CD16|MUC1,MAB,UNRESOLVED,0.426,CONTESTED,1,0.33,1,,UNRESOLVED_no_grounded_patents,0.0,0.0,0.0,0,0,,,,False,True
EGFR|VEGF,UNCLASSIFIED,UNRESOLVED,0.426,CONTESTED,1,0.33,6,,UNRESOLVED_no_grounded_patents,0.0,0.0,0.0,0,0,,,,False,True
EGFR|VEGF|KRAS,MAB,UNRESOLVED,0.426,CONTESTED,1,0.33,6,,UNRESOLVED_no_grounded_patents,0.0,0.0,0.0,0,0,,,,False,True
EGFR|VEGF|PD-L1|CD16|CEA|HER2|MUC1|PD-1,MAB,UNRESOLVED,0.426,CONTESTED,1,0.33,1,,UNRESOLVED_no_grounded_patents,0.0,0.0,0.0,0,0,,,,False,True
EPCAM,BISPECIFIC,UNRESOLVED,0.426,CONTESTED,1,0.33,2,,UNRESOLVED_no_grounded_patents,0.0,0.0,0.0,0,0,BISPECIFIC|MAB,,,False,True
EPCAM|HER2,UNCLASSIFIED,UNRESOLVED,0.426,CONTESTED,1,0.33,1,,UNRESOLVED_no_grounded_patents,0.0,0.0,0.0,0,0,,,,False,True
EPCAM|MUC1,MAB,UNRESOLVED,0.426,CONTESTED,1,0.33,1,,UNRESOLVED_no_grounded_patents,0.0,0.0,0.0,0,0,,,,False,True
ER|HER3|HER2,UNCLASSIFIED,UNRESOLVED,0.426,CONTESTED,1,0.33,1,,UNRESOLVED_no_grounded_patents,0.0,0.0,0.0,0,0,,,,False,True
ER|MET,UNCLASSIFIED,UNRESOLVED,0.426,CONTESTED,1,0.33,4,,UNRESOLVED_no_grounded_patents,0.0,0.0,0.0,0,0,,,,False,True
ER|MET|TCR,CAR-T,UNRESOLVED,0.426,CONTESTED,1,0.33,1,,UNRESOLVED_no_grounded_patents,0.0,0.0,0.0,0,0,,,,False,True
FGFR3,RADIOLIGAND,UNRESOLVED,0.426,CONTESTED,1,0.33,1,,UNRESOLVED_no_grounded_patents,0.0,0.0,0.0,0,0,MAB,,,False,True
FGFR|HER2,MAB,UNRESOLVED,0.426,CONTESTED,1,0.33,1,,UNRESOLVED_no_grounded_patents,0.0,0.0,0.0,0,0,,,,False,True
FOLR1-AURISTATIN,ADC,UNRESOLVED,0.426,CONTESTED,1,0.33,1,,UNRESOLVED_no_grounded_patents,0.0,0.0,0.0,0,0,,,,False,True
FOLR1-TOP1I,ADC,UNRESOLVED,0.426,CONTESTED,1,0.33,1,,UNRESOLVED_no_grounded_patents,0.0,0.0,0.0,0,0,,,,False,True
FOLR1|MUC16,UNCLASSIFIED,UNRESOLVED,0.426,CONTESTED,1,0.33,1,,UNRESOLVED_no_grounded_patents,0.0,0.0,0.0,0,0,,,,False,True
FOLR1|VEGF,ADC,UNRESOLVED,0.426,CONTESTED,1,0.33,4,,UNRESOLVED_no_grounded_patents,0.0,0.0,0.0,0,0,,,,False,True
GD2,BISPECIFIC,UNRESOLVED,0.426,CONTESTED,1,0.33,2,,UNRESOLVED_no_grounded_patents,0.0,0.0,0.0,0,0,MAB,,,False,True
GP100|CD3,BISPECIFIC,UNRESOLVED,0.426,CONTESTED,1,0.33,5,,UNRESOLVED_no_grounded_patents,0.0,0.0,0.0,0,0,,,,False,True
HER2|BCL-2,ADC,UNRESOLVED,0.426,CONTESTED,1,0.33,1,,UNRESOLVED_no_grounded_patents,0.0,0.0,0.0,0,0,,,,False,True
HER2|BCL-XL,MAB,UNRESOLVED,0.426,CONTESTED,1,0.33,1,,UNRESOLVED_no_grounded_patents,0.0,0.0,0.0,0,0,,,,False,True
HER2|EGFR|HER3,MAB,UNRESOLVED,0.426,CONTESTED,1,0.33,2,,UNRESOLVED_no_grounded_patents,0.0,0.0,0.0,0,0,,,,False,True
HER2|EGFR|IGF-1R,MAB,UNRESOLVED,0.426,CONTESTED,1,0.33,1,,UNRESOLVED_no_grounded_patents,0.0,0.0,0.0,0,0,,,,False,True
HER2|ER|WT1,MAB,UNRESOLVED,0.426,CONTESTED,1,0.33,1,,UNRESOLVED_no_grounded_patents,0.0,0.0,0.0,0,0,,,,False,True
HER2|KRAS,MAB,UNRESOLVED,0.426,CONTESTED,1,0.33,2,,UNRESOLVED_no_grounded_patents,0.0,0.0,0.0,0,0,,,,False,True
HER2|PD-1|EGFR,MAB,UNRESOLVED,0.426,CONTESTED,1,0.33,2,,UNRESOLVED_no_grounded_patents,0.0,0.0,0.0,0,0,,,,False,True
HER2|TROP-2|NECTIN4|ALK,ADC,UNRESOLVED,0.426,CONTESTED,1,0.33,1,,UNRESOLVED_no_grounded_patents,0.0,0.0,0.0,0,0,,,,False,True
HER3,UNCLASSIFIED,UNRESOLVED,0.426,CONTESTED,1,0.33,9,,UNRESOLVED_no_grounded_patents,0.0,0.0,0.0,0,0,MAB,,,False,True
HER3|EGFR|KRAS-DXD,ADC,UNRESOLVED,0.426,CONTESTED,1,0.33,1,,UNRESOLVED_no_grounded_patents,0.0,0.0,0.0,0,0,,,,False,True
HER3|ER|HER2,MAB,UNRESOLVED,0.426,CONTESTED,1,0.33,1,,UNRESOLVED_no_grounded_patents,0.0,0.0,0.0,0,0,,,,False,True
HIF|VEGF,UNCLASSIFIED,UNRESOLVED,0.426,CONTESTED,1,0.33,3,,UNRESOLVED_no_grounded_patents,0.0,0.0,0.0,0,0,,,,False,True
HIF|VHL,MAB,UNRESOLVED,0.426,CONTESTED,1,0.33,1,,UNRESOLVED_no_grounded_patents,0.0,0.0,0.0,0,0,,,,False,True
ICAM1,MAB,UNRESOLVED,0.426,CONTESTED,1,0.33,2,,UNRESOLVED_no_grounded_patents,0.0,0.0,0.0,0,0,MAB,,,False,True
KRAS|PD-1,MAB,UNRESOLVED,0.426,CONTESTED,1,0.33,2,,UNRESOLVED_no_grounded_patents,0.0,0.0,0.0,0,0,,,,False,True
LAG-3|PD-1,BISPECIFIC,UNRESOLVED,0.426,CONTESTED,1,0.33,7,,UNRESOLVED_no_grounded_patents,0.0,0.0,0.0,0,0,BISPECIFIC,,,False,True
LAG-3|PD-1|PD-L1,MAB,UNRESOLVED,0.426,CONTESTED,1,0.33,1,,UNRESOLVED_no_grounded_patents,0.0,0.0,0.0,0,0,,,,False,True
LAG-3|TIGIT,MAB,UNRESOLVED,0.426,CONTESTED,1,0.33,1,,UNRESOLVED_no_grounded_patents,0.0,0.0,0.0,0,0,,,,False,True
MAGE,CAR-T,UNRESOLVED,0.426,CONTESTED,1,0.33,8,,UNRESOLVED_no_grounded_patents,0.0,0.0,0.0,0,0,BISPECIFIC|MAB,,,False,True
MAGE-A1,OUT_OF_SCOPE,UNRESOLVED,0.426,CONTESTED,1,0.33,1,,UNRESOLVED_no_grounded_patents,0.0,0.0,0.0,0,0,,,,False,True
MAGE|TCR,UNCLASSIFIED,UNRESOLVED,0.426,CONTESTED,1,0.33,1,,UNRESOLVED_no_grounded_patents,0.0,0.0,0.0,0,0,,,,False,True
MESOTHELIN,DAC,UNRESOLVED,0.426,CONTESTED,1,0.33,1,,UNRESOLVED_no_grounded_patents,0.0,0.0,0.0,0,0,BISPECIFIC|MAB,,,False,True
MESOTHELIN-DM4,ADC,UNRESOLVED,0.426,CONTESTED,1,0.33,2,,UNRESOLVED_no_grounded_patents,0.0,0.0,0.0,0,0,ADC,,,False,True
MUC16|MESOTHELIN,MAB,UNRESOLVED,0.426,CONTESTED,1,0.33,1,,UNRESOLVED_no_grounded_patents,0.0,0.0,0.0,0,0,,,,False,True
NECTIN4|PD-1|AXL,ADC,UNRESOLVED,0.426,CONTESTED,1,0.33,1,,UNRESOLVED_no_grounded_patents,0.0,0.0,0.0,0,0,,,,False,True
NKG2A,MAB,UNRESOLVED,0.426,CONTESTED,1,0.33,4,,UNRESOLVED_no_grounded_patents,0.0,0.0,0.0,0,0,MAB,,,False,True
NKG2A|CEA,MAB,UNRESOLVED,0.426,CONTESTED,1,0.33,1,,UNRESOLVED_no_grounded_patents,0.0,0.0,0.0,0,0,,,,False,True
NKG2A|CTLA-4|PD-1|PD-L1,BISPECIFIC,UNRESOLVED,0.426,CONTESTED,1,0.33,1,,UNRESOLVED_no_grounded_patents,0.0,0.0,0.0,0,0,,,,False,True
PD-1|5T4,MAB,UNRESOLVED,0.426,CONTESTED,1,0.33,1,,UNRESOLVED_no_grounded_patents,0.0,0.0,0.0,0,0,,,,False,True
PD-1|ALK|CD28|EGFR|MESOTHELIN,MAB,UNRESOLVED,0.426,CONTESTED,1,0.33,1,,UNRESOLVED_no_grounded_patents,0.0,0.0,0.0,0,0,,,,False,True
PD-1|ALK|EGFR|MET|PD-L1,MAB,UNRESOLVED,0.426,CONTESTED,1,0.33,1,,UNRESOLVED_no_grounded_patents,0.0,0.0,0.0,0,0,,,,False,True
PD-1|AXL|MET,MAB,UNRESOLVED,0.426,CONTESTED,1,0.33,1,,UNRESOLVED_no_grounded_patents,0.0,0.0,0.0,0,0,,,,False,True
PD-1|BTK,MAB,UNRESOLVED,0.426,CONTESTED,1,0.33,15,,UNRESOLVED_no_grounded_patents,0.0,0.0,0.0,0,0,,,,False,True
PD-1|CD20|BCL-2,MAB,UNRESOLVED,0.426,CONTESTED,1,0.33,2,,UNRESOLVED_no_grounded_patents,0.0,0.0,0.0,0,0,,,,False,True
PD-1|CD28|MESOTHELIN,MAB,UNRESOLVED,0.426,CONTESTED,1,0.33,1,,UNRESOLVED_no_grounded_patents,0.0,0.0,0.0,0,0,,,,False,True
PD-1|CLDN18.2|HER2|TCR,MAB,UNRESOLVED,0.426,CONTESTED,1,0.33,1,,UNRESOLVED_no_grounded_patents,0.0,0.0,0.0,0,0,,,,False,True
PD-1|CRBN,MAB,UNRESOLVED,0.426,CONTESTED,1,0.33,1,,UNRESOLVED_no_grounded_patents,0.0,0.0,0.0,0,0,,,,False,True
PD-1|CTLA-4,MAB,UNRESOLVED,0.426,CONTESTED,12,1.0,54,,UNRESOLVED_no_grounded_patents,0.0,0.0,0.0,0,0,BISPECIFIC,,,False,True
PD-1|CTLA-4|LAG-3,MAB,UNRESOLVED,0.426,CONTESTED,1,0.33,5,,UNRESOLVED_no_grounded_patents,0.0,0.0,0.0,0,0,,,,False,True
PD-1|EGFR|BTK,MAB,UNRESOLVED,0.426,CONTESTED,1,0.33,1,,UNRESOLVED_no_grounded_patents,0.0,0.0,0.0,0,0,,,,False,True
PD-1|EGFR|CD47|SIRP-ALPHA,MAB,UNRESOLVED,0.426,CONTESTED,1,0.33,1,,UNRESOLVED_no_grounded_patents,0.0,0.0,0.0,0,0,,,,False,True
PD-1|EGFR|MET,MAB,UNRESOLVED,0.426,CONTESTED,1,0.33,1,,UNRESOLVED_no_grounded_patents,0.0,0.0,0.0,0,0,,,,False,True
PD-1|EZH2,MAB,UNRESOLVED,0.426,CONTESTED,1,0.33,2,,UNRESOLVED_no_grounded_patents,0.0,0.0,0.0,0,0,,,,False,True
PD-1|HER2|CD16,MAB,UNRESOLVED,0.426,CONTESTED,1,0.33,1,,UNRESOLVED_no_grounded_patents,0.0,0.0,0.0,0,0,,,,False,True
PD-1|HER2|FGFR,MAB,UNRESOLVED,0.426,CONTESTED,1,0.33,1,,UNRESOLVED_no_grounded_patents,0.0,0.0,0.0,0,0,,,,False,True
PD-1|HER2|NECTIN4,MAB,UNRESOLVED,0.426,CONTESTED,1,0.33,2,,UNRESOLVED_no_grounded_patents,0.0,0.0,0.0,0,0,,,,False,True
PD-1|ICAM1|PD-L1,MAB,UNRESOLVED,0.426,CONTESTED,1,0.33,1,,UNRESOLVED_no_grounded_patents,0.0,0.0,0.0,0,0,,,,False,True
PD-1|MESOTHELIN,MAB,UNRESOLVED,0.426,CONTESTED,1,0.33,1,,UNRESOLVED_no_grounded_patents,0.0,0.0,0.0,0,0,,,,False,True
PD-1|MESOTHELIN-TUBULYSIN,ADC,UNRESOLVED,0.426,CONTESTED,1,0.33,1,,UNRESOLVED_no_grounded_patents,0.0,0.0,0.0,0,0,,,,False,True
PD-1|MET,MAB,UNRESOLVED,0.426,CONTESTED,1,0.33,4,,UNRESOLVED_no_grounded_patents,0.0,0.0,0.0,0,0,,,,False,True
PD-1|NKG2A,MAB,UNRESOLVED,0.426,CONTESTED,1,0.33,2,,UNRESOLVED_no_grounded_patents,0.0,0.0,0.0,0,0,,,,False,True
PD-1|PD-L1|HER2,MAB,UNRESOLVED,0.426,CONTESTED,1,0.33,3,,UNRESOLVED_no_grounded_patents,0.0,0.0,0.0,0,0,,,,False,True
PD-1|PD-L1|PSMA,MAB,UNRESOLVED,0.426,CONTESTED,1,0.33,1,,UNRESOLVED_no_grounded_patents,0.0,0.0,0.0,0,0,,,,False,True
PD-1|PSMA,CAR-T,UNRESOLVED,0.426,CONTESTED,1,0.33,2,,UNRESOLVED_no_grounded_patents,0.0,0.0,0.0,0,0,,,,False,True
PD-1|TCR|VEGF,MAB,UNRESOLVED,0.426,CONTESTED,1,0.33,1,,UNRESOLVED_no_grounded_patents,0.0,0.0,0.0,0,0,,,,False,True
PD-1|TIGIT|CD40,MAB,UNRESOLVED,0.426,CONTESTED,1,0.33,1,,UNRESOLVED_no_grounded_patents,0.0,0.0,0.0,0,0,,,,False,True
PD-1|VEGFR2|CEA|CEACAM5,MAB,UNRESOLVED,0.426,CONTESTED,1,0.33,1,,UNRESOLVED_no_grounded_patents,0.0,0.0,0.0,0,0,,,,False,True
PD-1|VEGFR2|HER2,MAB,UNRESOLVED,0.426,CONTESTED,1,0.33,1,,UNRESOLVED_no_grounded_patents,0.0,0.0,0.0,0,0,,,,False,True
PD-1|WT1,MAB,UNRESOLVED,0.426,CONTESTED,1,0.33,6,,UNRESOLVED_no_grounded_patents,0.0,0.0,0.0,0,0,,,,False,True
PD-L1|ALK|EGFR|PD-1|VEGF,MAB,UNRESOLVED,0.426,CONTESTED,1,0.33,1,,UNRESOLVED_no_grounded_patents,0.0,0.0,0.0,0,0,,,,False,True
PD-L1|AR,MAB,UNRESOLVED,0.426,CONTESTED,1,0.33,3,,UNRESOLVED_no_grounded_patents,0.0,0.0,0.0,0,0,,,,False,True
PD-L1|AXL,MAB,UNRESOLVED,0.426,CONTESTED,1,0.33,3,,UNRESOLVED_no_grounded_patents,0.0,0.0,0.0,0,0,,,,False,True
PD-L1|CD137,MAB,UNRESOLVED,0.426,CONTESTED,1,0.33,1,,UNRESOLVED_no_grounded_patents,0.0,0.0,0.0,0,0,BISPECIFIC,,,False,True
PD-L1|CD137,MULTISPECIFIC,UNRESOLVED,0.426,CONTESTED,1,0.33,1,,UNRESOLVED_no_grounded_patents,0.0,0.0,0.0,0,0,BISPECIFIC,,,False,True
PD-L1|CD16,MAB,UNRESOLVED,0.426,CONTESTED,1,0.33,1,,UNRESOLVED_no_grounded_patents,0.0,0.0,0.0,0,0,,,,False,True
PD-L1|CD25|NKG2A|NKG2D,MAB,UNRESOLVED,0.426,CONTESTED,1,0.33,1,,UNRESOLVED_no_grounded_patents,0.0,0.0,0.0,0,0,,,,False,True
PD-L1|CD38,MAB,UNRESOLVED,0.426,CONTESTED,1,0.33,3,,UNRESOLVED_no_grounded_patents,0.0,0.0,0.0,0,0,,,,False,True
PD-L1|CD73,MAB,UNRESOLVED,0.426,CONTESTED,1,0.33,8,,UNRESOLVED_no_grounded_patents,0.0,0.0,0.0,0,0,,,,False,True
PD-L1|FAP,MAB,UNRESOLVED,0.426,CONTESTED,1,0.33,1,,UNRESOLVED_no_grounded_patents,0.0,0.0,0.0,0,0,,,,False,True
PD-L1|FGFR|TCR,MAB,UNRESOLVED,0.426,CONTESTED,1,0.33,1,,UNRESOLVED_no_grounded_patents,0.0,0.0,0.0,0,0,,,,False,True
PD-L1|GPC3,MAB,UNRESOLVED,0.426,CONTESTED,1,0.33,3,,UNRESOLVED_no_grounded_patents,0.0,0.0,0.0,0,0,,,,False,True
PD-L1|HER2|VEGF,MAB,UNRESOLVED,0.426,CONTESTED,1,0.33,1,,UNRESOLVED_no_grounded_patents,0.0,0.0,0.0,0,0,,,,False,True
PD-L1|MAGE|TCR,MAB,UNRESOLVED,0.426,CONTESTED,1,0.33,1,,UNRESOLVED_no_grounded_patents,0.0,0.0,0.0,0,0,,,,False,True
PD-L1|MUC1,MAB,UNRESOLVED,0.426,CONTESTED,1,0.33,1,,UNRESOLVED_no_grounded_patents,0.0,0.0,0.0,0,0,,,,False,True
PD-L1|VEGF|PD-1,MAB,UNRESOLVED,0.426,CONTESTED,1,0.33,3,,UNRESOLVED_no_grounded_patents,0.0,0.0,0.0,0,0,,,,False,True
PSMA,RADIOLIGAND,UNRESOLVED,0.426,CONTESTED,1,0.33,6,,UNRESOLVED_no_grounded_patents,0.0,0.0,0.0,0,0,ADC|BISPECIFIC|MAB,,,False,True
PSMA|CD3,BISPECIFIC,UNRESOLVED,0.426,CONTESTED,1,0.33,1,,UNRESOLVED_no_grounded_patents,0.0,0.0,0.0,0,0,BISPECIFIC|MAB,,,False,True
PSMA|CD3|AR|PD-1,BISPECIFIC,UNRESOLVED,0.426,CONTESTED,1,0.33,1,,UNRESOLVED_no_grounded_patents,0.0,0.0,0.0,0,0,,,,False,True
SSTR2|CD3,BISPECIFIC,UNRESOLVED,0.426,CONTESTED,1,0.33,1,,UNRESOLVED_no_grounded_patents,0.0,0.0,0.0,0,0,,,,False,True
TFR1-MMAE,ADC,UNRESOLVED,0.426,CONTESTED,1,0.33,1,,UNRESOLVED_no_grounded_patents,0.0,0.0,0.0,0,0,,,,False,True
TIGIT|CD96,BISPECIFIC,UNRESOLVED,0.426,CONTESTED,1,0.33,1,,UNRESOLVED_no_grounded_patents,0.0,0.0,0.0,0,0,,,,False,True
TIGIT|PD-1|PD-L1,MAB,UNRESOLVED,0.426,CONTESTED,1,0.33,1,,UNRESOLVED_no_grounded_patents,0.0,0.0,0.0,0,0,,,,False,True
TISSUE FACTOR,UNCLASSIFIED,UNRESOLVED,0.426,CONTESTED,1,0.33,4,,UNRESOLVED_no_grounded_patents,0.0,0.0,0.0,0,0,ADC|MAB,,,False,True
TNF-ALPHA,MAB,UNRESOLVED,0.426,CONTESTED,1,0.33,1,,UNRESOLVED_no_grounded_patents,0.0,0.0,0.0,0,0,MAB,,,False,True
TROP-2|PD-1|TIGIT,ADC,UNRESOLVED,0.426,CONTESTED,1,0.33,3,,UNRESOLVED_no_grounded_patents,0.0,0.0,0.0,0,0,,,,False,True
TROP-2|PD-L1,ADC,UNRESOLVED,0.426,CONTESTED,1,0.33,6,,UNRESOLVED_no_grounded_patents,0.0,0.0,0.0,0,0,,,,False,True
TROP-2|PD-L1|TIGIT|VEGF|PD-1,ADC,UNRESOLVED,0.426,CONTESTED,1,0.33,1,,UNRESOLVED_no_grounded_patents,0.0,0.0,0.0,0,0,,,,False,True
VEGFR2,OUT_OF_SCOPE,UNRESOLVED,0.426,CONTESTED,1,0.33,1,,UNRESOLVED_no_grounded_patents,0.0,0.0,0.0,0,0,MAB,,,False,True
VEGFR2|CTLA-4|PD-1,MAB,UNRESOLVED,0.426,CONTESTED,1,0.33,2,,UNRESOLVED_no_grounded_patents,0.0,0.0,0.0,0,0,,,,False,True
VEGFR2|FGFR|HER2|VEGF,MAB,UNRESOLVED,0.426,CONTESTED,1,0.33,1,,UNRESOLVED_no_grounded_patents,0.0,0.0,0.0,0,0,,,,False,True
VEGF|CD20|PD-L1|CD16|MUC1,MAB,UNRESOLVED,0.426,CONTESTED,1,0.33,1,,UNRESOLVED_no_grounded_patents,0.0,0.0,0.0,0,0,,,,False,True
VEGF|CEA,MAB,UNRESOLVED,0.426,CONTESTED,3,1.0,7,,UNRESOLVED_no_grounded_patents,0.0,0.0,0.0,0,0,,,,False,True
VEGF|EGFR|KRAS,MAB,UNRESOLVED,0.426,CONTESTED,1,0.33,14,,UNRESOLVED_no_grounded_patents,0.0,0.0,0.0,0,0,,,,False,True
VEGF|FGFR,MAB,UNRESOLVED,0.426,CONTESTED,1,0.33,1,,UNRESOLVED_no_grounded_patents,0.0,0.0,0.0,0,0,,,,False,True
VEGF|IGF-1R,MAB,UNRESOLVED,0.426,CONTESTED,1,0.33,2,,UNRESOLVED_no_grounded_patents,0.0,0.0,0.0,0,0,,,,False,True
VEGF|KRAS,MAB,UNRESOLVED,0.426,CONTESTED,1,0.33,9,,UNRESOLVED_no_grounded_patents,0.0,0.0,0.0,0,0,,,,False,True
VEGF|PD-1|PD-L1|CD16|CEA|ER|HER2|MUC1,MAB,UNRESOLVED,0.426,CONTESTED,1,0.33,1,,UNRESOLVED_no_grounded_patents,0.0,0.0,0.0,0,0,,,,False,True
VEGF|PD-1|PD-L1|CD16|CEA|MUC1,MAB,UNRESOLVED,0.426,CONTESTED,1,0.33,1,,UNRESOLVED_no_grounded_patents,0.0,0.0,0.0,0,0,,,,False,True
VEGF|PD-L1|CD16|CEA|ER|HER2|MUC1|PD-1,MAB,UNRESOLVED,0.426,CONTESTED,1,0.33,1,,UNRESOLVED_no_grounded_patents,0.0,0.0,0.0,0,0,,,,False,True
VEGF|PD-L1|CD16|ER|HER2|MUC1,MAB,UNRESOLVED,0.426,CONTESTED,1,0.33,1,,UNRESOLVED_no_grounded_patents,0.0,0.0,0.0,0,0,,,,False,True
VEGF|PD-L1|CD16|MUC1,MAB,UNRESOLVED,0.426,CONTESTED,1,0.33,1,,UNRESOLVED_no_grounded_patents,0.0,0.0,0.0,0,0,,,,False,True
VEGF|ER,MAB,UNRESOLVED,0.409,CONTESTED,2,0.67,3,,UNRESOLVED_no_grounded_patents,0.0,0.0,0.0,0,0,,,,False,True
AR,UNCLASSIFIED,UNRESOLVED,0.401,CONTESTED,2,0.67,10,,UNRESOLVED_no_grounded_patents,0.0,0.0,0.0,0,0,MAB|PROTAC,,,False,True
AXL,UNCLASSIFIED,UNRESOLVED,0.401,CONTESTED,2,0.67,3,,UNRESOLVED_no_grounded_patents,0.0,0.0,0.0,0,0,ADC|BISPECIFIC|MAB,,,False,True
BCL-2,UNCLASSIFIED,UNRESOLVED,0.401,CONTESTED,4,1.0,17,,UNRESOLVED_no_grounded_patents,0.0,0.0,0.0,0,0,MAB,,,False,True
BCMA|CD3,BISPECIFIC,UNRESOLVED,0.401,CONTESTED,10,1.0,53,,UNRESOLVED_no_grounded_patents,0.0,0.0,0.0,0,0,BISPECIFIC,,,False,True
CD19|BCL-2,MAB,UNRESOLVED,0.401,CONTESTED,2,0.67,3,,UNRESOLVED_no_grounded_patents,0.0,0.0,0.0,0,0,,,,False,True
CD19|CD22,UNCLASSIFIED,UNRESOLVED,0.401,CONTESTED,2,0.67,5,,UNRESOLVED_no_grounded_patents,0.0,0.0,0.0,0,0,,,,False,True
CD20,CAR-T,UNRESOLVED,0.401,CONTESTED,2,0.67,14,,UNRESOLVED_no_grounded_patents,0.0,0.0,0.0,0,0,MAB,,,False,True
CD20|EZH2,MAB,UNRESOLVED,0.401,CONTESTED,2,0.67,4,,UNRESOLVED_no_grounded_patents,0.0,0.0,0.0,0,0,,,,False,True
CD22,UNCLASSIFIED,UNRESOLVED,0.401,CONTESTED,2,0.67,8,,UNRESOLVED_no_grounded_patents,0.0,0.0,0.0,0,0,MAB,,,False,True
CD28|PD-1,MAB,UNRESOLVED,0.401,CONTESTED,2,0.67,2,,UNRESOLVED_no_grounded_patents,0.0,0.0,0.0,0,0,,,,False,True
CD33|CLL-1,CAR-T,UNRESOLVED,0.401,CONTESTED,2,0.67,4,,UNRESOLVED_no_grounded_patents,0.0,0.0,0.0,0,0,,,,False,True
CD79B|CD20|BCL-2,ADC,UNRESOLVED,0.401,CONTESTED,2,0.67,6,,UNRESOLVED_no_grounded_patents,0.0,0.0,0.0,0,0,,,,False,True
CTLA-4,UNCLASSIFIED,UNRESOLVED,0.401,CONTESTED,2,0.67,6,,UNRESOLVED_no_grounded_patents,0.0,0.0,0.0,0,0,MAB,,,False,True
CTLA-4|PD-L1|PD-1,MAB,UNRESOLVED,0.401,CONTESTED,2,0.67,7,,UNRESOLVED_no_grounded_patents,0.0,0.0,0.0,0,0,,,,False,True
HER2-MMAE,ADC,UNRESOLVED,0.401,CONTESTED,2,0.67,21,,UNRESOLVED_no_grounded_patents,0.0,0.0,0.0,0,0,ADC,,,False,True
HER2-MMAF,ADC,UNRESOLVED,0.401,CONTESTED,2,0.67,5,,UNRESOLVED_no_grounded_patents,0.0,0.0,0.0,0,0,ADC,,,False,True
HER2-TLRAGONIST,ADC,UNRESOLVED,0.401,CONTESTED,2,0.67,2,,UNRESOLVED_no_grounded_patents,0.0,0.0,0.0,0,0,,,,False,True
KRAS,MAB,UNRESOLVED,0.401,CONTESTED,2,0.67,12,,UNRESOLVED_no_grounded_patents,0.0,0.0,0.0,0,0,ADC|MAB,,,False,True
NKG2D,CAR-T,UNRESOLVED,0.401,CONTESTED,2,0.67,22,,UNRESOLVED_no_grounded_patents,0.0,0.0,0.0,0,0,MAB,,,False,True
PD-1,CAR-T,UNRESOLVED,0.401,CONTESTED,2,0.67,29,,UNRESOLVED_no_grounded_patents,0.0,0.0,0.0,0,0,ADC|BISPECIFIC|MAB,,,False,True
PD-1|CD40,MAB,UNRESOLVED,0.401,CONTESTED,2,0.67,14,,UNRESOLVED_no_grounded_patents,0.0,0.0,0.0,0,0,BISPECIFIC,,,False,True
PD-1|CD47,MAB,UNRESOLVED,0.401,CONTESTED,2,0.67,4,,UNRESOLVED_no_grounded_patents,0.0,0.0,0.0,0,0,BISPECIFIC,,,False,True
PD-1|EZH2|PD-L1,MAB,UNRESOLVED,0.401,CONTESTED,2,0.67,2,,UNRESOLVED_no_grounded_patents,0.0,0.0,0.0,0,0,,,,False,True
PD-L1|ER,MAB,UNRESOLVED,0.401,CONTESTED,2,0.67,4,,UNRESOLVED_no_grounded_patents,0.0,0.0,0.0,0,0,,,,False,True
PSMA,UNCLASSIFIED,UNRESOLVED,0.401,CONTESTED,2,0.67,6,,UNRESOLVED_no_grounded_patents,0.0,0.0,0.0,0,0,ADC|BISPECIFIC|MAB,,,False,True
TCR,MAB,UNRESOLVED,0.401,CONTESTED,2,0.67,4,,UNRESOLVED_no_grounded_patents,0.0,0.0,0.0,0,0,BISPECIFIC|MAB,,,False,True
CD33,MAB,UNRESOLVED,0.385,FAILED / CONTESTED (late),16,1.0,52,,UNRESOLVED_no_grounded_patents,0.0,0.0,0.0,0,0,MAB,,,False,True
CD38,UNCLASSIFIED,UNRESOLVED,0.378,FAILED / CONTESTED (late),3,1.0,11,,UNRESOLVED_no_grounded_patents,0.0,0.0,0.0,0,0,BISPECIFIC|MAB,,,False,True
NAPI2B-AURISTATIN,ADC,UNRESOLVED,0.378,FAILED / CONTESTED (late),3,1.0,4,,UNRESOLVED_no_grounded_patents,0.0,0.0,0.0,0,0,,,,False,True
PD-1|ER|HER2,MAB,UNRESOLVED,0.378,FAILED / CONTESTED (late),2,0.67,8,,UNRESOLVED_no_grounded_patents,0.0,0.0,0.0,0,0,,,,False,True
PD-L1,OUT_OF_SCOPE,UNRESOLVED,0.378,FAILED / CONTESTED (late),4,1.0,7,,UNRESOLVED_no_grounded_patents,0.0,0.0,0.0,0,0,BISPECIFIC|MAB,,,False,True
PD-L1|ER|HER2,MAB,UNRESOLVED,0.378,FAILED / CONTESTED (late),2,0.67,4,,UNRESOLVED_no_grounded_patents,0.0,0.0,0.0,0,0,,,,False,True
EGFR|PD-L1,MAB,UNRESOLVED,0.37,FAILED / CONTESTED (late),2,0.67,15,,UNRESOLVED_no_grounded_patents,0.0,0.0,0.0,0,0,BISPECIFIC,,,False,True
ALK|EGFR|PD-1,UNCLASSIFIED,UNRESOLVED,0.362,FAILED / CONTESTED (late),1,0.33,2,,UNRESOLVED_no_grounded_patents,0.0,0.0,0.0,0,0,,,,False,True
B7-H3|LAG-3|PD-1,MAB,UNRESOLVED,0.362,FAILED / CONTESTED (late),1,0.33,1,,UNRESOLVED_no_grounded_patents,0.0,0.0,0.0,0,0,,,,False,True
BCMA|GPRC5D|CD3,BISPECIFIC,UNRESOLVED,0.362,FAILED / CONTESTED (late),1,0.33,1,,UNRESOLVED_no_grounded_patents,0.0,0.0,0.0,0,0,,,,False,True
CD19|CD3|CD22-CALICHEAMICIN,ADC,UNRESOLVED,0.362,FAILED / CONTESTED (late),1,0.33,1,,UNRESOLVED_no_grounded_patents,0.0,0.0,0.0,0,0,,,,False,True
CD20|PD-L1|CD137,MAB,UNRESOLVED,0.362,FAILED / CONTESTED (late),1,0.33,1,,UNRESOLVED_no_grounded_patents,0.0,0.0,0.0,0,0,,,,False,True
CD28,UNCLASSIFIED,UNRESOLVED,0.362,FAILED / CONTESTED (late),1,0.33,4,,UNRESOLVED_no_grounded_patents,0.0,0.0,0.0,0,0,BISPECIFIC|MAB,,,False,True
CEA|CEACAM5,UNCLASSIFIED,UNRESOLVED,0.362,FAILED / CONTESTED (late),1,0.33,3,,UNRESOLVED_no_grounded_patents,0.0,0.0,0.0,0,0,BISPECIFIC,,,False,True
EGFR|MUC1,UNCLASSIFIED,UNRESOLVED,0.362,FAILED / CONTESTED (late),1,0.33,1,,UNRESOLVED_no_grounded_patents,0.0,0.0,0.0,0,0,BISPECIFIC,,,False,True
ER|MUC16,UNCLASSIFIED,UNRESOLVED,0.362,FAILED / CONTESTED (late),1,0.33,1,,UNRESOLVED_no_grounded_patents,0.0,0.0,0.0,0,0,,,,False,True
HER2|ER,ADC,UNRESOLVED,0.362,FAILED / CONTESTED (late),1,0.33,5,,UNRESOLVED_no_grounded_patents,0.0,0.0,0.0,0,0,,,,False,True
LAG-3|PD-1,MAB,UNRESOLVED,0.362,FAILED / CONTESTED (late),4,1.0,29,,UNRESOLVED_no_grounded_patents,0.0,0.0,0.0,0,0,BISPECIFIC,,,False,True
MET|EGFR,ADC,UNRESOLVED,0.362,FAILED / CONTESTED (late),1,0.33,1,,UNRESOLVED_no_grounded_patents,0.0,0.0,0.0,0,0,,,,False,True
PD-1|CTLA-4|PD-L1,MAB,UNRESOLVED,0.362,FAILED / CONTESTED (late),1,0.33,9,,UNRESOLVED_no_grounded_patents,0.0,0.0,0.0,0,0,,,,False,True
5T4|CD3,BISPECIFIC,UNRESOLVED,0.354,FAILED / CONTESTED (late),2,0.67,2,,UNRESOLVED_no_grounded_patents,0.0,0.0,0.0,0,0,BISPECIFIC,,,False,True
ALK|EGFR,UNCLASSIFIED,UNRESOLVED,0.354,FAILED / CONTESTED (late),2,0.67,5,,UNRESOLVED_no_grounded_patents,0.0,0.0,0.0,0,0,,,,False,True
ANG2,MAB,UNRESOLVED,0.354,FAILED / CONTESTED (late),1,0.33,2,,UNRESOLVED_no_grounded_patents,0.0,0.0,0.0,0,0,MAB,,,False,True
ANG2,UNCLASSIFIED,UNRESOLVED,0.354,FAILED / CONTESTED (late),2,0.67,4,,UNRESOLVED_no_grounded_patents,0.0,0.0,0.0,0,0,MAB,,,False,True
APOH,MAB,UNRESOLVED,0.354,FAILED / CONTESTED (late),1,0.33,1,,UNRESOLVED_no_grounded_patents,0.0,0.0,0.0,0,0,,,,False,True
CD19|CD3|BTK,BISPECIFIC,UNRESOLVED,0.354,FAILED / CONTESTED (late),1,0.33,1,,UNRESOLVED_no_grounded_patents,0.0,0.0,0.0,0,0,,,,False,True
CD20|CD22,MAB,UNRESOLVED,0.354,FAILED / CONTESTED (late),2,0.67,7,,UNRESOLVED_no_grounded_patents,0.0,0.0,0.0,0,0,,,,False,True
CD22|CD19|CD3|BCL-2,ADC,UNRESOLVED,0.354,FAILED / CONTESTED (late),1,0.33,3,,UNRESOLVED_no_grounded_patents,0.0,0.0,0.0,0,0,,,,False,True
CD3|HER2,BISPECIFIC,UNRESOLVED,0.354,FAILED / CONTESTED (late),6,1.0,8,,UNRESOLVED_no_grounded_patents,0.0,0.0,0.0,0,0,,,,False,True
CD40,MAB,UNRESOLVED,0.354,FAILED / CONTESTED (late),5,1.0,30,,UNRESOLVED_no_grounded_patents,0.0,0.0,0.0,0,0,BISPECIFIC|MAB,,,False,True
CD40|GP100,CAR-T,UNRESOLVED,0.354,FAILED / CONTESTED (late),1,0.33,1,,UNRESOLVED_no_grounded_patents,0.0,0.0,0.0,0,0,,,,False,True
CD73|PD-1,BISPECIFIC,UNRESOLVED,0.354,FAILED / CONTESTED (late),1,0.33,2,,UNRESOLVED_no_grounded_patents,0.0,0.0,0.0,0,0,,,,False,True
CEACAM5-DM4,ADC,UNRESOLVED,0.354,FAILED / CONTESTED (late),1,0.33,1,,UNRESOLVED_no_grounded_patents,0.0,0.0,0.0,0,0,ADC,,,False,True
CEA|CEACAM5,CAR-T,UNRESOLVED,0.354,FAILED / CONTESTED (late),4,1.0,9,,UNRESOLVED_no_grounded_patents,0.0,0.0,0.0,0,0,BISPECIFIC,,,False,True
CEA|HER2,BISPECIFIC,UNRESOLVED,0.354,FAILED / CONTESTED (late),1,0.33,1,,UNRESOLVED_no_grounded_patents,0.0,0.0,0.0,0,0,,,,False,True
CRBN,UNCLASSIFIED,UNRESOLVED,0.354,FAILED / CONTESTED (late),2,0.67,4,,UNRESOLVED_no_grounded_patents,0.0,0.0,0.0,0,0,MAB,,,False,True
CTLA-4|ER|HER2|PD-L1|TCR,MAB,UNRESOLVED,0.354,FAILED / CONTESTED (late),1,0.33,1,,UNRESOLVED_no_grounded_patents,0.0,0.0,0.0,0,0,,,,False,True
CTLA-4|PD-1|CEA|CEACAM5,MAB,UNRESOLVED,0.354,FAILED / CONTESTED (late),1,0.33,1,,UNRESOLVED_no_grounded_patents,0.0,0.0,0.0,0,0,,,,False,True
CTLA-4|PD-L1,UNCLASSIFIED,UNRESOLVED,0.354,FAILED / CONTESTED (late),2,0.67,2,,UNRESOLVED_no_grounded_patents,0.0,0.0,0.0,0,0,,,,False,True
EGFL7,MAB,UNRESOLVED,0.354,FAILED / CONTESTED (late),1,0.33,1,,UNRESOLVED_no_grounded_patents,0.0,0.0,0.0,0,0,,,,False,True
EGFR|HER2|VEGF,MAB,UNRESOLVED,0.354,FAILED / CONTESTED (late),1,0.33,1,,UNRESOLVED_no_grounded_patents,0.0,0.0,0.0,0,0,,,,False,True
ER-MMAE,ADC,UNRESOLVED,0.354,FAILED / CONTESTED (late),1,0.33,1,,UNRESOLVED_no_grounded_patents,0.0,0.0,0.0,0,0,,,,False,True
FAP,MAB,UNRESOLVED,0.354,FAILED / CONTESTED (late),1,0.33,3,,UNRESOLVED_no_grounded_patents,0.0,0.0,0.0,0,0,BISPECIFIC|MAB,,,False,True
GD2|HER2,MAB,UNRESOLVED,0.354,FAILED / CONTESTED (late),1,0.33,1,,UNRESOLVED_no_grounded_patents,0.0,0.0,0.0,0,0,,,,False,True
GP100,CAR-T,UNRESOLVED,0.354,FAILED / CONTESTED (late),2,0.67,4,,UNRESOLVED_no_grounded_patents,0.0,0.0,0.0,0,0,MAB,,,False,True
HER2|VEGFR2,MAB,UNRESOLVED,0.354,FAILED / CONTESTED (late),2,0.67,4,,UNRESOLVED_no_grounded_patents,0.0,0.0,0.0,0,0,,,,False,True
HER3,ADC,UNRESOLVED,0.354,FAILED / CONTESTED (late),2,0.67,11,,UNRESOLVED_no_grounded_patents,0.0,0.0,0.0,0,0,MAB,,,False,True
HGF,MAB,UNRESOLVED,0.354,FAILED / CONTESTED (late),1,0.33,1,,UNRESOLVED_no_grounded_patents,0.0,0.0,0.0,0,0,,,,False,True
IGF-1R,UNCLASSIFIED,UNRESOLVED,0.354,FAILED / CONTESTED (late),2,0.67,6,,UNRESOLVED_no_grounded_patents,0.0,0.0,0.0,0,0,BISPECIFIC|MAB,,,False,True
MAGE,MAB,UNRESOLVED,0.354,FAILED / CONTESTED (late),3,1.0,3,,UNRESOLVED_no_grounded_patents,0.0,0.0,0.0,0,0,BISPECIFIC|MAB,,,False,True
MESOTHELIN|PD-1,MAB,UNRESOLVED,0.354,FAILED / CONTESTED (late),1,0.33,1,,UNRESOLVED_no_grounded_patents,0.0,0.0,0.0,0,0,,,,False,True
MET,CAR-T,UNRESOLVED,0.354,FAILED / CONTESTED (late),2,0.67,9,,UNRESOLVED_no_grounded_patents,0.0,0.0,0.0,0,0,ADC|BISPECIFIC|MAB,,,False,True
MET|TCR,CAR-T,UNRESOLVED,0.354,FAILED / CONTESTED (late),2,0.67,5,,UNRESOLVED_no_grounded_patents,0.0,0.0,0.0,0,0,,,,False,True
MUC16|MESOTHELIN|VEGF,MAB,UNRESOLVED,0.354,FAILED / CONTESTED (late),1,0.33,1,,UNRESOLVED_no_grounded_patents,0.0,0.0,0.0,0,0,,,,False,True
NECTIN4-MMAE,ADC,UNRESOLVED,0.354,FAILED / CONTESTED (late),1,0.33,5,,UNRESOLVED_no_grounded_patents,0.0,0.0,0.0,0,0,ADC,,,False,True
PD-1-MMAE,ADC,UNRESOLVED,0.354,FAILED / CONTESTED (late),1,0.33,1,,UNRESOLVED_no_grounded_patents,0.0,0.0,0.0,0,0,ADC,,,False,True
PD-1|ALK|EGFR|PD-L1,MAB,UNRESOLVED,0.354,FAILED / CONTESTED (late),2,0.67,7,,UNRESOLVED_no_grounded_patents,0.0,0.0,0.0,0,0,,,,False,True
PD-1|AR,MAB,UNRESOLVED,0.354,FAILED / CONTESTED (late),2,0.67,7,,UNRESOLVED_no_grounded_patents,0.0,0.0,0.0,0,0,,,,False,True
PD-1|ER,MAB,UNRESOLVED,0.354,FAILED / CONTESTED (late),2,0.67,3,,UNRESOLVED_no_grounded_patents,0.0,0.0,0.0,0,0,,,,False,True
PD-1|FGFR|PD-L1|VEGF,MAB,UNRESOLVED,0.354,FAILED / CONTESTED (late),2,0.67,4,,UNRESOLVED_no_grounded_patents,0.0,0.0,0.0,0,0,,,,False,True
PD-1|HER2-REZETECAN,ADC,UNRESOLVED,0.354,FAILED / CONTESTED (late),1,0.33,1,,UNRESOLVED_no_grounded_patents,0.0,0.0,0.0,0,0,,,,False,True
PD-1|HER2|PD-L1,MAB,UNRESOLVED,0.354,FAILED / CONTESTED (late),2,0.67,10,,UNRESOLVED_no_grounded_patents,0.0,0.0,0.0,0,0,,,,False,True
PD-1|KRAS,MAB,UNRESOLVED,0.354,FAILED / CONTESTED (late),2,0.67,16,,UNRESOLVED_no_grounded_patents,0.0,0.0,0.0,0,0,,,,False,True
PD-1|TIGIT|NECTIN4,MAB,UNRESOLVED,0.354,FAILED / CONTESTED (late),1,0.33,1,,UNRESOLVED_no_grounded_patents,0.0,0.0,0.0,0,0,,,,False,True
PD-1|TROP-2,MAB,UNRESOLVED,0.354,FAILED / CONTESTED (late),1,0.33,7,,UNRESOLVED_no_grounded_patents,0.0,0.0,0.0,0,0,,,,False,True
PD-1|VEGF|MUC16,MAB,UNRESOLVED,0.354,FAILED / CONTESTED (late),1,0.33,3,,UNRESOLVED_no_grounded_patents,0.0,0.0,0.0,0,0,,,,False,True
PD-L1|ALK,MAB,UNRESOLVED,0.354,FAILED / CONTESTED (late),2,0.67,4,,UNRESOLVED_no_grounded_patents,0.0,0.0,0.0,0,0,,,,False,True
PD-L1|CD16|CEA|MUC1,MAB,UNRESOLVED,0.354,FAILED / CONTESTED (late),2,0.67,2,,UNRESOLVED_no_grounded_patents,0.0,0.0,0.0,0,0,,,,False,True
PD-L1|CD25|HER2,MAB,UNRESOLVED,0.354,FAILED / CONTESTED (late),1,0.33,1,,UNRESOLVED_no_grounded_patents,0.0,0.0,0.0,0,0,,,,False,True
PD-L1|CD73|PD-1,MAB,UNRESOLVED,0.354,FAILED / CONTESTED (late),2,0.67,3,,UNRESOLVED_no_grounded_patents,0.0,0.0,0.0,0,0,,,,False,True
PD-L1|MUC16|VEGF,MAB,UNRESOLVED,0.354,FAILED / CONTESTED (late),1,0.33,1,,UNRESOLVED_no_grounded_patents,0.0,0.0,0.0,0,0,,,,False,True
PD-L1|TGF-BETA1,BISPECIFIC,UNRESOLVED,0.354,FAILED / CONTESTED (late),2,0.67,2,,UNRESOLVED_no_grounded_patents,0.0,0.0,0.0,0,0,BISPECIFIC,,,False,True
PDGFRA,MAB,UNRESOLVED,0.354,FAILED / CONTESTED (late),1,0.33,1,,UNRESOLVED_no_grounded_patents,0.0,0.0,0.0,0,0,,,,False,True
ROR1,ADC,UNRESOLVED,0.354,FAILED / CONTESTED (late),2,0.67,6,,UNRESOLVED_no_grounded_patents,0.0,0.0,0.0,0,0,ADC|BISPECIFIC|MAB,,,False,True
ROR1-MMAE,ADC,UNRESOLVED,0.354,FAILED / CONTESTED (late),1,0.33,1,,UNRESOLVED_no_grounded_patents,0.0,0.0,0.0,0,0,ADC,,,False,True
TROP-2|CTLA-4|PD-L1,ADC,UNRESOLVED,0.354,FAILED / CONTESTED (late),1,0.33,1,,UNRESOLVED_no_grounded_patents,0.0,0.0,0.0,0,0,,,,False,True
TROP-2|PD-L1|TCR,MAB,UNRESOLVED,0.354,FAILED / CONTESTED (late),1,0.33,1,,UNRESOLVED_no_grounded_patents,0.0,0.0,0.0,0,0,,,,False,True
VEGFR2,CAR-T,UNRESOLVED,0.354,FAILED / CONTESTED (late),1,0.33,1,,UNRESOLVED_no_grounded_patents,0.0,0.0,0.0,0,0,MAB,,,False,True
VEGFR2|EGFR,MAB,UNRESOLVED,0.354,FAILED / CONTESTED (late),1,0.33,2,,UNRESOLVED_no_grounded_patents,0.0,0.0,0.0,0,0,,,,False,True
VEGF|HIF,MAB,UNRESOLVED,0.354,FAILED / CONTESTED (late),1,0.33,3,,UNRESOLVED_no_grounded_patents,0.0,0.0,0.0,0,0,,,,False,True
VEGF|PD-1|EGFR|PD-L1|CD16|CEA|ER|HER2|MUC1,MAB,UNRESOLVED,0.354,FAILED / CONTESTED (late),2,0.67,2,,UNRESOLVED_no_grounded_patents,0.0,0.0,0.0,0,0,,,,False,True
VEGF|PD-L1|CD16|CEA,MAB,UNRESOLVED,0.354,FAILED / CONTESTED (late),2,0.67,2,,UNRESOLVED_no_grounded_patents,0.0,0.0,0.0,0,0,,,,False,True
VEGF|PD-L1|CD16|CEA|HER2|MUC1,MAB,UNRESOLVED,0.354,FAILED / CONTESTED (late),2,0.67,2,,UNRESOLVED_no_grounded_patents,0.0,0.0,0.0,0,0,,,,False,True
VEGF|PD-L1|CD16|CEA|MUC1,MAB,UNRESOLVED,0.354,FAILED / CONTESTED (late),2,0.67,2,,UNRESOLVED_no_grounded_patents,0.0,0.0,0.0,0,0,,,,False,True
VEGF|PD-L1|CEA,MAB,UNRESOLVED,0.354,FAILED / CONTESTED (late),2,0.67,2,,UNRESOLVED_no_grounded_patents,0.0,0.0,0.0,0,0,,,,False,True
CTLA-4|PD-1|PD-L1,UNCLASSIFIED,UNRESOLVED,0.339,FAILED / CONTESTED (late),1,0.33,22,,UNRESOLVED_no_grounded_patents,0.0,0.0,0.0,0,0,,,,False,True
PD-L1|VEGF|TCR,MAB,UNRESOLVED,0.339,FAILED / CONTESTED (late),1,0.33,2,,UNRESOLVED_no_grounded_patents,0.0,0.0,0.0,0,0,,,,False,True
ROR1,MAB,UNRESOLVED,0.339,FAILED / CONTESTED (late),2,0.67,4,,UNRESOLVED_no_grounded_patents,0.0,0.0,0.0,0,0,ADC|BISPECIFIC|MAB,,,False,True
BCMA|GPRC5D,CAR-T,UNRESOLVED,0.332,FAILED / CONTESTED (late),3,1.0,19,,UNRESOLVED_no_grounded_patents,0.0,0.0,0.0,0,0,,,,False,True
CD19|CD20,MAB,UNRESOLVED,0.332,FAILED / CONTESTED (late),2,0.67,9,,UNRESOLVED_no_grounded_patents,0.0,0.0,0.0,0,0,BISPECIFIC,,,False,True
CD19|CD20,UNCLASSIFIED,UNRESOLVED,0.332,FAILED / CONTESTED (late),3,1.0,20,,UNRESOLVED_no_grounded_patents,0.0,0.0,0.0,0,0,BISPECIFIC,,,False,True
CD3,BISPECIFIC,UNRESOLVED,0.332,FAILED / CONTESTED (late),3,1.0,10,,UNRESOLVED_no_grounded_patents,0.0,0.0,0.0,0,0,BISPECIFIC|MAB,,,False,True
CD3,UNCLASSIFIED,UNRESOLVED,0.332,FAILED / CONTESTED (late),3,1.0,15,,UNRESOLVED_no_grounded_patents,0.0,0.0,0.0,0,0,BISPECIFIC|MAB,,,False,True
CD30,UNCLASSIFIED,UNRESOLVED,0.332,FAILED / CONTESTED (late),8,1.0,19,,UNRESOLVED_no_grounded_patents,0.0,0.0,0.0,0,0,MAB,,,False,True
CLDN18.2,UNCLASSIFIED,UNRESOLVED,0.332,FAILED / CONTESTED (late),3,1.0,14,,UNRESOLVED_no_grounded_patents,0.0,0.0,0.0,0,0,ADC|BISPECIFIC|MAB,,,False,True
GD2,CAR-T,UNRESOLVED,0.332,FAILED / CONTESTED (late),3,1.0,27,,UNRESOLVED_no_grounded_patents,0.0,0.0,0.0,0,0,MAB,,,False,True
HER2,CAR-T,UNRESOLVED,0.332,FAILED / CONTESTED (late),4,1.0,18,,UNRESOLVED_no_grounded_patents,0.0,0.0,0.0,0,0,ADC|BISPECIFIC|MAB,,,False,True
HER2|PD-1|PD-L1,MAB,UNRESOLVED,0.332,FAILED / CONTESTED (late),2,0.67,5,,UNRESOLVED_no_grounded_patents,0.0,0.0,0.0,0,0,,,,False,True
HER2|PD-L1,MAB,UNRESOLVED,0.332,FAILED / CONTESTED (late),2,0.67,17,,UNRESOLVED_no_grounded_patents,0.0,0.0,0.0,0,0,BISPECIFIC,,,False,True
PD-1,ADC,UNRESOLVED,0.332,FAILED / CONTESTED (late),3,1.0,6,,UNRESOLVED_no_grounded_patents,0.0,0.0,0.0,0,0,ADC|BISPECIFIC|MAB,,,False,True
PD-1|BCL-2|TCR,MAB,UNRESOLVED,0.332,FAILED / CONTESTED (late),2,0.67,2,,UNRESOLVED_no_grounded_patents,0.0,0.0,0.0,0,0,,,,False,True
PD-1|CD137|PD-L1,BISPECIFIC,UNRESOLVED,0.332,FAILED / CONTESTED (late),3,1.0,4,,UNRESOLVED_no_grounded_patents,0.0,0.0,0.0,0,0,,,,False,True
PD-L1|KRAS,MAB,UNRESOLVED,0.332,FAILED / CONTESTED (late),3,1.0,6,,UNRESOLVED_no_grounded_patents,0.0,0.0,0.0,0,0,,,,False,True
HER3-DXD,ADC,UNRESOLVED,0.317,FAILED / CONTESTED (late),7,1.0,9,,UNRESOLVED_no_grounded_patents,0.0,0.0,0.0,0,0,ADC,,,False,True
CD25,CAR-T,UNRESOLVED,0.31,FAILED / CONTESTED (late),5,1.0,8,,UNRESOLVED_no_grounded_patents,0.0,0.0,0.0,0,0,ADC|MAB,,,False,True
EZH2,UNCLASSIFIED,UNRESOLVED,0.31,FAILED / CONTESTED (late),4,1.0,19,,UNRESOLVED_no_grounded_patents,0.0,0.0,0.0,0,0,ADC|MAB|PROTAC,,,False,True
GPC3,CAR-T,UNRESOLVED,0.31,FAILED / CONTESTED (late),6,1.0,40,,UNRESOLVED_no_grounded_patents,0.0,0.0,0.0,0,0,ADC|BISPECIFIC|MAB,,,False,True
OX40,MAB,UNRESOLVED,0.31,FAILED / CONTESTED (late),2,0.67,3,,UNRESOLVED_no_grounded_patents,0.0,0.0,0.0,0,0,MAB,,,False,True
PD-1|BET|BRD4,MAB,UNRESOLVED,0.31,FAILED / CONTESTED (late),3,1.0,4,,UNRESOLVED_no_grounded_patents,0.0,0.0,0.0,0,0,,,,False,True
PD-1|CD20,MAB,UNRESOLVED,0.31,FAILED / CONTESTED (late),7,1.0,19,,UNRESOLVED_no_grounded_patents,0.0,0.0,0.0,0,0,,,,False,True
PD-1|CD25,MAB,UNRESOLVED,0.31,FAILED / CONTESTED (late),3,1.0,8,,UNRESOLVED_no_grounded_patents,0.0,0.0,0.0,0,0,,,,False,True
CD19|CD3|CD20,BISPECIFIC,UNRESOLVED,0.303,FAILED / CONTESTED (late),3,1.0,5,,UNRESOLVED_no_grounded_patents,0.0,0.0,0.0,0,0,,,,False,True
CD30|PD-1,ADC,UNRESOLVED,0.296,FAILED / CONTESTED (late),2,0.67,21,,UNRESOLVED_no_grounded_patents,0.0,0.0,0.0,0,0,,,,False,True
HER2|HER3,MAB,UNRESOLVED,0.296,FAILED / CONTESTED (late),2,0.67,8,,UNRESOLVED_no_grounded_patents,0.0,0.0,0.0,0,0,BISPECIFIC,,,False,True
VEGF|ANG2,MAB,UNRESOLVED,0.296,FAILED / CONTESTED (late),2,0.67,4,,UNRESOLVED_no_grounded_patents,0.0,0.0,0.0,0,0,BISPECIFIC,,,False,True
CD20|BCL-2|BTK,MAB,UNRESOLVED,0.289,FAILED / CONTESTED (late),3,1.0,18,,UNRESOLVED_no_grounded_patents,0.0,0.0,0.0,0,0,,,,False,True
FOLR1-ERIBULIN,ADC,UNRESOLVED,0.289,FAILED / CONTESTED (late),3,1.0,5,,UNRESOLVED_no_grounded_patents,0.0,0.0,0.0,0,0,,,,False,True
MESOTHELIN,ADC,UNRESOLVED,0.289,FAILED / CONTESTED (late),2,0.67,6,,UNRESOLVED_no_grounded_patents,0.0,0.0,0.0,0,0,BISPECIFIC|MAB,,,False,True
MESOTHELIN,UNCLASSIFIED,UNRESOLVED,0.289,FAILED / CONTESTED (late),7,1.0,15,,UNRESOLVED_no_grounded_patents,0.0,0.0,0.0,0,0,BISPECIFIC|MAB,,,False,True
PD-1|AXL,MAB,UNRESOLVED,0.289,FAILED / CONTESTED (late),3,1.0,8,,UNRESOLVED_no_grounded_patents,0.0,0.0,0.0,0,0,,,,False,True
PD-1|CD38,MAB,UNRESOLVED,0.289,FAILED / CONTESTED (late),3,1.0,5,,UNRESOLVED_no_grounded_patents,0.0,0.0,0.0,0,0,,,,False,True
PD-1|PD-L1|TCR,MAB,UNRESOLVED,0.289,FAILED / CONTESTED (late),3,1.0,9,,UNRESOLVED_no_grounded_patents,0.0,0.0,0.0,0,0,,,,False,True
PD-1|VEGFR2,MAB,UNRESOLVED,0.289,FAILED / CONTESTED (late),2,0.67,12,,UNRESOLVED_no_grounded_patents,0.0,0.0,0.0,0,0,,,,False,True
PD-L1|EGFR,MAB,UNRESOLVED,0.289,FAILED / CONTESTED (late),3,1.0,9,,UNRESOLVED_no_grounded_patents,0.0,0.0,0.0,0,0,BISPECIFIC,,,False,True
PSMA,CAR-T,UNRESOLVED,0.289,FAILED / CONTESTED (late),5,1.0,16,,UNRESOLVED_no_grounded_patents,0.0,0.0,0.0,0,0,ADC|BISPECIFIC|MAB,,,False,True
PD-1|MUC16,MAB,UNRESOLVED,0.282,FAILED / CONTESTED (late),4,1.0,6,,UNRESOLVED_no_grounded_patents,0.0,0.0,0.0,0,0,,,,False,True
CTLA-4|PD-1|PD-L1,MAB,UNRESOLVED,0.276,FAILED / CONTESTED (late),8,1.0,36,,UNRESOLVED_no_grounded_patents,0.0,0.0,0.0,0,0,,,,False,True
PD-1|ALK|EGFR,MAB,UNRESOLVED,0.276,FAILED / CONTESTED (late),2,0.67,6,,UNRESOLVED_no_grounded_patents,0.0,0.0,0.0,0,0,,,,False,True
PD-L1|CD137,BISPECIFIC,UNRESOLVED,0.276,FAILED / CONTESTED (late),3,1.0,3,,UNRESOLVED_no_grounded_patents,0.0,0.0,0.0,0,0,BISPECIFIC,,,False,True
CD22,MAB,UNRESOLVED,0.269,FAILED / CONTESTED (late),10,1.0,21,,UNRESOLVED_no_grounded_patents,0.0,0.0,0.0,0,0,MAB,,,False,True
CD47,MAB,UNRESOLVED,0.269,FAILED / CONTESTED (late),7,1.0,15,,UNRESOLVED_no_grounded_patents,0.0,0.0,0.0,0,0,BISPECIFIC|MAB,,,False,True
WT1,UNCLASSIFIED,UNRESOLVED,0.269,FAILED / CONTESTED (late),4,1.0,10,,UNRESOLVED_no_grounded_patents,0.0,0.0,0.0,0,0,ADC|MAB,,,False,True
CEA,CAR-T,UNRESOLVED,0.256,FAILED / CONTESTED (late),4,1.0,18,,UNRESOLVED_no_grounded_patents,0.0,0.0,0.0,0,0,ADC|MAB,,,False,True
CD123|CD3,BISPECIFIC,UNRESOLVED,0.25,FAILED / CONTESTED (late),7,1.0,10,,UNRESOLVED_no_grounded_patents,0.0,0.0,0.0,0,0,BISPECIFIC,,,False,True
CEACAM5,ADC,UNRESOLVED,0.25,FAILED / CONTESTED (late),4,1.0,5,,UNRESOLVED_no_grounded_patents,0.0,0.0,0.0,0,0,ADC|BISPECIFIC|MAB,,,False,True
TCR,CAR-T,UNRESOLVED,0.25,FAILED / CONTESTED (late),5,1.0,14,,UNRESOLVED_no_grounded_patents,0.0,0.0,0.0,0,0,BISPECIFIC|MAB,,,False,True
VEGF|HER2,MAB,UNRESOLVED,0.25,FAILED / CONTESTED (late),6,1.0,38,,UNRESOLVED_no_grounded_patents,0.0,0.0,0.0,0,0,,,,False,True
CD19|CD38,MAB,UNRESOLVED,0.244,FAILED / CONTESTED (late),1,0.33,1,,UNRESOLVED_no_grounded_patents,0.0,0.0,0.0,0,0,BISPECIFIC,,,False,True
CD20|CD19|CD25,MAB,UNRESOLVED,0.244,FAILED / CONTESTED (late),1,0.33,1,,UNRESOLVED_no_grounded_patents,0.0,0.0,0.0,0,0,,,,False,True
CD20|CD79B,MAB,UNRESOLVED,0.244,FAILED / CONTESTED (late),1,0.33,2,,UNRESOLVED_no_grounded_patents,0.0,0.0,0.0,0,0,,,,False,True
CD22|CD20,ADC,UNRESOLVED,0.244,FAILED / CONTESTED (late),2,0.67,5,,UNRESOLVED_no_grounded_patents,0.0,0.0,0.0,0,0,,,,False,True
EGFR|HER3|HER2|PD-1|PD-L1-TOP1I,ADC,UNRESOLVED,0.244,FAILED / CONTESTED (late),1,0.33,1,,UNRESOLVED_no_grounded_patents,0.0,0.0,0.0,0,0,,,,False,True
ITGB6,MAB,UNRESOLVED,0.244,FAILED / CONTESTED (late),1,0.33,1,,UNRESOLVED_no_grounded_patents,0.0,0.0,0.0,0,0,,,,False,True
WT1,MAB,UNRESOLVED,0.244,FAILED / CONTESTED (late),1,0.33,4,,UNRESOLVED_no_grounded_patents,0.0,0.0,0.0,0,0,ADC|MAB,,,False,True
VEGF|CD20,MAB,UNRESOLVED,0.237,FAILED / CONTESTED (late),3,1.0,6,,UNRESOLVED_no_grounded_patents,0.0,0.0,0.0,0,0,,,,False,True
CD137,MAB,UNRESOLVED,0.231,FAILED / CONTESTED (late),5,1.0,13,,UNRESOLVED_no_grounded_patents,0.0,0.0,0.0,0,0,MAB,,,False,True
FGFR|VEGF,UNCLASSIFIED,UNRESOLVED,0.231,FAILED / CONTESTED (late),4,1.0,9,,UNRESOLVED_no_grounded_patents,0.0,0.0,0.0,0,0,,,,False,True
LEWISY-DOXORUBICIN,ADC,UNRESOLVED,0.231,FAILED / CONTESTED (late),2,0.67,2,,UNRESOLVED_no_grounded_patents,0.0,0.0,0.0,0,0,,,,False,True
MUC16,UNCLASSIFIED,UNRESOLVED,0.231,FAILED / CONTESTED (late),4,1.0,20,,UNRESOLVED_no_grounded_patents,0.0,0.0,0.0,0,0,BISPECIFIC|MAB,,,False,True
CD47|SIRP-ALPHA,MAB,UNRESOLVED,0.22,FAILED / CONTESTED (late),4,1.0,10,,UNRESOLVED_no_grounded_patents,0.0,0.0,0.0,0,0,BISPECIFIC,,,False,True
CD33,ADC,UNRESOLVED,0.209,FAILED / CONTESTED (late),3,1.0,13,,UNRESOLVED_no_grounded_patents,0.0,0.0,0.0,0,0,MAB,,,False,True
FOLR1,ADC,UNRESOLVED,0.203,FAILED / CONTESTED (late),6,1.0,23,,UNRESOLVED_no_grounded_patents,0.0,0.0,0.0,0,0,MAB,,,False,True
VEGF|PD-L1,MAB,UNRESOLVED,0.203,FAILED / CONTESTED (late),4,1.0,16,,UNRESOLVED_no_grounded_patents,0.0,0.0,0.0,0,0,BISPECIFIC,,,False,True
FGFR,UNCLASSIFIED,UNRESOLVED,0.182,FAILED / CONTESTED (late),5,1.0,16,,UNRESOLVED_no_grounded_patents,0.0,0.0,0.0,0,0,MAB,,,False,True
CD123,MAB,UNRESOLVED,0.178,FAILED / CONTESTED (late),3,1.0,6,,UNRESOLVED_no_grounded_patents,0.0,0.0,0.0,0,0,MAB,,,False,True
ITGB6-MMAE,ADC,UNRESOLVED,0.178,FAILED / CONTESTED (late),3,1.0,3,,UNRESOLVED_no_grounded_patents,0.0,0.0,0.0,0,0,,,,False,True
CD25,UNCLASSIFIED,UNRESOLVED,0.168,FAILED / CONTESTED (late),9,1.0,19,,UNRESOLVED_no_grounded_patents,0.0,0.0,0.0,0,0,ADC|MAB,,,False,True
PD-L1,UNCLASSIFIED,UNRESOLVED,0.154,FAILED / CONTESTED (late),6,1.0,65,,UNRESOLVED_no_grounded_patents,0.0,0.0,0.0,0,0,BISPECIFIC|MAB,,,False,True
HER3,MAB,UNRESOLVED,0.15,FAILED / CONTESTED (late),7,1.0,15,,UNRESOLVED_no_grounded_patents,0.0,0.0,0.0,0,0,MAB,,,False,True
RANKL,MAB,UNRESOLVED,0.15,FAILED / CONTESTED (late),2,0.67,3,,UNRESOLVED_no_grounded_patents,0.0,0.0,0.0,0,0,MAB,,,False,True
CD19|CD3,BITE,UNRESOLVED,0.146,FAILED / CONTESTED (late),7,1.0,22,,UNRESOLVED_no_grounded_patents,0.0,0.0,0.0,0,0,BISPECIFIC,,,False,True
BCMA,CAR-T,UNRESOLVED,0.142,FAILED / CONTESTED (late),13,1.0,115,,UNRESOLVED_no_grounded_patents,0.0,0.0,0.0,0,0,ADC|BISPECIFIC|MAB,,,False,True
CD3|MUC1|PD-1,BISPECIFIC,UNRESOLVED,0.142,FAILED / CONTESTED (late),6,1.0,6,,UNRESOLVED_no_grounded_patents,0.0,0.0,0.0,0,0,,,,False,True
DLL3-PBD,ADC,UNRESOLVED,0.142,FAILED / CONTESTED (late),6,1.0,6,,UNRESOLVED_no_grounded_patents,0.0,0.0,0.0,0,0,,,,False,True
EGFR|HER2,UNCLASSIFIED,UNRESOLVED,0.142,FAILED / CONTESTED (late),6,1.0,20,,UNRESOLVED_no_grounded_patents,0.0,0.0,0.0,0,0,,,,False,True
CD20|BCL-2,MAB,UNRESOLVED,0.134,FAILED / CONTESTED (late),6,1.0,35,,UNRESOLVED_no_grounded_patents,0.0,0.0,0.0,0,0,,,,False,True
PD-1|EGFR,MAB,UNRESOLVED,0.134,FAILED / CONTESTED (late),6,1.0,67,,UNRESOLVED_no_grounded_patents,0.0,0.0,0.0,0,0,BISPECIFIC,,,False,True
CD19,UNCLASSIFIED,UNRESOLVED,0.13,FAILED / CONTESTED (late),11,1.0,81,,UNRESOLVED_no_grounded_patents,0.0,0.0,0.0,0,0,ADC|MAB,,,False,True
DLL3,ADC,UNRESOLVED,0.116,FAILED / CONTESTED (late),5,1.0,8,,UNRESOLVED_no_grounded_patents,0.0,0.0,0.0,0,0,ADC|BISPECIFIC|MAB,,,False,True
HER2|VEGF,MAB,UNRESOLVED,0.116,FAILED / CONTESTED (late),5,1.0,27,,UNRESOLVED_no_grounded_patents,0.0,0.0,0.0,0,0,BISPECIFIC,,,False,True
PD-L1|TIGIT,MAB,UNRESOLVED,0.112,FAILED / CONTESTED (late),6,1.0,25,,UNRESOLVED_no_grounded_patents,0.0,0.0,0.0,0,0,,,,False,True
ICOS,MAB,UNRESOLVED,0.109,FAILED / CONTESTED (late),4,1.0,4,,UNRESOLVED_no_grounded_patents,0.0,0.0,0.0,0,0,MAB,,,False,True
PD-L1|PD-1,MAB,UNRESOLVED,0.109,FAILED / CONTESTED (late),11,1.0,41,,UNRESOLVED_no_grounded_patents,0.0,0.0,0.0,0,0,BISPECIFIC,,,False,True
CD30,ADC,UNRESOLVED,0.106,FAILED / CONTESTED (late),22,1.0,86,,UNRESOLVED_no_grounded_patents,0.0,0.0,0.0,0,0,MAB,,,False,True
TIM-3,MAB,UNRESOLVED,0.097,FAILED / CONTESTED (late),4,1.0,5,,UNRESOLVED_no_grounded_patents,0.0,0.0,0.0,0,0,MAB,,,False,True
GD3,MAB,UNRESOLVED,0.094,FAILED / CONTESTED (late),2,0.67,2,,UNRESOLVED_no_grounded_patents,0.0,0.0,0.0,0,0,MAB,,,False,True
ER,UNCLASSIFIED,UNRESOLVED,0.091,FAILED / CONTESTED (late),9,1.0,59,,UNRESOLVED_no_grounded_patents,0.0,0.0,0.0,0,0,,,,False,True
KRAS,UNCLASSIFIED,UNRESOLVED,0.091,FAILED / CONTESTED (late),9,1.0,40,,UNRESOLVED_no_grounded_patents,0.0,0.0,0.0,0,0,ADC|MAB,,,False,True
VEGF|VEGFR2,MAB,UNRESOLVED,0.088,FAILED / CONTESTED (late),3,1.0,5,,UNRESOLVED_no_grounded_patents,0.0,0.0,0.0,0,0,,,,False,True
PD-1|PD-L1,UNCLASSIFIED,UNRESOLVED,0.086,FAILED / CONTESTED (late),8,1.0,84,,UNRESOLVED_no_grounded_patents,0.0,0.0,0.0,0,0,BISPECIFIC,,,False,True
DR5,MAB,UNRESOLVED,0.083,FAILED / CONTESTED (late),4,1.0,4,,UNRESOLVED_no_grounded_patents,0.0,0.0,0.0,0,0,MAB,,,False,True
TCR,UNCLASSIFIED,UNRESOLVED,0.076,FAILED / CONTESTED (late),11,1.0,30,,UNRESOLVED_no_grounded_patents,0.0,0.0,0.0,0,0,BISPECIFIC|MAB,,,False,True
MET,MAB,UNRESOLVED,0.071,FAILED / CONTESTED (late),13,1.0,37,,UNRESOLVED_no_grounded_patents,0.0,0.0,0.0,0,0,ADC|BISPECIFIC|MAB,,,False,True
PD-1|HER2,MAB,UNRESOLVED,0.071,FAILED / CONTESTED (late),14,1.0,102,,UNRESOLVED_no_grounded_patents,0.0,0.0,0.0,0,0,BISPECIFIC,,,False,True
PD-1|TCR,MAB,UNRESOLVED,0.052,FAILED / CONTESTED (late),11,1.0,33,,UNRESOLVED_no_grounded_patents,0.0,0.0,0.0,0,0,BISPECIFIC,,,False,True
PD-1|TIGIT,MAB,UNRESOLVED,0.046,FAILED / CONTESTED (late),14,1.0,42,,UNRESOLVED_no_grounded_patents,0.0,0.0,0.0,0,0,BISPECIFIC,,,False,True
EGFR|KRAS,MAB,UNRESOLVED,0.045,FAILED / CONTESTED (late),15,1.0,88,,UNRESOLVED_no_grounded_patents,0.0,0.0,0.0,0,0,,,,False,True
ER|HER2,UNCLASSIFIED,UNRESOLVED,0.036,FAILED / CONTESTED (late),11,1.0,55,,UNRESOLVED_no_grounded_patents,0.0,0.0,0.0,0,0,,,,False,True
EGFR|MET,MAB,UNRESOLVED,0.026,FAILED / CONTESTED (late),7,1.0,13,,UNRESOLVED_no_grounded_patents,0.0,0.0,0.0,0,0,BISPECIFIC,,,False,True
TIGIT,MAB,UNRESOLVED,0.026,FAILED / CONTESTED (late),7,1.0,11,,UNRESOLVED_no_grounded_patents,0.0,0.0,0.0,0,0,BISPECIFIC|MAB,,,False,True
MUC16,MAB,UNRESOLVED,0.015,FAILED / CONTESTED (late),6,1.0,13,,UNRESOLVED_no_grounded_patents,0.0,0.0,0.0,0,0,BISPECIFIC|MAB,,,False,True
CD19,CAR-T,UNRESOLVED,0.011,FAILED / CONTESTED (late),33,1.0,393,,UNRESOLVED_no_grounded_patents,0.0,0.0,0.0,0,0,ADC|MAB,,,False,True
CTLA-4|PD-L1,MAB,UNRESOLVED,0.005,FAILED / CONTESTED (late),18,1.0,86,,UNRESOLVED_no_grounded_patents,0.0,0.0,0.0,0,0,,,,False,True
MET,UNCLASSIFIED,UNRESOLVED,0.004,FAILED / CONTESTED (late),16,1.0,104,,UNRESOLVED_no_grounded_patents,0.0,0.0,0.0,0,0,ADC|BISPECIFIC|MAB,,,False,True
PD-1,UNCLASSIFIED,UNRESOLVED,0.004,FAILED / CONTESTED (late),24,1.0,189,,UNRESOLVED_no_grounded_patents,0.0,0.0,0.0,0,0,ADC|BISPECIFIC|MAB,,,False,True
VEGF,UNCLASSIFIED,UNRESOLVED,0.004,FAILED / CONTESTED (late),16,1.0,70,,UNRESOLVED_no_grounded_patents,0.0,0.0,0.0,0,0,BISPECIFIC|MAB,,,False,True
CD20,UNCLASSIFIED,UNRESOLVED,0.002,FAILED / CONTESTED (late),22,1.0,49,,UNRESOLVED_no_grounded_patents,0.0,0.0,0.0,0,0,MAB,,,False,True
IGF-1R,MAB,UNRESOLVED,0.001,FAILED / CONTESTED (late),25,1.0,57,,UNRESOLVED_no_grounded_patents,0.0,0.0,0.0,0,0,BISPECIFIC|MAB,,,False,True
TROP-2-SN38,ADC,UNRESOLVED,0.001,FAILED / CONTESTED (late),12,1.0,14,,UNRESOLVED_no_grounded_patents,0.0,0.0,0.0,0,0,ADC,,,False,True
5T4-DUOCARMYCIN,ADC,UNRESOLVED,,ABSTAIN - no decisive readout,0,0.0,1,,UNRESOLVED_no_grounded_patents,0.0,0.0,0.0,0,0,,,,False,False
5T4-EXATECAN,ADC,UNRESOLVED,,ABSTAIN - no decisive readout,0,0.0,1,,UNRESOLVED_no_grounded_patents,0.0,0.0,0.0,0,0,,,,False,False
5T4-MMAE,ADC,UNRESOLVED,,ABSTAIN - no decisive readout,0,0.0,1,,UNRESOLVED_no_grounded_patents,0.0,0.0,0.0,0,0,BISPECIFIC,,,False,False
5T4-MMAF,ADC,UNRESOLVED,,ABSTAIN - no decisive readout,0,0.0,1,,UNRESOLVED_no_grounded_patents,0.0,0.0,0.0,0,0,BISPECIFIC,,,False,False
5T4|CD137,BISPECIFIC,UNRESOLVED,,ABSTAIN - no decisive readout,0,0.0,2,,UNRESOLVED_no_grounded_patents,0.0,0.0,0.0,0,0,,,,False,False
5T4|CD19,CAR-T,UNRESOLVED,,ABSTAIN - no decisive readout,0,0.0,2,,UNRESOLVED_no_grounded_patents,0.0,0.0,0.0,0,0,,,,False,False
A2AR|A2BR,OUT_OF_SCOPE,UNRESOLVED,,ABSTAIN - no decisive readout,0,0.0,1,,UNRESOLVED_no_grounded_patents,0.0,0.0,0.0,0,0,,,,False,False
ADAM9-EXATECAN,ADC,UNRESOLVED,,ABSTAIN - no decisive readout,0,0.0,1,,UNRESOLVED_no_grounded_patents,0.0,0.0,0.0,0,0,,,,False,False
ALK|AXL|EGFR|PD-1-MMAE,ADC,UNRESOLVED,,ABSTAIN - no decisive readout,0,0.0,1,,UNRESOLVED_no_grounded_patents,0.0,0.0,0.0,0,0,,,,False,False
ALK|CD20|CD3,BISPECIFIC,UNRESOLVED,,ABSTAIN - no decisive readout,0,0.0,1,,UNRESOLVED_no_grounded_patents,0.0,0.0,0.0,0,0,,,,False,False
ALK|CD25,MAB,UNRESOLVED,,ABSTAIN - no decisive readout,0,0.0,1,,UNRESOLVED_no_grounded_patents,0.0,0.0,0.0,0,0,,,,False,False
ALK|CD30,CAR-T,UNRESOLVED,,ABSTAIN - no decisive readout,0,0.0,1,,UNRESOLVED_no_grounded_patents,0.0,0.0,0.0,0,0,,,,False,False
ALK|CD30,UNCLASSIFIED,UNRESOLVED,,ABSTAIN - no decisive readout,0,0.0,1,,UNRESOLVED_no_grounded_patents,0.0,0.0,0.0,0,0,,,,False,False
ALK|CD30-MMAE,ADC,UNRESOLVED,,ABSTAIN - no decisive readout,0,0.0,1,,UNRESOLVED_no_grounded_patents,0.0,0.0,0.0,0,0,,,,False,False
ALK|CLDN18.2|EGFR,BISPECIFIC,UNRESOLVED,,ABSTAIN - no decisive readout,0,0.0,1,,UNRESOLVED_no_grounded_patents,0.0,0.0,0.0,0,0,,,,False,False
ALK|CTLA-4|EGFR|PD-1,MAB,UNRESOLVED,,ABSTAIN - no decisive readout,0,0.0,1,,UNRESOLVED_no_grounded_patents,0.0,0.0,0.0,0,0,,,,False,False
ALK|CTLA-4|EGFR|PD-1,UNCLASSIFIED,UNRESOLVED,,ABSTAIN - no decisive readout,0,0.0,1,,UNRESOLVED_no_grounded_patents,0.0,0.0,0.0,0,0,,,,False,False
ALK|CTLA-4|EGFR|PD-L1,MAB,UNRESOLVED,,ABSTAIN - no decisive readout,0,0.0,1,,UNRESOLVED_no_grounded_patents,0.0,0.0,0.0,0,0,,,,False,False
ALK|EGFR,ADC,UNRESOLVED,,ABSTAIN - no decisive readout,0,0.0,1,,UNRESOLVED_no_grounded_patents,0.0,0.0,0.0,0,0,,,,False,False
ALK|EGFR,MAB,UNRESOLVED,,ABSTAIN - no decisive readout,0,0.0,3,,UNRESOLVED_no_grounded_patents,0.0,0.0,0.0,0,0,,,,False,False
ALK|EGFR|HER2|KRAS,UNCLASSIFIED,UNRESOLVED,,ABSTAIN - no decisive readout,0,0.0,1,,UNRESOLVED_no_grounded_patents,0.0,0.0,0.0,0,0,,,,False,False
ALK|EGFR|HER2|KRAS|PD-1|PD-L1,BISPECIFIC,UNRESOLVED,,ABSTAIN - no decisive readout,0,0.0,1,,UNRESOLVED_no_grounded_patents,0.0,0.0,0.0,0,0,,,,False,False
ALK|EGFR|MET,UNCLASSIFIED,UNRESOLVED,,ABSTAIN - no decisive readout,0,0.0,1,,UNRESOLVED_no_grounded_patents,0.0,0.0,0.0,0,0,,,,False,False
ALK|EGFR|MET|PD-1,MAB,UNRESOLVED,,ABSTAIN - no decisive readout,0,0.0,1,,UNRESOLVED_no_grounded_patents,0.0,0.0,0.0,0,0,,,,False,False
ALK|EGFR|PD-1,BISPECIFIC,UNRESOLVED,,ABSTAIN - no decisive readout,0,0.0,1,,UNRESOLVED_no_grounded_patents,0.0,0.0,0.0,0,0,,,,False,False
ALK|EGFR|PD-1|PD-L1,UNCLASSIFIED,UNRESOLVED,,ABSTAIN - no decisive readout,0,0.0,5,,UNRESOLVED_no_grounded_patents,0.0,0.0,0.0,0,0,,,,False,False
ALK|EGFR|PD-1|PD-L1|TCR,BISPECIFIC,UNRESOLVED,,ABSTAIN - no decisive readout,0,0.0,1,,UNRESOLVED_no_grounded_patents,0.0,0.0,0.0,0,0,,,,False,False
ALK|EGFR|PD-1|PD-L1|VEGF,MAB,UNRESOLVED,,ABSTAIN - no decisive readout,0,0.0,1,,UNRESOLVED_no_grounded_patents,0.0,0.0,0.0,0,0,,,,False,False
ALK|EGFR|PD-1|PD-L1|VEGF,UNCLASSIFIED,UNRESOLVED,,ABSTAIN - no decisive readout,0,0.0,1,,UNRESOLVED_no_grounded_patents,0.0,0.0,0.0,0,0,,,,False,False
ALK|EGFR|PD-L1,MAB,UNRESOLVED,,ABSTAIN - no decisive readout,0,0.0,1,,UNRESOLVED_no_grounded_patents,0.0,0.0,0.0,0,0,,,,False,False
ALK|EGFR|PD-L1,UNCLASSIFIED,UNRESOLVED,,ABSTAIN - no decisive readout,0,0.0,1,,UNRESOLVED_no_grounded_patents,0.0,0.0,0.0,0,0,,,,False,False
ALK|EGFR|TROP-2-KL610023,ADC,UNRESOLVED,,ABSTAIN - no decisive readout,0,0.0,1,,UNRESOLVED_no_grounded_patents,0.0,0.0,0.0,0,0,,,,False,False
ALK|GD2,MAB,UNRESOLVED,,ABSTAIN - no decisive readout,0,0.0,1,,UNRESOLVED_no_grounded_patents,0.0,0.0,0.0,0,0,,,,False,False
ALK|PD-1,MAB,UNRESOLVED,,ABSTAIN - no decisive readout,0,0.0,1,,UNRESOLVED_no_grounded_patents,0.0,0.0,0.0,0,0,,,,False,False
ANXA2,OUT_OF_SCOPE,UNRESOLVED,,ABSTAIN - no decisive readout,0,0.0,1,,UNRESOLVED_no_grounded_patents,0.0,0.0,0.0,0,0,,,,False,False
AR,MAB,UNRESOLVED,,ABSTAIN - no decisive readout,0,0.0,4,,UNRESOLVED_no_grounded_patents,0.0,0.0,0.0,0,0,MAB|PROTAC,,,False,False
AR,PROTAC,UNRESOLVED,,ABSTAIN - no decisive readout,0,0.0,1,,UNRESOLVED_no_grounded_patents,0.0,0.0,0.0,0,0,MAB|PROTAC,,,False,False
AR|EZH2,UNCLASSIFIED,UNRESOLVED,,ABSTAIN - no decisive readout,0,0.0,1,,UNRESOLVED_no_grounded_patents,0.0,0.0,0.0,0,0,,,,False,False
AR|HER3|HER2,MAB,UNRESOLVED,,ABSTAIN - no decisive readout,0,0.0,1,,UNRESOLVED_no_grounded_patents,0.0,0.0,0.0,0,0,,,,False,False
AR|MET,MAB,UNRESOLVED,,ABSTAIN - no decisive readout,0,0.0,1,,UNRESOLVED_no_grounded_patents,0.0,0.0,0.0,0,0,,,,False,False
AR|MET,UNCLASSIFIED,UNRESOLVED,,ABSTAIN - no decisive readout,0,0.0,2,,UNRESOLVED_no_grounded_patents,0.0,0.0,0.0,0,0,,,,False,False
AR|MET-MMAE,ADC,UNRESOLVED,,ABSTAIN - no decisive readout,0,0.0,1,,UNRESOLVED_no_grounded_patents,0.0,0.0,0.0,0,0,,,,False,False
AR|PSMA,ADC,UNRESOLVED,,ABSTAIN - no decisive readout,0,0.0,1,,UNRESOLVED_no_grounded_patents,0.0,0.0,0.0,0,0,,,,False,False
AR|PSMA,MAB,UNRESOLVED,,ABSTAIN - no decisive readout,0,0.0,1,,UNRESOLVED_no_grounded_patents,0.0,0.0,0.0,0,0,,,,False,False
AR|PSMA,UNCLASSIFIED,UNRESOLVED,,ABSTAIN - no decisive readout,0,0.0,4,,UNRESOLVED_no_grounded_patents,0.0,0.0,0.0,0,0,,,,False,False
AXL|B7-H3|CTLA-4|GPC3|HER2|MUC1|MESOTHELIN|PSCA|ROR1,CAR-T,UNRESOLVED,,ABSTAIN - no decisive readout,0,0.0,1,,UNRESOLVED_no_grounded_patents,0.0,0.0,0.0,0,0,,,,False,False
AXL|B7-H3|CTLA-4|GPC3|MUC1|MESOTHELIN|PSCA|PSMA|TIGIT,CAR-T,UNRESOLVED,,ABSTAIN - no decisive readout,0,0.0,1,,UNRESOLVED_no_grounded_patents,0.0,0.0,0.0,0,0,,,,False,False
AXL|CD73,CAR-T,UNRESOLVED,,ABSTAIN - no decisive readout,0,0.0,2,,UNRESOLVED_no_grounded_patents,0.0,0.0,0.0,0,0,,,,False,False
AXL|CLDN6|CTLA-4|GPC3|LAG-3|MESOTHELIN|PD-1|PD-L1,CAR-T,UNRESOLVED,,ABSTAIN - no decisive readout,0,0.0,1,,UNRESOLVED_no_grounded_patents,0.0,0.0,0.0,0,0,,,,False,False
AXL|EGFR,UNCLASSIFIED,UNRESOLVED,,ABSTAIN - no decisive readout,0,0.0,1,,UNRESOLVED_no_grounded_patents,0.0,0.0,0.0,0,0,,,,False,False
AXL|EGFR|HER3,UNCLASSIFIED,UNRESOLVED,,ABSTAIN - no decisive readout,0,0.0,1,,UNRESOLVED_no_grounded_patents,0.0,0.0,0.0,0,0,,,,False,False
AXL|EPCAM,UNCLASSIFIED,UNRESOLVED,,ABSTAIN - no decisive readout,0,0.0,1,,UNRESOLVED_no_grounded_patents,0.0,0.0,0.0,0,0,,,,False,False
AXL|PD-1-MMAE,ADC,UNRESOLVED,,ABSTAIN - no decisive readout,0,0.0,1,,UNRESOLVED_no_grounded_patents,0.0,0.0,0.0,0,0,,,,False,False
B7-H3,ADC,UNRESOLVED,,ABSTAIN - no decisive readout,0,0.0,11,,UNRESOLVED_no_grounded_patents,0.0,0.0,0.0,0,0,MAB,,,False,False
B7-H3,CAR-T,UNRESOLVED,,ABSTAIN - no decisive readout,0,0.0,35,,UNRESOLVED_no_grounded_patents,0.0,0.0,0.0,0,0,MAB,,,False,False
B7-H3,UNCLASSIFIED,UNRESOLVED,,ABSTAIN - no decisive readout,0,0.0,3,,UNRESOLVED_no_grounded_patents,0.0,0.0,0.0,0,0,MAB,,,False,False
B7-H3-ERIBULIN,ADC,UNRESOLVED,,ABSTAIN - no decisive readout,0,0.0,1,,UNRESOLVED_no_grounded_patents,0.0,0.0,0.0,0,0,ADC,,,False,False
B7-H3-TOP1I,ADC,UNRESOLVED,,ABSTAIN - no decisive readout,0,0.0,8,,UNRESOLVED_no_grounded_patents,0.0,0.0,0.0,0,0,,,,False,False
B7-H3|AR,ADC,UNRESOLVED,,ABSTAIN - no decisive readout,0,0.0,1,,UNRESOLVED_no_grounded_patents,0.0,0.0,0.0,0,0,,,,False,False
B7-H3|CD16,MAB,UNRESOLVED,,ABSTAIN - no decisive readout,0,0.0,1,,UNRESOLVED_no_grounded_patents,0.0,0.0,0.0,0,0,,,,False,False
B7-H3|CD19,CAR-T,UNRESOLVED,,ABSTAIN - no decisive readout,0,0.0,1,,UNRESOLVED_no_grounded_patents,0.0,0.0,0.0,0,0,,,,False,False
B7-H3|CD28,BISPECIFIC,UNRESOLVED,,ABSTAIN - no decisive readout,0,0.0,1,,UNRESOLVED_no_grounded_patents,0.0,0.0,0.0,0,0,BISPECIFIC,,,False,False
B7-H3|CTLA-4,MAB,UNRESOLVED,,ABSTAIN - no decisive readout,0,0.0,1,,UNRESOLVED_no_grounded_patents,0.0,0.0,0.0,0,0,,,,False,False
B7-H3|CTLA-4|PD-1,ADC,UNRESOLVED,,ABSTAIN - no decisive readout,0,0.0,1,,UNRESOLVED_no_grounded_patents,0.0,0.0,0.0,0,0,,,,False,False
B7-H3|EGFR,CAR-T,UNRESOLVED,,ABSTAIN - no decisive readout,0,0.0,2,,UNRESOLVED_no_grounded_patents,0.0,0.0,0.0,0,0,,,,False,False
B7-H3|GD2,CAR-T,UNRESOLVED,,ABSTAIN - no decisive readout,0,0.0,1,,UNRESOLVED_no_grounded_patents,0.0,0.0,0.0,0,0,BISPECIFIC,,,False,False
B7-H3|GD2|HER2,CAR-T,UNRESOLVED,,ABSTAIN - no decisive readout,0,0.0,1,,UNRESOLVED_no_grounded_patents,0.0,0.0,0.0,0,0,,,,False,False
B7-H3|GD2|PSMA,CAR-T,UNRESOLVED,,ABSTAIN - no decisive readout,0,0.0,1,,UNRESOLVED_no_grounded_patents,0.0,0.0,0.0,0,0,,,,False,False
B7-H3|GPC3,CAR-T,UNRESOLVED,,ABSTAIN - no decisive readout,0,0.0,1,,UNRESOLVED_no_grounded_patents,0.0,0.0,0.0,0,0,,,,False,False
B7-H3|HER2,CAR-T,UNRESOLVED,,ABSTAIN - no decisive readout,0,0.0,1,,UNRESOLVED_no_grounded_patents,0.0,0.0,0.0,0,0,,,,False,False
B7-H3|PD-1|PD-L1|TIGIT|VEGF,ADC,UNRESOLVED,,ABSTAIN - no decisive readout,0,0.0,1,,UNRESOLVED_no_grounded_patents,0.0,0.0,0.0,0,0,,,,False,False
B7-H3|PD-1|TIGIT|HER3,ADC,UNRESOLVED,,ABSTAIN - no decisive readout,0,0.0,1,,UNRESOLVED_no_grounded_patents,0.0,0.0,0.0,0,0,,,,False,False
B7-H3|PD-L1,ADC,UNRESOLVED,,ABSTAIN - no decisive readout,0,0.0,1,,UNRESOLVED_no_grounded_patents,0.0,0.0,0.0,0,0,,,,False,False
B7-H3|PD-L1,UNCLASSIFIED,UNRESOLVED,,ABSTAIN - no decisive readout,0,0.0,1,,UNRESOLVED_no_grounded_patents,0.0,0.0,0.0,0,0,,,,False,False
B7-H3|PD-L1-TOP1I,ADC,UNRESOLVED,,ABSTAIN - no decisive readout,0,0.0,1,,UNRESOLVED_no_grounded_patents,0.0,0.0,0.0,0,0,,,,False,False
B7-H3|PD-L1|DLL3,ADC,UNRESOLVED,,ABSTAIN - no decisive readout,0,0.0,1,,UNRESOLVED_no_grounded_patents,0.0,0.0,0.0,0,0,,,,False,False
B7-H3|PD-L1|VEGF-DXD,ADC,UNRESOLVED,,ABSTAIN - no decisive readout,0,0.0,1,,UNRESOLVED_no_grounded_patents,0.0,0.0,0.0,0,0,,,,False,False
B7-H3|PSMA,MAB,UNRESOLVED,,ABSTAIN - no decisive readout,0,0.0,1,,UNRESOLVED_no_grounded_patents,0.0,0.0,0.0,0,0,,,,False,False
B7-H3|PTK7,UNCLASSIFIED,UNRESOLVED,,ABSTAIN - no decisive readout,0,0.0,1,,UNRESOLVED_no_grounded_patents,0.0,0.0,0.0,0,0,,,,False,False
B7-H3|ROR1,ADC,UNRESOLVED,,ABSTAIN - no decisive readout,0,0.0,1,,UNRESOLVED_no_grounded_patents,0.0,0.0,0.0,0,0,,,,False,False
B7-H3|WT1,CAR-T,UNRESOLVED,,ABSTAIN - no decisive readout,0,0.0,1,,UNRESOLVED_no_grounded_patents,0.0,0.0,0.0,0,0,,,,False,False
B7-H4-TOP1I,ADC,UNRESOLVED,,ABSTAIN - no decisive readout,0,0.0,1,,UNRESOLVED_no_grounded_patents,0.0,0.0,0.0,0,0,,,,False,False
BCL-2,MAB,UNRESOLVED,,ABSTAIN - no decisive readout,0,0.0,4,,UNRESOLVED_no_grounded_patents,0.0,0.0,0.0,0,0,MAB,,,False,False
BCL-2|BCL-XL|CD19,MAB,UNRESOLVED,,ABSTAIN - no decisive readout,0,0.0,1,,UNRESOLVED_no_grounded_patents,0.0,0.0,0.0,0,0,,,,False,False
BCL-2|BTK,UNCLASSIFIED,UNRESOLVED,,ABSTAIN - no decisive readout,0,0.0,7,,UNRESOLVED_no_grounded_patents,0.0,0.0,0.0,0,0,,,,False,False
BCL-2|CD123,UNCLASSIFIED,UNRESOLVED,,ABSTAIN - no decisive readout,0,0.0,1,,UNRESOLVED_no_grounded_patents,0.0,0.0,0.0,0,0,,,,False,False
BCL-2|CD19,CAR-T,UNRESOLVED,,ABSTAIN - no decisive readout,0,0.0,3,,UNRESOLVED_no_grounded_patents,0.0,0.0,0.0,0,0,,,,False,False
BCL-2|CD19,UNCLASSIFIED,UNRESOLVED,,ABSTAIN - no decisive readout,0,0.0,2,,UNRESOLVED_no_grounded_patents,0.0,0.0,0.0,0,0,,,,False,False
BCL-2|CD20,UNCLASSIFIED,UNRESOLVED,,ABSTAIN - no decisive readout,0,0.0,1,,UNRESOLVED_no_grounded_patents,0.0,0.0,0.0,0,0,,,,False,False
BCL-2|CD47|SIRP-ALPHA,UNCLASSIFIED,UNRESOLVED,,ABSTAIN - no decisive readout,0,0.0,1,,UNRESOLVED_no_grounded_patents,0.0,0.0,0.0,0,0,,,,False,False
BCL-2|CD70,MAB,UNRESOLVED,,ABSTAIN - no decisive readout,0,0.0,1,,UNRESOLVED_no_grounded_patents,0.0,0.0,0.0,0,0,,,,False,False
BCL-2|JAK3|TCR,MAB,UNRESOLVED,,ABSTAIN - no decisive readout,0,0.0,1,,UNRESOLVED_no_grounded_patents,0.0,0.0,0.0,0,0,,,,False,False
BCL-2|PD-1,UNCLASSIFIED,UNRESOLVED,,ABSTAIN - no decisive readout,0,0.0,1,,UNRESOLVED_no_grounded_patents,0.0,0.0,0.0,0,0,,,,False,False
BCL-XL,PROTAC,UNRESOLVED,,ABSTAIN - no decisive readout,0,0.0,2,,UNRESOLVED_no_grounded_patents,0.0,0.0,0.0,0,0,,,,False,False
BCL-XL,UNCLASSIFIED,UNRESOLVED,,ABSTAIN - no decisive readout,0,0.0,1,,UNRESOLVED_no_grounded_patents,0.0,0.0,0.0,0,0,,,,False,False
BCL-XL|BTK,UNCLASSIFIED,UNRESOLVED,,ABSTAIN - no decisive readout,0,0.0,1,,UNRESOLVED_no_grounded_patents,0.0,0.0,0.0,0,0,,,,False,False
BCL-XL|CD70|GD2|MAGE,CAR-T,UNRESOLVED,,ABSTAIN - no decisive readout,0,0.0,1,,UNRESOLVED_no_grounded_patents,0.0,0.0,0.0,0,0,,,,False,False
BCMA|CD123|CD19|CD20|CD22|CD33|CD38|CLL-1|GPRC5D,CAR-T,UNRESOLVED,,ABSTAIN - no decisive readout,0,0.0,1,,UNRESOLVED_no_grounded_patents,0.0,0.0,0.0,0,0,,,,False,False
BCMA|CD123|CD19|CD22|CD30,CAR-T,UNRESOLVED,,ABSTAIN - no decisive readout,0,0.0,1,,UNRESOLVED_no_grounded_patents,0.0,0.0,0.0,0,0,,,,False,False
BCMA|CD19|CD20,CAR-T,UNRESOLVED,,ABSTAIN - no decisive readout,0,0.0,1,,UNRESOLVED_no_grounded_patents,0.0,0.0,0.0,0,0,,,,False,False
BCMA|CD19|CD20|CD22,CAR-T,UNRESOLVED,,ABSTAIN - no decisive readout,0,0.0,2,,UNRESOLVED_no_grounded_patents,0.0,0.0,0.0,0,0,,,,False,False
BCMA|CD19|CD22,CAR-T,UNRESOLVED,,ABSTAIN - no decisive readout,0,0.0,2,,UNRESOLVED_no_grounded_patents,0.0,0.0,0.0,0,0,,,,False,False
BCMA|CD19|CD38,CAR-T,UNRESOLVED,,ABSTAIN - no decisive readout,0,0.0,1,,UNRESOLVED_no_grounded_patents,0.0,0.0,0.0,0,0,,,,False,False
BCMA|CD19|CLDN18.2|GPC3,CAR-T,UNRESOLVED,,ABSTAIN - no decisive readout,0,0.0,1,,UNRESOLVED_no_grounded_patents,0.0,0.0,0.0,0,0,,,,False,False
BCMA|CD19|CLDN18.2|MESOTHELIN,CAR-T,UNRESOLVED,,ABSTAIN - no decisive readout,0,0.0,1,,UNRESOLVED_no_grounded_patents,0.0,0.0,0.0,0,0,,,,False,False
BCMA|CD19|GPRC5D,CAR-T,UNRESOLVED,,ABSTAIN - no decisive readout,0,0.0,2,,UNRESOLVED_no_grounded_patents,0.0,0.0,0.0,0,0,,,,False,False
BCMA|CD19|GPRC5D|HER2,CAR-T,UNRESOLVED,,ABSTAIN - no decisive readout,0,0.0,1,,UNRESOLVED_no_grounded_patents,0.0,0.0,0.0,0,0,,,,False,False
BCMA|CD19|TCR,CAR-T,UNRESOLVED,,ABSTAIN - no decisive readout,0,0.0,1,,UNRESOLVED_no_grounded_patents,0.0,0.0,0.0,0,0,,,,False,False
BCMA|CD20,CAR-T,UNRESOLVED,,ABSTAIN - no decisive readout,0,0.0,1,,UNRESOLVED_no_grounded_patents,0.0,0.0,0.0,0,0,,,,False,False
BCMA|CD3,BITE,UNRESOLVED,,ABSTAIN - no decisive readout,0,0.0,2,,UNRESOLVED_no_grounded_patents,0.0,0.0,0.0,0,0,BISPECIFIC,,,False,False
BCMA|CD3,MAB,UNRESOLVED,,ABSTAIN - no decisive readout,0,0.0,1,,UNRESOLVED_no_grounded_patents,0.0,0.0,0.0,0,0,BISPECIFIC,,,False,False
BCMA|CD30,CAR-T,UNRESOLVED,,ABSTAIN - no decisive readout,0,0.0,1,,UNRESOLVED_no_grounded_patents,0.0,0.0,0.0,0,0,,,,False,False
BCMA|CD38|CD47,ADC,UNRESOLVED,,ABSTAIN - no decisive readout,0,0.0,1,,UNRESOLVED_no_grounded_patents,0.0,0.0,0.0,0,0,,,,False,False
BCMA|CD38|CRBN,MAB,UNRESOLVED,,ABSTAIN - no decisive readout,0,0.0,1,,UNRESOLVED_no_grounded_patents,0.0,0.0,0.0,0,0,,,,False,False
BCMA|CD38|FGFR|KRAS,ADC,UNRESOLVED,,ABSTAIN - no decisive readout,0,0.0,1,,UNRESOLVED_no_grounded_patents,0.0,0.0,0.0,0,0,,,,False,False
BCMA|CD3|CD28|CD38,BISPECIFIC,UNRESOLVED,,ABSTAIN - no decisive readout,0,0.0,1,,UNRESOLVED_no_grounded_patents,0.0,0.0,0.0,0,0,,,,False,False
BCMA|CD3|CD28|GPRC5D,BISPECIFIC,UNRESOLVED,,ABSTAIN - no decisive readout,0,0.0,1,,UNRESOLVED_no_grounded_patents,0.0,0.0,0.0,0,0,,,,False,False
BCMA|CD3|CD38,BISPECIFIC,UNRESOLVED,,ABSTAIN - no decisive readout,0,0.0,10,,UNRESOLVED_no_grounded_patents,0.0,0.0,0.0,0,0,,,,False,False
BCMA|CD3|CD38,BITE,UNRESOLVED,,ABSTAIN - no decisive readout,0,0.0,1,,UNRESOLVED_no_grounded_patents,0.0,0.0,0.0,0,0,,,,False,False
BCMA|CD3|CD38,MAB,UNRESOLVED,,ABSTAIN - no decisive readout,0,0.0,3,,UNRESOLVED_no_grounded_patents,0.0,0.0,0.0,0,0,,,,False,False
BCMA|CD3|CD38|PD-1|FCRH5|LAG-3,BISPECIFIC,UNRESOLVED,,ABSTAIN - no decisive readout,0,0.0,1,,UNRESOLVED_no_grounded_patents,0.0,0.0,0.0,0,0,,,,False,False
BCMA|CD3|CD47|SIRP-ALPHA,BISPECIFIC,UNRESOLVED,,ABSTAIN - no decisive readout,0,0.0,1,,UNRESOLVED_no_grounded_patents,0.0,0.0,0.0,0,0,,,,False,False
BCMA|CD3|CRBN,BISPECIFIC,UNRESOLVED,,ABSTAIN - no decisive readout,0,0.0,1,,UNRESOLVED_no_grounded_patents,0.0,0.0,0.0,0,0,,,,False,False
BCMA|CD3|CRBN,MAB,UNRESOLVED,,ABSTAIN - no decisive readout,0,0.0,1,,UNRESOLVED_no_grounded_patents,0.0,0.0,0.0,0,0,,,,False,False
BCMA|CD3|GPRC5D,BISPECIFIC,UNRESOLVED,,ABSTAIN - no decisive readout,0,0.0,8,,UNRESOLVED_no_grounded_patents,0.0,0.0,0.0,0,0,,,,False,False
BCMA|CD3|GPRC5D|CD38,BISPECIFIC,UNRESOLVED,,ABSTAIN - no decisive readout,0,0.0,1,,UNRESOLVED_no_grounded_patents,0.0,0.0,0.0,0,0,,,,False,False
BCMA|CD3|GPRC5D|PD-1,BISPECIFIC,UNRESOLVED,,ABSTAIN - no decisive readout,0,0.0,1,,UNRESOLVED_no_grounded_patents,0.0,0.0,0.0,0,0,,,,False,False
BCMA|CD70,CAR-T,UNRESOLVED,,ABSTAIN - no decisive readout,0,0.0,3,,UNRESOLVED_no_grounded_patents,0.0,0.0,0.0,0,0,,,,False,False
BCMA|CRBN,BISPECIFIC,UNRESOLVED,,ABSTAIN - no decisive readout,0,0.0,1,,UNRESOLVED_no_grounded_patents,0.0,0.0,0.0,0,0,,,,False,False
BCMA|CRBN,UNCLASSIFIED,UNRESOLVED,,ABSTAIN - no decisive readout,0,0.0,1,,UNRESOLVED_no_grounded_patents,0.0,0.0,0.0,0,0,,,,False,False
BCMA|DLL3|FCRH5|GPRC5D,CAR-T,UNRESOLVED,,ABSTAIN - no decisive readout,0,0.0,1,,UNRESOLVED_no_grounded_patents,0.0,0.0,0.0,0,0,,,,False,False
BCMA|EGFR,ADC,UNRESOLVED,,ABSTAIN - no decisive readout,0,0.0,1,,UNRESOLVED_no_grounded_patents,0.0,0.0,0.0,0,0,,,,False,False
BCMA|GPRC5D,BISPECIFIC,UNRESOLVED,,ABSTAIN - no decisive readout,0,0.0,4,,UNRESOLVED_no_grounded_patents,0.0,0.0,0.0,0,0,,,,False,False
BCMA|GPRC5D,UNCLASSIFIED,UNRESOLVED,,ABSTAIN - no decisive readout,0,0.0,1,,UNRESOLVED_no_grounded_patents,0.0,0.0,0.0,0,0,,,,False,False
BCMA|PD-1,CAR-T,UNRESOLVED,,ABSTAIN - no decisive readout,0,0.0,3,,UNRESOLVED_no_grounded_patents,0.0,0.0,0.0,0,0,,,,False,False
BCMA|PD-1|CD38,ADC,UNRESOLVED,,ABSTAIN - no decisive readout,0,0.0,1,,UNRESOLVED_no_grounded_patents,0.0,0.0,0.0,0,0,,,,False,False
BTK,CAR-T,UNRESOLVED,,ABSTAIN - no decisive readout,0,0.0,1,,UNRESOLVED_no_grounded_patents,0.0,0.0,0.0,0,0,MAB|PROTAC,,,False,False
BTK,OUT_OF_SCOPE,UNRESOLVED,,ABSTAIN - no decisive readout,0,0.0,1,,UNRESOLVED_no_grounded_patents,0.0,0.0,0.0,0,0,MAB|PROTAC,,,False,False
BTK|CD19|PD-1|PD-L1,CAR-T,UNRESOLVED,,ABSTAIN - no decisive readout,0,0.0,1,,UNRESOLVED_no_grounded_patents,0.0,0.0,0.0,0,0,,,,False,False
BTK|CD20,UNCLASSIFIED,UNRESOLVED,,ABSTAIN - no decisive readout,0,0.0,4,,UNRESOLVED_no_grounded_patents,0.0,0.0,0.0,0,0,,,,False,False
BTK|EGFR,UNCLASSIFIED,UNRESOLVED,,ABSTAIN - no decisive readout,0,0.0,1,,UNRESOLVED_no_grounded_patents,0.0,0.0,0.0,0,0,,,,False,False
BTK|PD-1,MAB,UNRESOLVED,,ABSTAIN - no decisive readout,0,0.0,1,,UNRESOLVED_no_grounded_patents,0.0,0.0,0.0,0,0,,,,False,False
BTK|ROR1,MAB,UNRESOLVED,,ABSTAIN - no decisive readout,0,0.0,1,,UNRESOLVED_no_grounded_patents,0.0,0.0,0.0,0,0,,,,False,False
CCR8,MAB,UNRESOLVED,,ABSTAIN - no decisive readout,0,0.0,3,,UNRESOLVED_no_grounded_patents,0.0,0.0,0.0,0,0,MAB,,,False,False
CD122,OUT_OF_SCOPE,UNRESOLVED,,ABSTAIN - no decisive readout,0,0.0,2,,UNRESOLVED_no_grounded_patents,0.0,0.0,0.0,0,0,,,,False,False
CD123,ADC,UNRESOLVED,,ABSTAIN - no decisive readout,0,0.0,1,,UNRESOLVED_no_grounded_patents,0.0,0.0,0.0,0,0,MAB,,,False,False
CD123,BISPECIFIC,UNRESOLVED,,ABSTAIN - no decisive readout,0,0.0,1,,UNRESOLVED_no_grounded_patents,0.0,0.0,0.0,0,0,MAB,,,False,False
CD123,BITE,UNRESOLVED,,ABSTAIN - no decisive readout,0,0.0,1,,UNRESOLVED_no_grounded_patents,0.0,0.0,0.0,0,0,MAB,,,False,False
CD123-DUOCARMYCIN,ADC,UNRESOLVED,,ABSTAIN - no decisive readout,0,0.0,1,,UNRESOLVED_no_grounded_patents,0.0,0.0,0.0,0,0,,,,False,False
CD123|CD16,BISPECIFIC,UNRESOLVED,,ABSTAIN - no decisive readout,0,0.0,1,,UNRESOLVED_no_grounded_patents,0.0,0.0,0.0,0,0,BISPECIFIC,,,False,False
CD123|CD19|CD20|CD22|CD30|CD38|CD70,CAR-T,UNRESOLVED,,ABSTAIN - no decisive readout,0,0.0,1,,UNRESOLVED_no_grounded_patents,0.0,0.0,0.0,0,0,,,,False,False
CD123|CD19|CD20|CD22|CD38,CAR-T,UNRESOLVED,,ABSTAIN - no decisive readout,0,0.0,1,,UNRESOLVED_no_grounded_patents,0.0,0.0,0.0,0,0,,,,False,False
CD123|CD22|CD33,CAR-T,UNRESOLVED,,ABSTAIN - no decisive readout,0,0.0,1,,UNRESOLVED_no_grounded_patents,0.0,0.0,0.0,0,0,,,,False,False
CD123|CD33|CD38|CLL-1,CAR-T,UNRESOLVED,,ABSTAIN - no decisive readout,0,0.0,1,,UNRESOLVED_no_grounded_patents,0.0,0.0,0.0,0,0,,,,False,False
CD123|CD33|CD38|CLL-1|MUC1,CAR-T,UNRESOLVED,,ABSTAIN - no decisive readout,0,0.0,1,,UNRESOLVED_no_grounded_patents,0.0,0.0,0.0,0,0,,,,False,False
CD123|CD33|CLL-1,CAR-T,UNRESOLVED,,ABSTAIN - no decisive readout,0,0.0,5,,UNRESOLVED_no_grounded_patents,0.0,0.0,0.0,0,0,,,,False,False
CD123|CEA,CAR-T,UNRESOLVED,,ABSTAIN - no decisive readout,0,0.0,1,,UNRESOLVED_no_grounded_patents,0.0,0.0,0.0,0,0,,,,False,False
CD123|CLL-1,CAR-T,UNRESOLVED,,ABSTAIN - no decisive readout,0,0.0,1,,UNRESOLVED_no_grounded_patents,0.0,0.0,0.0,0,0,,,,False,False
CD123|TIM-3,CAR-T,UNRESOLVED,,ABSTAIN - no decisive readout,0,0.0,1,,UNRESOLVED_no_grounded_patents,0.0,0.0,0.0,0,0,,,,False,False
CD137,BISPECIFIC,UNRESOLVED,,ABSTAIN - no decisive readout,0,0.0,1,,UNRESOLVED_no_grounded_patents,0.0,0.0,0.0,0,0,MAB,,,False,False
CD137|CD19,UNCLASSIFIED,UNRESOLVED,,ABSTAIN - no decisive readout,0,0.0,1,,UNRESOLVED_no_grounded_patents,0.0,0.0,0.0,0,0,,,,False,False
CD137|CD19|CD20,UNCLASSIFIED,UNRESOLVED,,ABSTAIN - no decisive readout,0,0.0,2,,UNRESOLVED_no_grounded_patents,0.0,0.0,0.0,0,0,,,,False,False
CD137|CD19|CD25|CD33|PD-1|TIGIT|TIM-3,UNCLASSIFIED,UNRESOLVED,,ABSTAIN - no decisive readout,0,0.0,1,,UNRESOLVED_no_grounded_patents,0.0,0.0,0.0,0,0,,,,False,False
CD137|CD19|EGFR,CAR-T,UNRESOLVED,,ABSTAIN - no decisive readout,0,0.0,1,,UNRESOLVED_no_grounded_patents,0.0,0.0,0.0,0,0,,,,False,False
CD137|CD19|EGFR,UNCLASSIFIED,UNRESOLVED,,ABSTAIN - no decisive readout,0,0.0,1,,UNRESOLVED_no_grounded_patents,0.0,0.0,0.0,0,0,,,,False,False
CD137|CD19|PD-L1,UNCLASSIFIED,UNRESOLVED,,ABSTAIN - no decisive readout,0,0.0,1,,UNRESOLVED_no_grounded_patents,0.0,0.0,0.0,0,0,,,,False,False
CD137|CD33|CLL-1,UNCLASSIFIED,UNRESOLVED,,ABSTAIN - no decisive readout,0,0.0,1,,UNRESOLVED_no_grounded_patents,0.0,0.0,0.0,0,0,,,,False,False
CD137|CD40|PD-1,MAB,UNRESOLVED,,ABSTAIN - no decisive readout,0,0.0,1,,UNRESOLVED_no_grounded_patents,0.0,0.0,0.0,0,0,,,,False,False
CD137|CD56,BISPECIFIC,UNRESOLVED,,ABSTAIN - no decisive readout,0,0.0,1,,UNRESOLVED_no_grounded_patents,0.0,0.0,0.0,0,0,,,,False,False
CD137|CTLA-4|LAG-3|PD-1|PD-L1|TCR,UNCLASSIFIED,UNRESOLVED,,ABSTAIN - no decisive readout,0,0.0,2,,UNRESOLVED_no_grounded_patents,0.0,0.0,0.0,0,0,,,,False,False
CD137|CTLA-4|PD-1,MAB,UNRESOLVED,,ABSTAIN - no decisive readout,0,0.0,1,,UNRESOLVED_no_grounded_patents,0.0,0.0,0.0,0,0,,,,False,False
CD137|EGFR,BISPECIFIC,UNRESOLVED,,ABSTAIN - no decisive readout,0,0.0,2,,UNRESOLVED_no_grounded_patents,0.0,0.0,0.0,0,0,,,,False,False
CD137|EGFR|PD-1,BISPECIFIC,UNRESOLVED,,ABSTAIN - no decisive readout,0,0.0,1,,UNRESOLVED_no_grounded_patents,0.0,0.0,0.0,0,0,,,,False,False
CD137|KRAS|PD-1,MAB,UNRESOLVED,,ABSTAIN - no decisive readout,0,0.0,1,,UNRESOLVED_no_grounded_patents,0.0,0.0,0.0,0,0,,,,False,False
CD137|LAG-3|PD-1,MAB,UNRESOLVED,,ABSTAIN - no decisive readout,0,0.0,1,,UNRESOLVED_no_grounded_patents,0.0,0.0,0.0,0,0,,,,False,False
CD137|PD-1,BISPECIFIC,UNRESOLVED,,ABSTAIN - no decisive readout,0,0.0,1,,UNRESOLVED_no_grounded_patents,0.0,0.0,0.0,0,0,,,,False,False
CD137|PD-1|PSMA,UNCLASSIFIED,UNRESOLVED,,ABSTAIN - no decisive readout,0,0.0,1,,UNRESOLVED_no_grounded_patents,0.0,0.0,0.0,0,0,,,,False,False
CD137|PSMA,UNCLASSIFIED,UNRESOLVED,,ABSTAIN - no decisive readout,0,0.0,1,,UNRESOLVED_no_grounded_patents,0.0,0.0,0.0,0,0,,,,False,False
CD16,UNCLASSIFIED,UNRESOLVED,,ABSTAIN - no decisive readout,0,0.0,2,,UNRESOLVED_no_grounded_patents,0.0,0.0,0.0,0,0,MAB,,,False,False
CD161,MAB,UNRESOLVED,,ABSTAIN - no decisive readout,0,0.0,1,,UNRESOLVED_no_grounded_patents,0.0,0.0,0.0,0,0,,,,False,False
CD163,MAB,UNRESOLVED,,ABSTAIN - no decisive readout,0,0.0,1,,UNRESOLVED_no_grounded_patents,0.0,0.0,0.0,0,0,,,,False,False
CD166-DM4,ADC,UNRESOLVED,,ABSTAIN - no decisive readout,0,0.0,1,,UNRESOLVED_no_grounded_patents,0.0,0.0,0.0,0,0,,,,False,False
CD16|CD19|CD20,MAB,UNRESOLVED,,ABSTAIN - no decisive readout,0,0.0,1,,UNRESOLVED_no_grounded_patents,0.0,0.0,0.0,0,0,,,,False,False
CD16|CD19|CD20|PD-L1,UNCLASSIFIED,UNRESOLVED,,ABSTAIN - no decisive readout,0,0.0,1,,UNRESOLVED_no_grounded_patents,0.0,0.0,0.0,0,0,,,,False,False
CD16|EGFR|PD-1|PD-L1,UNCLASSIFIED,UNRESOLVED,,ABSTAIN - no decisive readout,0,0.0,1,,UNRESOLVED_no_grounded_patents,0.0,0.0,0.0,0,0,,,,False,False
CD19,ADC,UNRESOLVED,,ABSTAIN - no decisive readout,0,0.0,1,,UNRESOLVED_no_grounded_patents,0.0,0.0,0.0,0,0,ADC|MAB,,,False,False
CD19,BISPECIFIC,UNRESOLVED,,ABSTAIN - no decisive readout,0,0.0,1,,UNRESOLVED_no_grounded_patents,0.0,0.0,0.0,0,0,ADC|MAB,,,False,False
CD19-PBD,ADC,UNRESOLVED,,ABSTAIN - no decisive readout,0,0.0,1,,UNRESOLVED_no_grounded_patents,0.0,0.0,0.0,0,0,,,,False,False
CD19|BCL-2,BITE,UNRESOLVED,,ABSTAIN - no decisive readout,0,0.0,1,,UNRESOLVED_no_grounded_patents,0.0,0.0,0.0,0,0,,,,False,False
CD19|BCL-2|BTK,MAB,UNRESOLVED,,ABSTAIN - no decisive readout,0,0.0,1,,UNRESOLVED_no_grounded_patents,0.0,0.0,0.0,0,0,,,,False,False
CD19|BCL-2|BTK|EZH2,MAB,UNRESOLVED,,ABSTAIN - no decisive readout,0,0.0,1,,UNRESOLVED_no_grounded_patents,0.0,0.0,0.0,0,0,,,,False,False
CD19|BCL-2|CD22,CAR-T,UNRESOLVED,,ABSTAIN - no decisive readout,0,0.0,1,,UNRESOLVED_no_grounded_patents,0.0,0.0,0.0,0,0,,,,False,False
CD19|CD20,ADC,UNRESOLVED,,ABSTAIN - no decisive readout,0,0.0,3,,UNRESOLVED_no_grounded_patents,0.0,0.0,0.0,0,0,BISPECIFIC,,,False,False
CD19|CD20,BISPECIFIC,UNRESOLVED,,ABSTAIN - no decisive readout,0,0.0,1,,UNRESOLVED_no_grounded_patents,0.0,0.0,0.0,0,0,BISPECIFIC,,,False,False
CD19|CD20|CD22|CD70,CAR-T,UNRESOLVED,,ABSTAIN - no decisive readout,0,0.0,1,,UNRESOLVED_no_grounded_patents,0.0,0.0,0.0,0,0,,,,False,False
CD19|CD20|CD22|CD70|CD79B|GD2|PSMA,CAR-T,UNRESOLVED,,ABSTAIN - no decisive readout,0,0.0,1,,UNRESOLVED_no_grounded_patents,0.0,0.0,0.0,0,0,,,,False,False
CD19|CD20|CD3,ADC,UNRESOLVED,,ABSTAIN - no decisive readout,0,0.0,1,,UNRESOLVED_no_grounded_patents,0.0,0.0,0.0,0,0,,,,False,False
CD19|CD20|CD3,BISPECIFIC,UNRESOLVED,,ABSTAIN - no decisive readout,0,0.0,2,,UNRESOLVED_no_grounded_patents,0.0,0.0,0.0,0,0,,,,False,False
CD19|CD20|CD30,CAR-T,UNRESOLVED,,ABSTAIN - no decisive readout,0,0.0,1,,UNRESOLVED_no_grounded_patents,0.0,0.0,0.0,0,0,,,,False,False
CD19|CD20|CD30,MAB,UNRESOLVED,,ABSTAIN - no decisive readout,0,0.0,1,,UNRESOLVED_no_grounded_patents,0.0,0.0,0.0,0,0,,,,False,False
CD19|CD20|TCR,BISPECIFIC,UNRESOLVED,,ABSTAIN - no decisive readout,0,0.0,1,,UNRESOLVED_no_grounded_patents,0.0,0.0,0.0,0,0,,,,False,False
CD19|CD20|TCR,UNCLASSIFIED,UNRESOLVED,,ABSTAIN - no decisive readout,0,0.0,2,,UNRESOLVED_no_grounded_patents,0.0,0.0,0.0,0,0,,,,False,False
CD19|CD22|NKG2D,CAR-T,UNRESOLVED,,ABSTAIN - no decisive readout,0,0.0,1,,UNRESOLVED_no_grounded_patents,0.0,0.0,0.0,0,0,,,,False,False
CD19|CD25|CD3,BISPECIFIC,UNRESOLVED,,ABSTAIN - no decisive readout,0,0.0,1,,UNRESOLVED_no_grounded_patents,0.0,0.0,0.0,0,0,,,,False,False
CD19|CD28,CAR-T,UNRESOLVED,,ABSTAIN - no decisive readout,0,0.0,1,,UNRESOLVED_no_grounded_patents,0.0,0.0,0.0,0,0,BISPECIFIC,,,False,False
CD19|CD28,UNCLASSIFIED,UNRESOLVED,,ABSTAIN - no decisive readout,0,0.0,1,,UNRESOLVED_no_grounded_patents,0.0,0.0,0.0,0,0,BISPECIFIC,,,False,False
CD19|CD28|EGFR,CAR-T,UNRESOLVED,,ABSTAIN - no decisive readout,0,0.0,1,,UNRESOLVED_no_grounded_patents,0.0,0.0,0.0,0,0,,,,False,False
CD19|CD28|EGFR,UNCLASSIFIED,UNRESOLVED,,ABSTAIN - no decisive readout,0,0.0,2,,UNRESOLVED_no_grounded_patents,0.0,0.0,0.0,0,0,,,,False,False
CD19|CD3,MAB,UNRESOLVED,,ABSTAIN - no decisive readout,0,0.0,1,,UNRESOLVED_no_grounded_patents,0.0,0.0,0.0,0,0,BISPECIFIC,,,False,False
CD19|CD3,UNCLASSIFIED,UNRESOLVED,,ABSTAIN - no decisive readout,0,0.0,1,,UNRESOLVED_no_grounded_patents,0.0,0.0,0.0,0,0,BISPECIFIC,,,False,False
CD19|CD30,CAR-T,UNRESOLVED,,ABSTAIN - no decisive readout,0,0.0,1,,UNRESOLVED_no_grounded_patents,0.0,0.0,0.0,0,0,,,,False,False
CD19|CD38,BISPECIFIC,UNRESOLVED,,ABSTAIN - no decisive readout,0,0.0,1,,UNRESOLVED_no_grounded_patents,0.0,0.0,0.0,0,0,BISPECIFIC,,,False,False
CD19|CD38,CAR-T,UNRESOLVED,,ABSTAIN - no decisive readout,0,0.0,1,,UNRESOLVED_no_grounded_patents,0.0,0.0,0.0,0,0,BISPECIFIC,,,False,False
CD19|CD3|CD20,BITE,UNRESOLVED,,ABSTAIN - no decisive readout,0,0.0,1,,UNRESOLVED_no_grounded_patents,0.0,0.0,0.0,0,0,,,,False,False
CD19|CD3|CD38,BITE,UNRESOLVED,,ABSTAIN - no decisive readout,0,0.0,1,,UNRESOLVED_no_grounded_patents,0.0,0.0,0.0,0,0,,,,False,False
CD19|CD3|PD-1,BISPECIFIC,UNRESOLVED,,ABSTAIN - no decisive readout,0,0.0,1,,UNRESOLVED_no_grounded_patents,0.0,0.0,0.0,0,0,,,,False,False
CD19|CD3|TCR,BISPECIFIC,UNRESOLVED,,ABSTAIN - no decisive readout,0,0.0,2,,UNRESOLVED_no_grounded_patents,0.0,0.0,0.0,0,0,,,,False,False
CD19|CD3|TCR|WT1,BISPECIFIC,UNRESOLVED,,ABSTAIN - no decisive readout,0,0.0,1,,UNRESOLVED_no_grounded_patents,0.0,0.0,0.0,0,0,,,,False,False
CD19|CD3|TISSUE FACTOR,BISPECIFIC,UNRESOLVED,,ABSTAIN - no decisive readout,0,0.0,1,,UNRESOLVED_no_grounded_patents,0.0,0.0,0.0,0,0,,,,False,False
CD19|CD40|ICAM1,MAB,UNRESOLVED,,ABSTAIN - no decisive readout,0,0.0,1,,UNRESOLVED_no_grounded_patents,0.0,0.0,0.0,0,0,,,,False,False
CD19|CD70,CAR-T,UNRESOLVED,,ABSTAIN - no decisive readout,0,0.0,3,,UNRESOLVED_no_grounded_patents,0.0,0.0,0.0,0,0,,,,False,False
CD19|CD79B,CAR-T,UNRESOLVED,,ABSTAIN - no decisive readout,0,0.0,2,,UNRESOLVED_no_grounded_patents,0.0,0.0,0.0,0,0,,,,False,False
CD19|EPCAM,CAR-T,UNRESOLVED,,ABSTAIN - no decisive readout,0,0.0,2,,UNRESOLVED_no_grounded_patents,0.0,0.0,0.0,0,0,,,,False,False
CD19|GPRC5D,CAR-T,UNRESOLVED,,ABSTAIN - no decisive readout,0,0.0,1,,UNRESOLVED_no_grounded_patents,0.0,0.0,0.0,0,0,,,,False,False
CD19|HER2,CAR-T,UNRESOLVED,,ABSTAIN - no decisive readout,0,0.0,1,,UNRESOLVED_no_grounded_patents,0.0,0.0,0.0,0,0,,,,False,False
CD19|PD-1,CAR-T,UNRESOLVED,,ABSTAIN - no decisive readout,0,0.0,5,,UNRESOLVED_no_grounded_patents,0.0,0.0,0.0,0,0,,,,False,False
CD19|PD-L1,CAR-T,UNRESOLVED,,ABSTAIN - no decisive readout,0,0.0,1,,UNRESOLVED_no_grounded_patents,0.0,0.0,0.0,0,0,,,,False,False
CD20|ALK,MAB,UNRESOLVED,,ABSTAIN - no decisive readout,0,0.0,1,,UNRESOLVED_no_grounded_patents,0.0,0.0,0.0,0,0,,,,False,False
CD20|ALK|BCL-2|CRBN,MAB,UNRESOLVED,,ABSTAIN - no decisive readout,0,0.0,1,,UNRESOLVED_no_grounded_patents,0.0,0.0,0.0,0,0,,,,False,False
CD20|BCL-2|BET|BRD4,MAB,UNRESOLVED,,ABSTAIN - no decisive readout,0,0.0,1,,UNRESOLVED_no_grounded_patents,0.0,0.0,0.0,0,0,,,,False,False
CD20|BCL-2|CD123,MAB,UNRESOLVED,,ABSTAIN - no decisive readout,0,0.0,1,,UNRESOLVED_no_grounded_patents,0.0,0.0,0.0,0,0,,,,False,False
CD20|BCL-2|CD47,MAB,UNRESOLVED,,ABSTAIN - no decisive readout,0,0.0,1,,UNRESOLVED_no_grounded_patents,0.0,0.0,0.0,0,0,,,,False,False
CD20|BCL-2|EZH2,MAB,UNRESOLVED,,ABSTAIN - no decisive readout,0,0.0,1,,UNRESOLVED_no_grounded_patents,0.0,0.0,0.0,0,0,,,,False,False
CD20|BET|BRD4|CD47|SIRP-ALPHA,MAB,UNRESOLVED,,ABSTAIN - no decisive readout,0,0.0,1,,UNRESOLVED_no_grounded_patents,0.0,0.0,0.0,0,0,,,,False,False
CD20|BTK|CD19|CD22,CAR-T,UNRESOLVED,,ABSTAIN - no decisive readout,0,0.0,1,,UNRESOLVED_no_grounded_patents,0.0,0.0,0.0,0,0,,,,False,False
CD20|BTK|CD25,MAB,UNRESOLVED,,ABSTAIN - no decisive readout,0,0.0,1,,UNRESOLVED_no_grounded_patents,0.0,0.0,0.0,0,0,,,,False,False
CD20|CD123|CD3|CD33|CD70,MAB,UNRESOLVED,,ABSTAIN - no decisive readout,0,0.0,1,,UNRESOLVED_no_grounded_patents,0.0,0.0,0.0,0,0,,,,False,False
CD20|CD137|EGFR,MAB,UNRESOLVED,,ABSTAIN - no decisive readout,0,0.0,1,,UNRESOLVED_no_grounded_patents,0.0,0.0,0.0,0,0,,,,False,False
CD20|CD16,MAB,UNRESOLVED,,ABSTAIN - no decisive readout,0,0.0,2,,UNRESOLVED_no_grounded_patents,0.0,0.0,0.0,0,0,BISPECIFIC,,,False,False
CD20|CD16|CD19|PD-L1,MAB,UNRESOLVED,,ABSTAIN - no decisive readout,0,0.0,1,,UNRESOLVED_no_grounded_patents,0.0,0.0,0.0,0,0,,,,False,False
CD20|CD19,BISPECIFIC,UNRESOLVED,,ABSTAIN - no decisive readout,0,0.0,1,,UNRESOLVED_no_grounded_patents,0.0,0.0,0.0,0,0,,,,False,False
CD20|CD19,CAR-T,UNRESOLVED,,ABSTAIN - no decisive readout,0,0.0,5,,UNRESOLVED_no_grounded_patents,0.0,0.0,0.0,0,0,,,,False,False
CD20|CD19|BTK,MAB,UNRESOLVED,,ABSTAIN - no decisive readout,0,0.0,1,,UNRESOLVED_no_grounded_patents,0.0,0.0,0.0,0,0,,,,False,False
CD20|CD22,CAR-T,UNRESOLVED,,ABSTAIN - no decisive readout,0,0.0,1,,UNRESOLVED_no_grounded_patents,0.0,0.0,0.0,0,0,,,,False,False
CD20|CD22|CD25,MAB,UNRESOLVED,,ABSTAIN - no decisive readout,0,0.0,1,,UNRESOLVED_no_grounded_patents,0.0,0.0,0.0,0,0,,,,False,False
CD20|CD25,CAR-T,UNRESOLVED,,ABSTAIN - no decisive readout,0,0.0,1,,UNRESOLVED_no_grounded_patents,0.0,0.0,0.0,0,0,,,,False,False
CD20|CD25,MAB,UNRESOLVED,,ABSTAIN - no decisive readout,0,0.0,2,,UNRESOLVED_no_grounded_patents,0.0,0.0,0.0,0,0,,,,False,False
CD20|CD25,UNCLASSIFIED,UNRESOLVED,,ABSTAIN - no decisive readout,0,0.0,1,,UNRESOLVED_no_grounded_patents,0.0,0.0,0.0,0,0,,,,False,False
CD20|CD28,UNCLASSIFIED,UNRESOLVED,,ABSTAIN - no decisive readout,0,0.0,1,,UNRESOLVED_no_grounded_patents,0.0,0.0,0.0,0,0,,,,False,False
CD20|CD3,MAB,UNRESOLVED,,ABSTAIN - no decisive readout,0,0.0,7,,UNRESOLVED_no_grounded_patents,0.0,0.0,0.0,0,0,BISPECIFIC|BITE,,,False,False
CD20|CD30,CAR-T,UNRESOLVED,,ABSTAIN - no decisive readout,0,0.0,2,,UNRESOLVED_no_grounded_patents,0.0,0.0,0.0,0,0,,,,False,False
CD20|CD3|BCL-2,BISPECIFIC,UNRESOLVED,,ABSTAIN - no decisive readout,0,0.0,6,,UNRESOLVED_no_grounded_patents,0.0,0.0,0.0,0,0,,,,False,False
CD20|CD3|BCL-2|BTK,BISPECIFIC,UNRESOLVED,,ABSTAIN - no decisive readout,0,0.0,2,,UNRESOLVED_no_grounded_patents,0.0,0.0,0.0,0,0,,,,False,False
CD20|CD3|BCL-2|BTK|CD19|PD-1,BISPECIFIC,UNRESOLVED,,ABSTAIN - no decisive readout,0,0.0,1,,UNRESOLVED_no_grounded_patents,0.0,0.0,0.0,0,0,,,,False,False
CD20|CD3|BCL-2|BTK|CLL-1,BISPECIFIC,UNRESOLVED,,ABSTAIN - no decisive readout,0,0.0,1,,UNRESOLVED_no_grounded_patents,0.0,0.0,0.0,0,0,,,,False,False
CD20|CD3|BTK,BISPECIFIC,UNRESOLVED,,ABSTAIN - no decisive readout,0,0.0,9,,UNRESOLVED_no_grounded_patents,0.0,0.0,0.0,0,0,,,,False,False
CD20|CD3|BTK|CD123|CD79B,MAB,UNRESOLVED,,ABSTAIN - no decisive readout,0,0.0,1,,UNRESOLVED_no_grounded_patents,0.0,0.0,0.0,0,0,,,,False,False
CD20|CD3|CD137|CD19,BISPECIFIC,UNRESOLVED,,ABSTAIN - no decisive readout,0,0.0,1,,UNRESOLVED_no_grounded_patents,0.0,0.0,0.0,0,0,,,,False,False
CD20|CD3|CD19,BISPECIFIC,UNRESOLVED,,ABSTAIN - no decisive readout,0,0.0,3,,UNRESOLVED_no_grounded_patents,0.0,0.0,0.0,0,0,,,,False,False
CD20|CD3|CD22|CD28,BISPECIFIC,UNRESOLVED,,ABSTAIN - no decisive readout,0,0.0,1,,UNRESOLVED_no_grounded_patents,0.0,0.0,0.0,0,0,,,,False,False
CD20|CD3|CD79B,ADC,UNRESOLVED,,ABSTAIN - no decisive readout,0,0.0,1,,UNRESOLVED_no_grounded_patents,0.0,0.0,0.0,0,0,,,,False,False
CD20|CD3|CD79B,BISPECIFIC,UNRESOLVED,,ABSTAIN - no decisive readout,0,0.0,1,,UNRESOLVED_no_grounded_patents,0.0,0.0,0.0,0,0,,,,False,False
CD20|CD3|CRBN,BISPECIFIC,UNRESOLVED,,ABSTAIN - no decisive readout,0,0.0,1,,UNRESOLVED_no_grounded_patents,0.0,0.0,0.0,0,0,,,,False,False
CD20|CD3|PD-1,BISPECIFIC,UNRESOLVED,,ABSTAIN - no decisive readout,0,0.0,2,,UNRESOLVED_no_grounded_patents,0.0,0.0,0.0,0,0,,,,False,False
CD20|CD3|ROR1,BISPECIFIC,UNRESOLVED,,ABSTAIN - no decisive readout,0,0.0,1,,UNRESOLVED_no_grounded_patents,0.0,0.0,0.0,0,0,,,,False,False
CD20|CD47,MAB,UNRESOLVED,,ABSTAIN - no decisive readout,0,0.0,1,,UNRESOLVED_no_grounded_patents,0.0,0.0,0.0,0,0,,,,False,False
CD20|CD47|SIRP-ALPHA,BISPECIFIC,UNRESOLVED,,ABSTAIN - no decisive readout,0,0.0,1,,UNRESOLVED_no_grounded_patents,0.0,0.0,0.0,0,0,,,,False,False
CD20|CD47|SIRP-ALPHA,UNCLASSIFIED,UNRESOLVED,,ABSTAIN - no decisive readout,0,0.0,2,,UNRESOLVED_no_grounded_patents,0.0,0.0,0.0,0,0,,,,False,False
CD20|CD70,MAB,UNRESOLVED,,ABSTAIN - no decisive readout,0,0.0,1,,UNRESOLVED_no_grounded_patents,0.0,0.0,0.0,0,0,,,,False,False
CD20|CEA|CD3|CD137|CEACAM5|FAP,BISPECIFIC,UNRESOLVED,,ABSTAIN - no decisive readout,0,0.0,1,,UNRESOLVED_no_grounded_patents,0.0,0.0,0.0,0,0,,,,False,False
CD20|CLL-1,MAB,UNRESOLVED,,ABSTAIN - no decisive readout,0,0.0,2,,UNRESOLVED_no_grounded_patents,0.0,0.0,0.0,0,0,,,,False,False
CD20|CTLA-4,UNCLASSIFIED,UNRESOLVED,,ABSTAIN - no decisive readout,0,0.0,1,,UNRESOLVED_no_grounded_patents,0.0,0.0,0.0,0,0,,,,False,False
CD20|GD2,CAR-T,UNRESOLVED,,ABSTAIN - no decisive readout,0,0.0,1,,UNRESOLVED_no_grounded_patents,0.0,0.0,0.0,0,0,,,,False,False
CD20|LAG-3|PD-1|TIGIT,UNCLASSIFIED,UNRESOLVED,,ABSTAIN - no decisive readout,0,0.0,1,,UNRESOLVED_no_grounded_patents,0.0,0.0,0.0,0,0,,,,False,False
CD20|PD-1,MAB,UNRESOLVED,,ABSTAIN - no decisive readout,0,0.0,4,,UNRESOLVED_no_grounded_patents,0.0,0.0,0.0,0,0,,,,False,False
CD20|PD-1|PD-L1,MAB,UNRESOLVED,,ABSTAIN - no decisive readout,0,0.0,3,,UNRESOLVED_no_grounded_patents,0.0,0.0,0.0,0,0,,,,False,False
CD20|PD-L1|5T4|HER2,MAB,UNRESOLVED,,ABSTAIN - no decisive readout,0,0.0,1,,UNRESOLVED_no_grounded_patents,0.0,0.0,0.0,0,0,,,,False,False
CD20|PD-L1|BTK,MAB,UNRESOLVED,,ABSTAIN - no decisive readout,0,0.0,1,,UNRESOLVED_no_grounded_patents,0.0,0.0,0.0,0,0,,,,False,False
CD20|ROR1,ADC,UNRESOLVED,,ABSTAIN - no decisive readout,0,0.0,1,,UNRESOLVED_no_grounded_patents,0.0,0.0,0.0,0,0,,,,False,False
CD22-CALICHEAMICIN,ADC,UNRESOLVED,,ABSTAIN - no decisive readout,0,0.0,1,,UNRESOLVED_no_grounded_patents,0.0,0.0,0.0,0,0,,,,False,False
CD22-EXATECAN,ADC,UNRESOLVED,,ABSTAIN - no decisive readout,0,0.0,2,,UNRESOLVED_no_grounded_patents,0.0,0.0,0.0,0,0,,,,False,False
CD22|CD19|CD3,ADC,UNRESOLVED,,ABSTAIN - no decisive readout,0,0.0,1,,UNRESOLVED_no_grounded_patents,0.0,0.0,0.0,0,0,,,,False,False
CD22|CD19|CD3,BISPECIFIC,UNRESOLVED,,ABSTAIN - no decisive readout,0,0.0,2,,UNRESOLVED_no_grounded_patents,0.0,0.0,0.0,0,0,,,,False,False
CD22|CD19|CD3|CD20,BISPECIFIC,UNRESOLVED,,ABSTAIN - no decisive readout,0,0.0,1,,UNRESOLVED_no_grounded_patents,0.0,0.0,0.0,0,0,,,,False,False
CD22|CD19|CD3|CD20|BCL-2,MAB,UNRESOLVED,,ABSTAIN - no decisive readout,0,0.0,1,,UNRESOLVED_no_grounded_patents,0.0,0.0,0.0,0,0,,,,False,False
CD22|CD19|CD3|TCR,BISPECIFIC,UNRESOLVED,,ABSTAIN - no decisive readout,0,0.0,1,,UNRESOLVED_no_grounded_patents,0.0,0.0,0.0,0,0,,,,False,False
CD22|CD28,UNCLASSIFIED,UNRESOLVED,,ABSTAIN - no decisive readout,0,0.0,1,,UNRESOLVED_no_grounded_patents,0.0,0.0,0.0,0,0,BISPECIFIC,,,False,False
CD22|CD3,BISPECIFIC,UNRESOLVED,,ABSTAIN - no decisive readout,0,0.0,2,,UNRESOLVED_no_grounded_patents,0.0,0.0,0.0,0,0,BISPECIFIC,,,False,False
CD22|PD-L1,CAR-T,UNRESOLVED,,ABSTAIN - no decisive readout,0,0.0,1,,UNRESOLVED_no_grounded_patents,0.0,0.0,0.0,0,0,,,,False,False
CD24|CD3,BISPECIFIC,UNRESOLVED,,ABSTAIN - no decisive readout,0,0.0,1,,UNRESOLVED_no_grounded_patents,0.0,0.0,0.0,0,0,BISPECIFIC,,,False,False
CD24|CD47,MAB,UNRESOLVED,,ABSTAIN - no decisive readout,0,0.0,1,,UNRESOLVED_no_grounded_patents,0.0,0.0,0.0,0,0,BISPECIFIC,,,False,False
CD25|CTLA-4,MAB,UNRESOLVED,,ABSTAIN - no decisive readout,0,0.0,1,,UNRESOLVED_no_grounded_patents,0.0,0.0,0.0,0,0,BISPECIFIC,,,False,False
CD25|CTLA-4,UNCLASSIFIED,UNRESOLVED,,ABSTAIN - no decisive readout,0,0.0,1,,UNRESOLVED_no_grounded_patents,0.0,0.0,0.0,0,0,BISPECIFIC,,,False,False
CD25|ER,UNCLASSIFIED,UNRESOLVED,,ABSTAIN - no decisive readout,0,0.0,1,,UNRESOLVED_no_grounded_patents,0.0,0.0,0.0,0,0,,,,False,False
CD25|PD-1,UNCLASSIFIED,UNRESOLVED,,ABSTAIN - no decisive readout,0,0.0,1,,UNRESOLVED_no_grounded_patents,0.0,0.0,0.0,0,0,,,,False,False
CD25|PD-1|PD-L1,BISPECIFIC,UNRESOLVED,,ABSTAIN - no decisive readout,0,0.0,1,,UNRESOLVED_no_grounded_patents,0.0,0.0,0.0,0,0,,,,False,False
CD25|PD-1|PD-L1|TIM-3,UNCLASSIFIED,UNRESOLVED,,ABSTAIN - no decisive readout,0,0.0,1,,UNRESOLVED_no_grounded_patents,0.0,0.0,0.0,0,0,,,,False,False
CD25|PD-1|TIGIT,CAR-T,UNRESOLVED,,ABSTAIN - no decisive readout,0,0.0,1,,UNRESOLVED_no_grounded_patents,0.0,0.0,0.0,0,0,,,,False,False
CD25|VEGF,UNCLASSIFIED,UNRESOLVED,,ABSTAIN - no decisive readout,0,0.0,1,,UNRESOLVED_no_grounded_patents,0.0,0.0,0.0,0,0,,,,False,False
CD26,MAB,UNRESOLVED,,ABSTAIN - no decisive readout,0,0.0,1,,UNRESOLVED_no_grounded_patents,0.0,0.0,0.0,0,0,MAB,,,False,False
CD28|CD3,BISPECIFIC,UNRESOLVED,,ABSTAIN - no decisive readout,0,0.0,1,,UNRESOLVED_no_grounded_patents,0.0,0.0,0.0,0,0,BISPECIFIC,,,False,False
CD28|CD30,UNCLASSIFIED,UNRESOLVED,,ABSTAIN - no decisive readout,0,0.0,1,,UNRESOLVED_no_grounded_patents,0.0,0.0,0.0,0,0,,,,False,False
CD28|CD3|PSMA,BISPECIFIC,UNRESOLVED,,ABSTAIN - no decisive readout,0,0.0,1,,UNRESOLVED_no_grounded_patents,0.0,0.0,0.0,0,0,,,,False,False
CD28|CRBN|PD-1,UNCLASSIFIED,UNRESOLVED,,ABSTAIN - no decisive readout,0,0.0,1,,UNRESOLVED_no_grounded_patents,0.0,0.0,0.0,0,0,,,,False,False
CD28|DLL3,UNCLASSIFIED,UNRESOLVED,,ABSTAIN - no decisive readout,0,0.0,1,,UNRESOLVED_no_grounded_patents,0.0,0.0,0.0,0,0,,,,False,False
CD28|NECTIN4,BISPECIFIC,UNRESOLVED,,ABSTAIN - no decisive readout,0,0.0,1,,UNRESOLVED_no_grounded_patents,0.0,0.0,0.0,0,0,,,,False,False
CD28|PD-1|PD-L1,UNCLASSIFIED,UNRESOLVED,,ABSTAIN - no decisive readout,0,0.0,1,,UNRESOLVED_no_grounded_patents,0.0,0.0,0.0,0,0,,,,False,False
CD28|PD-1|TCR,MAB,UNRESOLVED,,ABSTAIN - no decisive readout,0,0.0,1,,UNRESOLVED_no_grounded_patents,0.0,0.0,0.0,0,0,,,,False,False
CD28|PD-1|TCR,UNCLASSIFIED,UNRESOLVED,,ABSTAIN - no decisive readout,0,0.0,1,,UNRESOLVED_no_grounded_patents,0.0,0.0,0.0,0,0,,,,False,False
CD3,BITE,UNRESOLVED,,ABSTAIN - no decisive readout,0,0.0,3,,UNRESOLVED_no_grounded_patents,0.0,0.0,0.0,0,0,BISPECIFIC|MAB,,,False,False
CD30|ALK|MET,ADC,UNRESOLVED,,ABSTAIN - no decisive readout,0,0.0,1,,UNRESOLVED_no_grounded_patents,0.0,0.0,0.0,0,0,,,,False,False
CD30|BTK,ADC,UNRESOLVED,,ABSTAIN - no decisive readout,0,0.0,1,,UNRESOLVED_no_grounded_patents,0.0,0.0,0.0,0,0,,,,False,False
CD30|CD70,MAB,UNRESOLVED,,ABSTAIN - no decisive readout,0,0.0,1,,UNRESOLVED_no_grounded_patents,0.0,0.0,0.0,0,0,,,,False,False
CD30|CTLA-4|PD-1,ADC,UNRESOLVED,,ABSTAIN - no decisive readout,0,0.0,1,,UNRESOLVED_no_grounded_patents,0.0,0.0,0.0,0,0,,,,False,False
CD30|MESOTHELIN,CAR-T,UNRESOLVED,,ABSTAIN - no decisive readout,0,0.0,1,,UNRESOLVED_no_grounded_patents,0.0,0.0,0.0,0,0,,,,False,False
CD30|PD-1|ALK,ADC,UNRESOLVED,,ABSTAIN - no decisive readout,0,0.0,1,,UNRESOLVED_no_grounded_patents,0.0,0.0,0.0,0,0,,,,False,False
CD30|PD-1|CD20,ADC,UNRESOLVED,,ABSTAIN - no decisive readout,0,0.0,1,,UNRESOLVED_no_grounded_patents,0.0,0.0,0.0,0,0,,,,False,False
CD30|PD-1|PD-L1,UNCLASSIFIED,UNRESOLVED,,ABSTAIN - no decisive readout,0,0.0,1,,UNRESOLVED_no_grounded_patents,0.0,0.0,0.0,0,0,,,,False,False
CD33,UNCLASSIFIED,UNRESOLVED,,ABSTAIN - no decisive readout,0,0.0,7,,UNRESOLVED_no_grounded_patents,0.0,0.0,0.0,0,0,MAB,,,False,False
CD33|BCL-2,ADC,UNRESOLVED,,ABSTAIN - no decisive readout,0,0.0,1,,UNRESOLVED_no_grounded_patents,0.0,0.0,0.0,0,0,,,,False,False
CD33|BCL-2,MAB,UNRESOLVED,,ABSTAIN - no decisive readout,0,0.0,1,,UNRESOLVED_no_grounded_patents,0.0,0.0,0.0,0,0,,,,False,False
CD33|CLL-1|NKG2D,CAR-T,UNRESOLVED,,ABSTAIN - no decisive readout,0,0.0,1,,UNRESOLVED_no_grounded_patents,0.0,0.0,0.0,0,0,,,,False,False
CD33|PD-L1|BCL-2,MAB,UNRESOLVED,,ABSTAIN - no decisive readout,0,0.0,1,,UNRESOLVED_no_grounded_patents,0.0,0.0,0.0,0,0,,,,False,False
CD38-MMAF,ADC,UNRESOLVED,,ABSTAIN - no decisive readout,0,0.0,1,,UNRESOLVED_no_grounded_patents,0.0,0.0,0.0,0,0,,,,False,False
CD38|BCMA,MAB,UNRESOLVED,,ABSTAIN - no decisive readout,0,0.0,5,,UNRESOLVED_no_grounded_patents,0.0,0.0,0.0,0,0,,,,False,False
CD38|BCMA|CD16,MAB,UNRESOLVED,,ABSTAIN - no decisive readout,0,0.0,1,,UNRESOLVED_no_grounded_patents,0.0,0.0,0.0,0,0,,,,False,False
CD38|BCMA|CD19,MAB,UNRESOLVED,,ABSTAIN - no decisive readout,0,0.0,1,,UNRESOLVED_no_grounded_patents,0.0,0.0,0.0,0,0,,,,False,False
CD38|BCMA|CD3,BISPECIFIC,UNRESOLVED,,ABSTAIN - no decisive readout,0,0.0,7,,UNRESOLVED_no_grounded_patents,0.0,0.0,0.0,0,0,,,,False,False
CD38|BCMA|CD3,MAB,UNRESOLVED,,ABSTAIN - no decisive readout,0,0.0,2,,UNRESOLVED_no_grounded_patents,0.0,0.0,0.0,0,0,,,,False,False
CD38|BCMA|CD3|GPRC5D,BISPECIFIC,UNRESOLVED,,ABSTAIN - no decisive readout,0,0.0,2,,UNRESOLVED_no_grounded_patents,0.0,0.0,0.0,0,0,,,,False,False
CD38|BET|BRD4,MAB,UNRESOLVED,,ABSTAIN - no decisive readout,0,0.0,1,,UNRESOLVED_no_grounded_patents,0.0,0.0,0.0,0,0,,,,False,False
CD38|CD3,BISPECIFIC,UNRESOLVED,,ABSTAIN - no decisive readout,0,0.0,1,,UNRESOLVED_no_grounded_patents,0.0,0.0,0.0,0,0,BISPECIFIC,,,False,False
CD38|CD47|SIRP-ALPHA,MAB,UNRESOLVED,,ABSTAIN - no decisive readout,0,0.0,1,,UNRESOLVED_no_grounded_patents,0.0,0.0,0.0,0,0,,,,False,False
CD38|CRBN,MAB,UNRESOLVED,,ABSTAIN - no decisive readout,0,0.0,3,,UNRESOLVED_no_grounded_patents,0.0,0.0,0.0,0,0,,,,False,False
CD38|CTLA-4|PD-1,MAB,UNRESOLVED,,ABSTAIN - no decisive readout,0,0.0,1,,UNRESOLVED_no_grounded_patents,0.0,0.0,0.0,0,0,,,,False,False
CD38|FCRH5|CD3,MAB,UNRESOLVED,,ABSTAIN - no decisive readout,0,0.0,1,,UNRESOLVED_no_grounded_patents,0.0,0.0,0.0,0,0,,,,False,False
CD38|GPRC5D,MAB,UNRESOLVED,,ABSTAIN - no decisive readout,0,0.0,1,,UNRESOLVED_no_grounded_patents,0.0,0.0,0.0,0,0,,,,False,False
CD38|GPRC5D|CD3,BISPECIFIC,UNRESOLVED,,ABSTAIN - no decisive readout,0,0.0,2,,UNRESOLVED_no_grounded_patents,0.0,0.0,0.0,0,0,,,,False,False
CD38|PD-1,MAB,UNRESOLVED,,ABSTAIN - no decisive readout,0,0.0,1,,UNRESOLVED_no_grounded_patents,0.0,0.0,0.0,0,0,,,,False,False
CD38|PD-1|KRAS,MAB,UNRESOLVED,,ABSTAIN - no decisive readout,0,0.0,1,,UNRESOLVED_no_grounded_patents,0.0,0.0,0.0,0,0,,,,False,False
CD38|VEGF,MAB,UNRESOLVED,,ABSTAIN - no decisive readout,0,0.0,1,,UNRESOLVED_no_grounded_patents,0.0,0.0,0.0,0,0,,,,False,False
CD39,MAB,UNRESOLVED,,ABSTAIN - no decisive readout,0,0.0,1,,UNRESOLVED_no_grounded_patents,0.0,0.0,0.0,0,0,MAB,,,False,False
CD3|CD33|HER2,BISPECIFIC,UNRESOLVED,,ABSTAIN - no decisive readout,0,0.0,1,,UNRESOLVED_no_grounded_patents,0.0,0.0,0.0,0,0,,,,False,False
CD3|CDH17,BISPECIFIC,UNRESOLVED,,ABSTAIN - no decisive readout,0,0.0,1,,UNRESOLVED_no_grounded_patents,0.0,0.0,0.0,0,0,,,,False,False
CD3|CEA,BISPECIFIC,UNRESOLVED,,ABSTAIN - no decisive readout,0,0.0,1,,UNRESOLVED_no_grounded_patents,0.0,0.0,0.0,0,0,,,,False,False
CD3|CEA,BITE,UNRESOLVED,,ABSTAIN - no decisive readout,0,0.0,1,,UNRESOLVED_no_grounded_patents,0.0,0.0,0.0,0,0,,,,False,False
CD3|CEA|EPCAM|GPC3|MUC1,BISPECIFIC,UNRESOLVED,,ABSTAIN - no decisive readout,0,0.0,1,,UNRESOLVED_no_grounded_patents,0.0,0.0,0.0,0,0,,,,False,False
CD3|CLDN18.2,BISPECIFIC,UNRESOLVED,,ABSTAIN - no decisive readout,0,0.0,1,,UNRESOLVED_no_grounded_patents,0.0,0.0,0.0,0,0,,,,False,False
CD3|EGFR,UNCLASSIFIED,UNRESOLVED,,ABSTAIN - no decisive readout,0,0.0,1,,UNRESOLVED_no_grounded_patents,0.0,0.0,0.0,0,0,,,,False,False
CD3|ENPP3,BISPECIFIC,UNRESOLVED,,ABSTAIN - no decisive readout,0,0.0,1,,UNRESOLVED_no_grounded_patents,0.0,0.0,0.0,0,0,,,,False,False
CD3|EPCAM,BISPECIFIC,UNRESOLVED,,ABSTAIN - no decisive readout,0,0.0,6,,UNRESOLVED_no_grounded_patents,0.0,0.0,0.0,0,0,,,,False,False
CD3|EPCAM,BITE,UNRESOLVED,,ABSTAIN - no decisive readout,0,0.0,1,,UNRESOLVED_no_grounded_patents,0.0,0.0,0.0,0,0,,,,False,False
CD3|EPCAM,MAB,UNRESOLVED,,ABSTAIN - no decisive readout,0,0.0,1,,UNRESOLVED_no_grounded_patents,0.0,0.0,0.0,0,0,,,,False,False
CD3|GPC3,BISPECIFIC,UNRESOLVED,,ABSTAIN - no decisive readout,0,0.0,1,,UNRESOLVED_no_grounded_patents,0.0,0.0,0.0,0,0,,,,False,False
CD3|PD-1,BISPECIFIC,UNRESOLVED,,ABSTAIN - no decisive readout,0,0.0,2,,UNRESOLVED_no_grounded_patents,0.0,0.0,0.0,0,0,,,,False,False
CD3|PD-L1,BITE,UNRESOLVED,,ABSTAIN - no decisive readout,0,0.0,1,,UNRESOLVED_no_grounded_patents,0.0,0.0,0.0,0,0,,,,False,False
CD3|PD-L1,OUT_OF_SCOPE,UNRESOLVED,,ABSTAIN - no decisive readout,0,0.0,1,,UNRESOLVED_no_grounded_patents,0.0,0.0,0.0,0,0,,,,False,False
CD3|PSMA,BISPECIFIC,UNRESOLVED,,ABSTAIN - no decisive readout,0,0.0,1,,UNRESOLVED_no_grounded_patents,0.0,0.0,0.0,0,0,,,,False,False
CD3|ROR1,BISPECIFIC,UNRESOLVED,,ABSTAIN - no decisive readout,0,0.0,1,,UNRESOLVED_no_grounded_patents,0.0,0.0,0.0,0,0,,,,False,False
CD3|TCR,BITE,UNRESOLVED,,ABSTAIN - no decisive readout,0,0.0,1,,UNRESOLVED_no_grounded_patents,0.0,0.0,0.0,0,0,BISPECIFIC,,,False,False
CD40,ADC,UNRESOLVED,,ABSTAIN - no decisive readout,0,0.0,1,,UNRESOLVED_no_grounded_patents,0.0,0.0,0.0,0,0,BISPECIFIC|MAB,,,False,False
CD40,CAR-T,UNRESOLVED,,ABSTAIN - no decisive readout,0,0.0,1,,UNRESOLVED_no_grounded_patents,0.0,0.0,0.0,0,0,BISPECIFIC|MAB,,,False,False
CD40,UNCLASSIFIED,UNRESOLVED,,ABSTAIN - no decisive readout,0,0.0,9,,UNRESOLVED_no_grounded_patents,0.0,0.0,0.0,0,0,BISPECIFIC|MAB,,,False,False
CD40|PD-1,UNCLASSIFIED,UNRESOLVED,,ABSTAIN - no decisive readout,0,0.0,1,,UNRESOLVED_no_grounded_patents,0.0,0.0,0.0,0,0,,,,False,False
CD40|PD-1|PD-L1,BISPECIFIC,UNRESOLVED,,ABSTAIN - no decisive readout,0,0.0,1,,UNRESOLVED_no_grounded_patents,0.0,0.0,0.0,0,0,,,,False,False
CD40|PD-L1,MAB,UNRESOLVED,,ABSTAIN - no decisive readout,0,0.0,1,,UNRESOLVED_no_grounded_patents,0.0,0.0,0.0,0,0,BISPECIFIC,,,False,False
CD47,BISPECIFIC,UNRESOLVED,,ABSTAIN - no decisive readout,0,0.0,1,,UNRESOLVED_no_grounded_patents,0.0,0.0,0.0,0,0,BISPECIFIC|MAB,,,False,False
CD47|CD137,BISPECIFIC,UNRESOLVED,,ABSTAIN - no decisive readout,0,0.0,1,,UNRESOLVED_no_grounded_patents,0.0,0.0,0.0,0,0,,,,False,False
CD47|CD73|CTLA-4|PD-1|SIRP-ALPHA,BISPECIFIC,UNRESOLVED,,ABSTAIN - no decisive readout,0,0.0,1,,UNRESOLVED_no_grounded_patents,0.0,0.0,0.0,0,0,,,,False,False
CD47|CLDN18.2|SIRP-ALPHA,BISPECIFIC,UNRESOLVED,,ABSTAIN - no decisive readout,0,0.0,1,,UNRESOLVED_no_grounded_patents,0.0,0.0,0.0,0,0,,,,False,False
CD47|CTLA-4|PD-1,BISPECIFIC,UNRESOLVED,,ABSTAIN - no decisive readout,0,0.0,1,,UNRESOLVED_no_grounded_patents,0.0,0.0,0.0,0,0,,,,False,False
CD47|CTLA-4|PD-1|SIRP-ALPHA,BISPECIFIC,UNRESOLVED,,ABSTAIN - no decisive readout,0,0.0,1,,UNRESOLVED_no_grounded_patents,0.0,0.0,0.0,0,0,,,,False,False
CD47|EGFR|PD-1,UNCLASSIFIED,UNRESOLVED,,ABSTAIN - no decisive readout,0,0.0,1,,UNRESOLVED_no_grounded_patents,0.0,0.0,0.0,0,0,,,,False,False
CD47|HER2|SIRP-ALPHA,UNCLASSIFIED,UNRESOLVED,,ABSTAIN - no decisive readout,0,0.0,1,,UNRESOLVED_no_grounded_patents,0.0,0.0,0.0,0,0,,,,False,False
CD47|LAG-3|PD-1|SIRP-ALPHA,BISPECIFIC,UNRESOLVED,,ABSTAIN - no decisive readout,0,0.0,1,,UNRESOLVED_no_grounded_patents,0.0,0.0,0.0,0,0,,,,False,False
CD47|PD-1,MAB,UNRESOLVED,,ABSTAIN - no decisive readout,0,0.0,2,,UNRESOLVED_no_grounded_patents,0.0,0.0,0.0,0,0,,,,False,False
CD47|PD-1,UNCLASSIFIED,UNRESOLVED,,ABSTAIN - no decisive readout,0,0.0,1,,UNRESOLVED_no_grounded_patents,0.0,0.0,0.0,0,0,,,,False,False
CD47|PD-1|SIRP-ALPHA|VEGF,BISPECIFIC,UNRESOLVED,,ABSTAIN - no decisive readout,0,0.0,1,,UNRESOLVED_no_grounded_patents,0.0,0.0,0.0,0,0,,,,False,False
CD47|PD-1|VEGF,BISPECIFIC,UNRESOLVED,,ABSTAIN - no decisive readout,0,0.0,2,,UNRESOLVED_no_grounded_patents,0.0,0.0,0.0,0,0,,,,False,False
CD47|PD-L1,BISPECIFIC,UNRESOLVED,,ABSTAIN - no decisive readout,0,0.0,4,,UNRESOLVED_no_grounded_patents,0.0,0.0,0.0,0,0,BISPECIFIC,,,False,False
CD47|SIRP-ALPHA|TCR,UNCLASSIFIED,UNRESOLVED,,ABSTAIN - no decisive readout,0,0.0,1,,UNRESOLVED_no_grounded_patents,0.0,0.0,0.0,0,0,,,,False,False
CD70,CAR-T,UNRESOLVED,,ABSTAIN - no decisive readout,0,0.0,29,,UNRESOLVED_no_grounded_patents,0.0,0.0,0.0,0,0,MAB,,,False,False
CD70,MAB,UNRESOLVED,,ABSTAIN - no decisive readout,0,0.0,5,,UNRESOLVED_no_grounded_patents,0.0,0.0,0.0,0,0,MAB,,,False,False
CD70|CEA,CAR-T,UNRESOLVED,,ABSTAIN - no decisive readout,0,0.0,2,,UNRESOLVED_no_grounded_patents,0.0,0.0,0.0,0,0,,,,False,False
CD70|CLDN18.2|GPC3|MUC1|MESOTHELIN|NKG2D,CAR-T,UNRESOLVED,,ABSTAIN - no decisive readout,0,0.0,1,,UNRESOLVED_no_grounded_patents,0.0,0.0,0.0,0,0,,,,False,False
CD70|EGFR|HER2,CAR-T,UNRESOLVED,,ABSTAIN - no decisive readout,0,0.0,1,,UNRESOLVED_no_grounded_patents,0.0,0.0,0.0,0,0,,,,False,False
CD70|GD2,CAR-T,UNRESOLVED,,ABSTAIN - no decisive readout,0,0.0,1,,UNRESOLVED_no_grounded_patents,0.0,0.0,0.0,0,0,,,,False,False
CD70|HIF|PSMA|VHL,MAB,UNRESOLVED,,ABSTAIN - no decisive readout,0,0.0,1,,UNRESOLVED_no_grounded_patents,0.0,0.0,0.0,0,0,,,,False,False
CD70|PSMA,CAR-T,UNRESOLVED,,ABSTAIN - no decisive readout,0,0.0,1,,UNRESOLVED_no_grounded_patents,0.0,0.0,0.0,0,0,,,,False,False
CD73,BISPECIFIC,UNRESOLVED,,ABSTAIN - no decisive readout,0,0.0,2,,UNRESOLVED_no_grounded_patents,0.0,0.0,0.0,0,0,BISPECIFIC|MAB,,,False,False
CD73,MAB,UNRESOLVED,,ABSTAIN - no decisive readout,0,0.0,5,,UNRESOLVED_no_grounded_patents,0.0,0.0,0.0,0,0,BISPECIFIC|MAB,,,False,False
CD73|CD122,BISPECIFIC,UNRESOLVED,,ABSTAIN - no decisive readout,0,0.0,1,,UNRESOLVED_no_grounded_patents,0.0,0.0,0.0,0,0,,,,False,False
CD73|CLDN18.2,ADC,UNRESOLVED,,ABSTAIN - no decisive readout,0,0.0,1,,UNRESOLVED_no_grounded_patents,0.0,0.0,0.0,0,0,,,,False,False
CD73|HER2|PD-1|PD-L1,UNCLASSIFIED,UNRESOLVED,,ABSTAIN - no decisive readout,0,0.0,1,,UNRESOLVED_no_grounded_patents,0.0,0.0,0.0,0,0,,,,False,False
CD73|LAG-3,BISPECIFIC,UNRESOLVED,,ABSTAIN - no decisive readout,0,0.0,1,,UNRESOLVED_no_grounded_patents,0.0,0.0,0.0,0,0,,,,False,False
CD73|PD-1,UNCLASSIFIED,UNRESOLVED,,ABSTAIN - no decisive readout,0,0.0,1,,UNRESOLVED_no_grounded_patents,0.0,0.0,0.0,0,0,,,,False,False
CD73|PD-1|PD-L1,MAB,UNRESOLVED,,ABSTAIN - no decisive readout,0,0.0,1,,UNRESOLVED_no_grounded_patents,0.0,0.0,0.0,0,0,,,,False,False
CD73|PD-1|VEGF,BISPECIFIC,UNRESOLVED,,ABSTAIN - no decisive readout,0,0.0,1,,UNRESOLVED_no_grounded_patents,0.0,0.0,0.0,0,0,,,,False,False
CD73|PD-1|VHL,MAB,UNRESOLVED,,ABSTAIN - no decisive readout,0,0.0,1,,UNRESOLVED_no_grounded_patents,0.0,0.0,0.0,0,0,,,,False,False
CD73|PD-L1,MAB,UNRESOLVED,,ABSTAIN - no decisive readout,0,0.0,1,,UNRESOLVED_no_grounded_patents,0.0,0.0,0.0,0,0,BISPECIFIC,,,False,False
CD79B,CAR-T,UNRESOLVED,,ABSTAIN - no decisive readout,0,0.0,2,,UNRESOLVED_no_grounded_patents,0.0,0.0,0.0,0,0,ADC|MAB,,,False,False
CD79B,UNCLASSIFIED,UNRESOLVED,,ABSTAIN - no decisive readout,0,0.0,2,,UNRESOLVED_no_grounded_patents,0.0,0.0,0.0,0,0,ADC|MAB,,,False,False
CD79B|CD20,MAB,UNRESOLVED,,ABSTAIN - no decisive readout,0,0.0,1,,UNRESOLVED_no_grounded_patents,0.0,0.0,0.0,0,0,,,,False,False
CD79B|CD20|CD19|CD3,ADC,UNRESOLVED,,ABSTAIN - no decisive readout,0,0.0,1,,UNRESOLVED_no_grounded_patents,0.0,0.0,0.0,0,0,,,,False,False
CD79B|CD20|CD3,ADC,UNRESOLVED,,ABSTAIN - no decisive readout,0,0.0,5,,UNRESOLVED_no_grounded_patents,0.0,0.0,0.0,0,0,,,,False,False
CD79B|CD20|CD3,BISPECIFIC,UNRESOLVED,,ABSTAIN - no decisive readout,0,0.0,3,,UNRESOLVED_no_grounded_patents,0.0,0.0,0.0,0,0,,,,False,False
CD79B|CD20|CD3,MAB,UNRESOLVED,,ABSTAIN - no decisive readout,0,0.0,1,,UNRESOLVED_no_grounded_patents,0.0,0.0,0.0,0,0,,,,False,False
CD79B|CD20|CD3|ALK|BCL-2,ADC,UNRESOLVED,,ABSTAIN - no decisive readout,0,0.0,1,,UNRESOLVED_no_grounded_patents,0.0,0.0,0.0,0,0,,,,False,False
CD79B|CD20|CD3|BTK,ADC,UNRESOLVED,,ABSTAIN - no decisive readout,0,0.0,1,,UNRESOLVED_no_grounded_patents,0.0,0.0,0.0,0,0,,,,False,False
CD79B|CD20|CD3|CD137|CD19,ADC,UNRESOLVED,,ABSTAIN - no decisive readout,0,0.0,1,,UNRESOLVED_no_grounded_patents,0.0,0.0,0.0,0,0,,,,False,False
CD79B|PD-1|CD19|CD20,ADC,UNRESOLVED,,ABSTAIN - no decisive readout,0,0.0,1,,UNRESOLVED_no_grounded_patents,0.0,0.0,0.0,0,0,,,,False,False
CD79B|PD-1|CD20,ADC,UNRESOLVED,,ABSTAIN - no decisive readout,0,0.0,1,,UNRESOLVED_no_grounded_patents,0.0,0.0,0.0,0,0,,,,False,False
CD79B|PD-L1|CD20|CD3,BISPECIFIC,UNRESOLVED,,ABSTAIN - no decisive readout,0,0.0,1,,UNRESOLVED_no_grounded_patents,0.0,0.0,0.0,0,0,,,,False,False
CD79B|PD-L1|CD20|CD3|BTK,ADC,UNRESOLVED,,ABSTAIN - no decisive readout,0,0.0,1,,UNRESOLVED_no_grounded_patents,0.0,0.0,0.0,0,0,,,,False,False
CDH17,BISPECIFIC,UNRESOLVED,,ABSTAIN - no decisive readout,0,0.0,1,,UNRESOLVED_no_grounded_patents,0.0,0.0,0.0,0,0,BISPECIFIC|MAB,,,False,False
CDH17,UNCLASSIFIED,UNRESOLVED,,ABSTAIN - no decisive readout,0,0.0,2,,UNRESOLVED_no_grounded_patents,0.0,0.0,0.0,0,0,BISPECIFIC|MAB,,,False,False
CDH17-EXATECAN,ADC,UNRESOLVED,,ABSTAIN - no decisive readout,0,0.0,1,,UNRESOLVED_no_grounded_patents,0.0,0.0,0.0,0,0,,,,False,False
CDH17|CDH6,MAB,UNRESOLVED,,ABSTAIN - no decisive readout,0,0.0,1,,UNRESOLVED_no_grounded_patents,0.0,0.0,0.0,0,0,,,,False,False
CDH17|LAG-3|PD-1|TIM-3,CAR-T,UNRESOLVED,,ABSTAIN - no decisive readout,0,0.0,1,,UNRESOLVED_no_grounded_patents,0.0,0.0,0.0,0,0,,,,False,False
CDH6,ADC,UNRESOLVED,,ABSTAIN - no decisive readout,0,0.0,1,,UNRESOLVED_no_grounded_patents,0.0,0.0,0.0,0,0,ADC|MAB,,,False,False
CDH6-DXD,ADC,UNRESOLVED,,ABSTAIN - no decisive readout,0,0.0,2,,UNRESOLVED_no_grounded_patents,0.0,0.0,0.0,0,0,ADC,,,False,False
CDH6-EXATECAN,ADC,UNRESOLVED,,ABSTAIN - no decisive readout,0,0.0,1,,UNRESOLVED_no_grounded_patents,0.0,0.0,0.0,0,0,,,,False,False
CDH6-TOP1I,ADC,UNRESOLVED,,ABSTAIN - no decisive readout,0,0.0,1,,UNRESOLVED_no_grounded_patents,0.0,0.0,0.0,0,0,,,,False,False
CDH6|FOLR1,ADC,UNRESOLVED,,ABSTAIN - no decisive readout,0,0.0,1,,UNRESOLVED_no_grounded_patents,0.0,0.0,0.0,0,0,,,,False,False
CEA,BISPECIFIC,UNRESOLVED,,ABSTAIN - no decisive readout,0,0.0,6,,UNRESOLVED_no_grounded_patents,0.0,0.0,0.0,0,0,ADC|MAB,,,False,False
CEACAM5,BISPECIFIC,UNRESOLVED,,ABSTAIN - no decisive readout,0,0.0,1,,UNRESOLVED_no_grounded_patents,0.0,0.0,0.0,0,0,ADC|BISPECIFIC|MAB,,,False,False
CEACAM5,MAB,UNRESOLVED,,ABSTAIN - no decisive readout,0,0.0,2,,UNRESOLVED_no_grounded_patents,0.0,0.0,0.0,0,0,ADC|BISPECIFIC|MAB,,,False,False
CEACAM5-EXATECAN,ADC,UNRESOLVED,,ABSTAIN - no decisive readout,0,0.0,3,,UNRESOLVED_no_grounded_patents,0.0,0.0,0.0,0,0,ADC,,,False,False
CEACAM5-TOP1I,ADC,UNRESOLVED,,ABSTAIN - no decisive readout,0,0.0,1,,UNRESOLVED_no_grounded_patents,0.0,0.0,0.0,0,0,,,,False,False
CEACAM5|CEACAM6,MAB,UNRESOLVED,,ABSTAIN - no decisive readout,0,0.0,1,,UNRESOLVED_no_grounded_patents,0.0,0.0,0.0,0,0,,,,False,False
CEACAM5|MUC1,OUT_OF_SCOPE,UNRESOLVED,,ABSTAIN - no decisive readout,0,0.0,1,,UNRESOLVED_no_grounded_patents,0.0,0.0,0.0,0,0,,,,False,False
CEA|CEACAM5|CLDN18.2|EGFR|GPC3|HER2|TROP-2,CAR-T,UNRESOLVED,,ABSTAIN - no decisive readout,0,0.0,1,,UNRESOLVED_no_grounded_patents,0.0,0.0,0.0,0,0,,,,False,False
CEA|CEACAM5|CTLA-4|MUC16,MAB,UNRESOLVED,,ABSTAIN - no decisive readout,0,0.0,1,,UNRESOLVED_no_grounded_patents,0.0,0.0,0.0,0,0,,,,False,False
CEA|CEACAM5|EPCAM|HER2,CAR-T,UNRESOLVED,,ABSTAIN - no decisive readout,0,0.0,1,,UNRESOLVED_no_grounded_patents,0.0,0.0,0.0,0,0,,,,False,False
CEA|CEACAM5|HER2,CAR-T,UNRESOLVED,,ABSTAIN - no decisive readout,0,0.0,2,,UNRESOLVED_no_grounded_patents,0.0,0.0,0.0,0,0,,,,False,False
CEA|CEACAM5|MUC16,CAR-T,UNRESOLVED,,ABSTAIN - no decisive readout,0,0.0,3,,UNRESOLVED_no_grounded_patents,0.0,0.0,0.0,0,0,,,,False,False
CEA|EPCAM|MUC16,MAB,UNRESOLVED,,ABSTAIN - no decisive readout,0,0.0,1,,UNRESOLVED_no_grounded_patents,0.0,0.0,0.0,0,0,,,,False,False
CEA|GPC3|MESOTHELIN,CAR-T,UNRESOLVED,,ABSTAIN - no decisive readout,0,0.0,1,,UNRESOLVED_no_grounded_patents,0.0,0.0,0.0,0,0,,,,False,False
CEA|ICAM1,UNCLASSIFIED,UNRESOLVED,,ABSTAIN - no decisive readout,0,0.0,2,,UNRESOLVED_no_grounded_patents,0.0,0.0,0.0,0,0,,,,False,False
CEA|MUC16,MAB,UNRESOLVED,,ABSTAIN - no decisive readout,0,0.0,1,,UNRESOLVED_no_grounded_patents,0.0,0.0,0.0,0,0,,,,False,False
CEA|MUC16|NKG2D|PD-L1,CAR-T,UNRESOLVED,,ABSTAIN - no decisive readout,0,0.0,1,,UNRESOLVED_no_grounded_patents,0.0,0.0,0.0,0,0,,,,False,False
CEA|MUC1|MESOTHELIN|PSCA,CAR-T,UNRESOLVED,,ABSTAIN - no decisive readout,0,0.0,1,,UNRESOLVED_no_grounded_patents,0.0,0.0,0.0,0,0,,,,False,False
CEA|PD-L1,CAR-T,UNRESOLVED,,ABSTAIN - no decisive readout,0,0.0,1,,UNRESOLVED_no_grounded_patents,0.0,0.0,0.0,0,0,,,,False,False
CEA|TROP-2-KL610023,ADC,UNRESOLVED,,ABSTAIN - no decisive readout,0,0.0,1,,UNRESOLVED_no_grounded_patents,0.0,0.0,0.0,0,0,,,,False,False
CLAUDIN18.2-TOP1I,ADC,UNRESOLVED,,ABSTAIN - no decisive readout,0,0.0,1,,UNRESOLVED_no_grounded_patents,0.0,0.0,0.0,0,0,,,,False,False
CLDN1,ADC,UNRESOLVED,,ABSTAIN - no decisive readout,0,0.0,1,,UNRESOLVED_no_grounded_patents,0.0,0.0,0.0,0,0,MAB,,,False,False
CLDN18.2,CAR-T,UNRESOLVED,,ABSTAIN - no decisive readout,0,0.0,11,,UNRESOLVED_no_grounded_patents,0.0,0.0,0.0,0,0,ADC|BISPECIFIC|MAB,,,False,False
CLDN18.2-TOP1I,ADC,UNRESOLVED,,ABSTAIN - no decisive readout,0,0.0,2,,UNRESOLVED_no_grounded_patents,0.0,0.0,0.0,0,0,,,,False,False
CLDN18.2|CTLA-4|PD-1|TIGIT,BISPECIFIC,UNRESOLVED,,ABSTAIN - no decisive readout,0,0.0,1,,UNRESOLVED_no_grounded_patents,0.0,0.0,0.0,0,0,,,,False,False
CLDN18.2|EGFR|HER2,CAR-T,UNRESOLVED,,ABSTAIN - no decisive readout,0,0.0,1,,UNRESOLVED_no_grounded_patents,0.0,0.0,0.0,0,0,,,,False,False
CLDN18.2|EGFR|HER2,MAB,UNRESOLVED,,ABSTAIN - no decisive readout,0,0.0,1,,UNRESOLVED_no_grounded_patents,0.0,0.0,0.0,0,0,,,,False,False
CLDN18.2|HER2,CAR-T,UNRESOLVED,,ABSTAIN - no decisive readout,0,0.0,1,,UNRESOLVED_no_grounded_patents,0.0,0.0,0.0,0,0,,,,False,False
CLDN18.2|HER2,MAB,UNRESOLVED,,ABSTAIN - no decisive readout,0,0.0,1,,UNRESOLVED_no_grounded_patents,0.0,0.0,0.0,0,0,,,,False,False
CLDN18.2|HER2,UNCLASSIFIED,UNRESOLVED,,ABSTAIN - no decisive readout,0,0.0,3,,UNRESOLVED_no_grounded_patents,0.0,0.0,0.0,0,0,,,,False,False
CLDN18.2|HER2|PD-1|PD-L1,BISPECIFIC,UNRESOLVED,,ABSTAIN - no decisive readout,0,0.0,1,,UNRESOLVED_no_grounded_patents,0.0,0.0,0.0,0,0,,,,False,False
CLDN18.2|HER2|PD-L1,MAB,UNRESOLVED,,ABSTAIN - no decisive readout,0,0.0,1,,UNRESOLVED_no_grounded_patents,0.0,0.0,0.0,0,0,,,,False,False
CLDN18.2|HER2|PD-L1,UNCLASSIFIED,UNRESOLVED,,ABSTAIN - no decisive readout,0,0.0,1,,UNRESOLVED_no_grounded_patents,0.0,0.0,0.0,0,0,,,,False,False
CLDN18.2|HER3|HER2|TISSUE FACTOR,UNCLASSIFIED,UNRESOLVED,,ABSTAIN - no decisive readout,0,0.0,1,,UNRESOLVED_no_grounded_patents,0.0,0.0,0.0,0,0,,,,False,False
CLDN18.2|MUC1|MESOTHELIN,CAR-T,UNRESOLVED,,ABSTAIN - no decisive readout,0,0.0,2,,UNRESOLVED_no_grounded_patents,0.0,0.0,0.0,0,0,,,,False,False
CLDN18.2|NKG2D,CAR-T,UNRESOLVED,,ABSTAIN - no decisive readout,0,0.0,2,,UNRESOLVED_no_grounded_patents,0.0,0.0,0.0,0,0,,,,False,False
CLDN18.2|PD-1,BISPECIFIC,UNRESOLVED,,ABSTAIN - no decisive readout,0,0.0,1,,UNRESOLVED_no_grounded_patents,0.0,0.0,0.0,0,0,,,,False,False
CLDN18.2|PD-1,CAR-T,UNRESOLVED,,ABSTAIN - no decisive readout,0,0.0,1,,UNRESOLVED_no_grounded_patents,0.0,0.0,0.0,0,0,,,,False,False
CLDN18.2|PD-1|TCR,MAB,UNRESOLVED,,ABSTAIN - no decisive readout,0,0.0,1,,UNRESOLVED_no_grounded_patents,0.0,0.0,0.0,0,0,,,,False,False
CLDN18.2|PD-L1,BISPECIFIC,UNRESOLVED,,ABSTAIN - no decisive readout,0,0.0,1,,UNRESOLVED_no_grounded_patents,0.0,0.0,0.0,0,0,BISPECIFIC,,,False,False
CLDN18.2|PD-L1,CAR-T,UNRESOLVED,,ABSTAIN - no decisive readout,0,0.0,1,,UNRESOLVED_no_grounded_patents,0.0,0.0,0.0,0,0,BISPECIFIC,,,False,False
CLDN18.2|PD-L1,UNCLASSIFIED,UNRESOLVED,,ABSTAIN - no decisive readout,0,0.0,1,,UNRESOLVED_no_grounded_patents,0.0,0.0,0.0,0,0,BISPECIFIC,,,False,False
CLDN18.2|TCR,CAR-T,UNRESOLVED,,ABSTAIN - no decisive readout,0,0.0,1,,UNRESOLVED_no_grounded_patents,0.0,0.0,0.0,0,0,,,,False,False
CLDN18.2|TROP-2,ADC,UNRESOLVED,,ABSTAIN - no decisive readout,0,0.0,1,,UNRESOLVED_no_grounded_patents,0.0,0.0,0.0,0,0,,,,False,False
CLDN6,ADC,UNRESOLVED,,ABSTAIN - no decisive readout,0,0.0,2,,UNRESOLVED_no_grounded_patents,0.0,0.0,0.0,0,0,MAB,,,False,False
CLDN6,BISPECIFIC,UNRESOLVED,,ABSTAIN - no decisive readout,0,0.0,2,,UNRESOLVED_no_grounded_patents,0.0,0.0,0.0,0,0,MAB,,,False,False
CLDN6-ERIBULIN,ADC,UNRESOLVED,,ABSTAIN - no decisive readout,0,0.0,1,,UNRESOLVED_no_grounded_patents,0.0,0.0,0.0,0,0,,,,False,False
CLDN6-MMAE,ADC,UNRESOLVED,,ABSTAIN - no decisive readout,0,0.0,2,,UNRESOLVED_no_grounded_patents,0.0,0.0,0.0,0,0,,,,False,False
CLDN6-TOP1I,ADC,UNRESOLVED,,ABSTAIN - no decisive readout,0,0.0,2,,UNRESOLVED_no_grounded_patents,0.0,0.0,0.0,0,0,,,,False,False
CLUSTERIN,MAB,UNRESOLVED,,ABSTAIN - no decisive readout,0,0.0,1,,UNRESOLVED_no_grounded_patents,0.0,0.0,0.0,0,0,MAB,,,False,False
CRBN,MAB,UNRESOLVED,,ABSTAIN - no decisive readout,0,0.0,1,,UNRESOLVED_no_grounded_patents,0.0,0.0,0.0,0,0,MAB,,,False,False
CRBN|GD2,MAB,UNRESOLVED,,ABSTAIN - no decisive readout,0,0.0,1,,UNRESOLVED_no_grounded_patents,0.0,0.0,0.0,0,0,,,,False,False
CTLA-4|AR,MAB,UNRESOLVED,,ABSTAIN - no decisive readout,0,0.0,1,,UNRESOLVED_no_grounded_patents,0.0,0.0,0.0,0,0,,,,False,False
CTLA-4|CD19,CAR-T,UNRESOLVED,,ABSTAIN - no decisive readout,0,0.0,1,,UNRESOLVED_no_grounded_patents,0.0,0.0,0.0,0,0,,,,False,False
CTLA-4|CD20,MAB,UNRESOLVED,,ABSTAIN - no decisive readout,0,0.0,1,,UNRESOLVED_no_grounded_patents,0.0,0.0,0.0,0,0,,,,False,False
CTLA-4|CD40,MAB,UNRESOLVED,,ABSTAIN - no decisive readout,0,0.0,1,,UNRESOLVED_no_grounded_patents,0.0,0.0,0.0,0,0,,,,False,False
CTLA-4|EGFR,CAR-T,UNRESOLVED,,ABSTAIN - no decisive readout,0,0.0,1,,UNRESOLVED_no_grounded_patents,0.0,0.0,0.0,0,0,,,,False,False
CTLA-4|EGFR,MAB,UNRESOLVED,,ABSTAIN - no decisive readout,0,0.0,3,,UNRESOLVED_no_grounded_patents,0.0,0.0,0.0,0,0,,,,False,False
CTLA-4|EGFR|KRAS|PD-1,MAB,UNRESOLVED,,ABSTAIN - no decisive readout,0,0.0,1,,UNRESOLVED_no_grounded_patents,0.0,0.0,0.0,0,0,,,,False,False
CTLA-4|EGFR|PD-1,ADC,UNRESOLVED,,ABSTAIN - no decisive readout,0,0.0,1,,UNRESOLVED_no_grounded_patents,0.0,0.0,0.0,0,0,,,,False,False
CTLA-4|EGFR|PD-1,UNCLASSIFIED,UNRESOLVED,,ABSTAIN - no decisive readout,0,0.0,1,,UNRESOLVED_no_grounded_patents,0.0,0.0,0.0,0,0,,,,False,False
CTLA-4|EGFR|PD-1|PD-L1,MAB,UNRESOLVED,,ABSTAIN - no decisive readout,0,0.0,1,,UNRESOLVED_no_grounded_patents,0.0,0.0,0.0,0,0,,,,False,False
CTLA-4|EGFR|PD-L1,MAB,UNRESOLVED,,ABSTAIN - no decisive readout,0,0.0,1,,UNRESOLVED_no_grounded_patents,0.0,0.0,0.0,0,0,,,,False,False
CTLA-4|ER|HER2,BISPECIFIC,UNRESOLVED,,ABSTAIN - no decisive readout,0,0.0,1,,UNRESOLVED_no_grounded_patents,0.0,0.0,0.0,0,0,,,,False,False
CTLA-4|EZH2,MAB,UNRESOLVED,,ABSTAIN - no decisive readout,0,0.0,1,,UNRESOLVED_no_grounded_patents,0.0,0.0,0.0,0,0,,,,False,False
CTLA-4|EZH2|PD-1|PD-L1,MAB,UNRESOLVED,,ABSTAIN - no decisive readout,0,0.0,1,,UNRESOLVED_no_grounded_patents,0.0,0.0,0.0,0,0,,,,False,False
CTLA-4|FGFR|PD-1,BISPECIFIC,UNRESOLVED,,ABSTAIN - no decisive readout,0,0.0,2,,UNRESOLVED_no_grounded_patents,0.0,0.0,0.0,0,0,,,,False,False
CTLA-4|FGFR|PD-1|PD-L1|VEGF,BISPECIFIC,UNRESOLVED,,ABSTAIN - no decisive readout,0,0.0,2,,UNRESOLVED_no_grounded_patents,0.0,0.0,0.0,0,0,,,,False,False
CTLA-4|GD2|MUC1|PD-1|PD-L1,CAR-T,UNRESOLVED,,ABSTAIN - no decisive readout,0,0.0,1,,UNRESOLVED_no_grounded_patents,0.0,0.0,0.0,0,0,,,,False,False
CTLA-4|GP100,MAB,UNRESOLVED,,ABSTAIN - no decisive readout,0,0.0,1,,UNRESOLVED_no_grounded_patents,0.0,0.0,0.0,0,0,,,,False,False
CTLA-4|GPC3|TIGIT,CAR-T,UNRESOLVED,,ABSTAIN - no decisive readout,0,0.0,1,,UNRESOLVED_no_grounded_patents,0.0,0.0,0.0,0,0,,,,False,False
CTLA-4|HER2,MAB,UNRESOLVED,,ABSTAIN - no decisive readout,0,0.0,1,,UNRESOLVED_no_grounded_patents,0.0,0.0,0.0,0,0,,,,False,False
CTLA-4|HER2,UNCLASSIFIED,UNRESOLVED,,ABSTAIN - no decisive readout,0,0.0,2,,UNRESOLVED_no_grounded_patents,0.0,0.0,0.0,0,0,,,,False,False
CTLA-4|HER2|PD-1,BISPECIFIC,UNRESOLVED,,ABSTAIN - no decisive readout,0,0.0,2,,UNRESOLVED_no_grounded_patents,0.0,0.0,0.0,0,0,,,,False,False
CTLA-4|HER2|PD-1,MAB,UNRESOLVED,,ABSTAIN - no decisive readout,0,0.0,2,,UNRESOLVED_no_grounded_patents,0.0,0.0,0.0,0,0,,,,False,False
CTLA-4|HER2|PD-1|PD-L1,UNCLASSIFIED,UNRESOLVED,,ABSTAIN - no decisive readout,0,0.0,1,,UNRESOLVED_no_grounded_patents,0.0,0.0,0.0,0,0,,,,False,False
CTLA-4|HIF,UNCLASSIFIED,UNRESOLVED,,ABSTAIN - no decisive readout,0,0.0,1,,UNRESOLVED_no_grounded_patents,0.0,0.0,0.0,0,0,,,,False,False
CTLA-4|KRAS,MAB,UNRESOLVED,,ABSTAIN - no decisive readout,0,0.0,1,,UNRESOLVED_no_grounded_patents,0.0,0.0,0.0,0,0,,,,False,False
CTLA-4|KRAS|PD-1,MAB,UNRESOLVED,,ABSTAIN - no decisive readout,0,0.0,2,,UNRESOLVED_no_grounded_patents,0.0,0.0,0.0,0,0,,,,False,False
CTLA-4|KRAS|PD-1,UNCLASSIFIED,UNRESOLVED,,ABSTAIN - no decisive readout,0,0.0,1,,UNRESOLVED_no_grounded_patents,0.0,0.0,0.0,0,0,,,,False,False
CTLA-4|LAG-3,BISPECIFIC,UNRESOLVED,,ABSTAIN - no decisive readout,0,0.0,1,,UNRESOLVED_no_grounded_patents,0.0,0.0,0.0,0,0,,,,False,False
CTLA-4|LAG-3|PD-1,MAB,UNRESOLVED,,ABSTAIN - no decisive readout,0,0.0,9,,UNRESOLVED_no_grounded_patents,0.0,0.0,0.0,0,0,,,,False,False
CTLA-4|LAG-3|PD-1|PD-L1,MAB,UNRESOLVED,,ABSTAIN - no decisive readout,0,0.0,1,,UNRESOLVED_no_grounded_patents,0.0,0.0,0.0,0,0,,,,False,False
CTLA-4|MAGE,MAB,UNRESOLVED,,ABSTAIN - no decisive readout,0,0.0,2,,UNRESOLVED_no_grounded_patents,0.0,0.0,0.0,0,0,,,,False,False
CTLA-4|MESOTHELIN,CAR-T,UNRESOLVED,,ABSTAIN - no decisive readout,0,0.0,1,,UNRESOLVED_no_grounded_patents,0.0,0.0,0.0,0,0,,,,False,False
CTLA-4|MESOTHELIN|PD-1,CAR-T,UNRESOLVED,,ABSTAIN - no decisive readout,0,0.0,1,,UNRESOLVED_no_grounded_patents,0.0,0.0,0.0,0,0,,,,False,False
CTLA-4|MET|PD-L1,MAB,UNRESOLVED,,ABSTAIN - no decisive readout,0,0.0,1,,UNRESOLVED_no_grounded_patents,0.0,0.0,0.0,0,0,,,,False,False
CTLA-4|MUC1,CAR-T,UNRESOLVED,,ABSTAIN - no decisive readout,0,0.0,1,,UNRESOLVED_no_grounded_patents,0.0,0.0,0.0,0,0,,,,False,False
CTLA-4|PD-1,CAR-T,UNRESOLVED,,ABSTAIN - no decisive readout,0,0.0,2,,UNRESOLVED_no_grounded_patents,0.0,0.0,0.0,0,0,BISPECIFIC,,,False,False
CTLA-4|PD-1,MAB,UNRESOLVED,0.0,FAILED / CONTESTED (late),60,1.0,274,,UNRESOLVED_no_grounded_patents,0.0,0.0,0.0,0,0,BISPECIFIC,,,False,True
CTLA-4|PD-1,UNCLASSIFIED,UNRESOLVED,,ABSTAIN - no decisive readout,0,0.0,21,,UNRESOLVED_no_grounded_patents,0.0,0.0,0.0,0,0,BISPECIFIC,,,False,False
CTLA-4|PD-1|ALK,MAB,UNRESOLVED,,ABSTAIN - no decisive readout,0,0.0,1,,UNRESOLVED_no_grounded_patents,0.0,0.0,0.0,0,0,,,,False,False
CTLA-4|PD-1|ALK|EGFR,MAB,UNRESOLVED,,ABSTAIN - no decisive readout,0,0.0,1,,UNRESOLVED_no_grounded_patents,0.0,0.0,0.0,0,0,,,,False,False
CTLA-4|PD-1|AR,MAB,UNRESOLVED,,ABSTAIN - no decisive readout,0,0.0,1,,UNRESOLVED_no_grounded_patents,0.0,0.0,0.0,0,0,,,,False,False
CTLA-4|PD-1|AR|HER2,MAB,UNRESOLVED,,ABSTAIN - no decisive readout,0,0.0,1,,UNRESOLVED_no_grounded_patents,0.0,0.0,0.0,0,0,,,,False,False
CTLA-4|PD-1|AXL,MAB,UNRESOLVED,,ABSTAIN - no decisive readout,0,0.0,1,,UNRESOLVED_no_grounded_patents,0.0,0.0,0.0,0,0,,,,False,False
CTLA-4|PD-1|CD19,MAB,UNRESOLVED,,ABSTAIN - no decisive readout,0,0.0,1,,UNRESOLVED_no_grounded_patents,0.0,0.0,0.0,0,0,,,,False,False
CTLA-4|PD-1|HER2,MAB,UNRESOLVED,,ABSTAIN - no decisive readout,0,0.0,2,,UNRESOLVED_no_grounded_patents,0.0,0.0,0.0,0,0,,,,False,False
CTLA-4|PD-1|HIF,MAB,UNRESOLVED,,ABSTAIN - no decisive readout,0,0.0,1,,UNRESOLVED_no_grounded_patents,0.0,0.0,0.0,0,0,,,,False,False
CTLA-4|PD-1|KRAS,MAB,UNRESOLVED,,ABSTAIN - no decisive readout,0,0.0,2,,UNRESOLVED_no_grounded_patents,0.0,0.0,0.0,0,0,,,,False,False
CTLA-4|PD-1|LAG-3,MAB,UNRESOLVED,,ABSTAIN - no decisive readout,0,0.0,1,,UNRESOLVED_no_grounded_patents,0.0,0.0,0.0,0,0,,,,False,False
CTLA-4|PD-1|MESOTHELIN,MAB,UNRESOLVED,,ABSTAIN - no decisive readout,0,0.0,1,,UNRESOLVED_no_grounded_patents,0.0,0.0,0.0,0,0,,,,False,False
CTLA-4|PD-1|MESOTHELIN|TCR,MAB,UNRESOLVED,,ABSTAIN - no decisive readout,0,0.0,1,,UNRESOLVED_no_grounded_patents,0.0,0.0,0.0,0,0,,,,False,False
CTLA-4|PD-1|PD-L1,OUT_OF_SCOPE,UNRESOLVED,,ABSTAIN - no decisive readout,0,0.0,1,,UNRESOLVED_no_grounded_patents,0.0,0.0,0.0,0,0,,,,False,False
CTLA-4|PD-1|PD-L1|VEGF,BISPECIFIC,UNRESOLVED,,ABSTAIN - no decisive readout,0,0.0,1,,UNRESOLVED_no_grounded_patents,0.0,0.0,0.0,0,0,,,,False,False
CTLA-4|PD-1|PD-L1|VEGF,MAB,UNRESOLVED,,ABSTAIN - no decisive readout,0,0.0,2,,UNRESOLVED_no_grounded_patents,0.0,0.0,0.0,0,0,,,,False,False
CTLA-4|PD-1|TCR|VEGF,MAB,UNRESOLVED,,ABSTAIN - no decisive readout,0,0.0,1,,UNRESOLVED_no_grounded_patents,0.0,0.0,0.0,0,0,,,,False,False
CTLA-4|PD-1|TROP-2,UNCLASSIFIED,UNRESOLVED,,ABSTAIN - no decisive readout,0,0.0,1,,UNRESOLVED_no_grounded_patents,0.0,0.0,0.0,0,0,,,,False,False
CTLA-4|PD-1|VEGF,BISPECIFIC,UNRESOLVED,,ABSTAIN - no decisive readout,0,0.0,5,,UNRESOLVED_no_grounded_patents,0.0,0.0,0.0,0,0,,,,False,False
CTLA-4|PD-1|VEGF,MAB,UNRESOLVED,,ABSTAIN - no decisive readout,0,0.0,4,,UNRESOLVED_no_grounded_patents,0.0,0.0,0.0,0,0,,,,False,False
CTLA-4|PD-1|VEGF,UNCLASSIFIED,UNRESOLVED,,ABSTAIN - no decisive readout,0,0.0,2,,UNRESOLVED_no_grounded_patents,0.0,0.0,0.0,0,0,,,,False,False
CTLA-4|PD-L1|5T4|MAGE|MUC1,MAB,UNRESOLVED,,ABSTAIN - no decisive readout,0,0.0,1,,UNRESOLVED_no_grounded_patents,0.0,0.0,0.0,0,0,,,,False,False
CTLA-4|PD-L1|ALK|BCL-2,MAB,UNRESOLVED,,ABSTAIN - no decisive readout,0,0.0,1,,UNRESOLVED_no_grounded_patents,0.0,0.0,0.0,0,0,,,,False,False
CTLA-4|PD-L1|ALK|EGFR,MAB,UNRESOLVED,,ABSTAIN - no decisive readout,0,0.0,2,,UNRESOLVED_no_grounded_patents,0.0,0.0,0.0,0,0,,,,False,False
CTLA-4|PD-L1|AR|MET,MAB,UNRESOLVED,,ABSTAIN - no decisive readout,0,0.0,1,,UNRESOLVED_no_grounded_patents,0.0,0.0,0.0,0,0,,,,False,False
CTLA-4|PD-L1|AXL|PD-1,MAB,UNRESOLVED,,ABSTAIN - no decisive readout,0,0.0,1,,UNRESOLVED_no_grounded_patents,0.0,0.0,0.0,0,0,,,,False,False
CTLA-4|PD-L1|CD19,MAB,UNRESOLVED,,ABSTAIN - no decisive readout,0,0.0,1,,UNRESOLVED_no_grounded_patents,0.0,0.0,0.0,0,0,,,,False,False
CTLA-4|PD-L1|CD25,MAB,UNRESOLVED,,ABSTAIN - no decisive readout,0,0.0,1,,UNRESOLVED_no_grounded_patents,0.0,0.0,0.0,0,0,,,,False,False
CTLA-4|PD-L1|HER2,MAB,UNRESOLVED,,ABSTAIN - no decisive readout,0,0.0,1,,UNRESOLVED_no_grounded_patents,0.0,0.0,0.0,0,0,,,,False,False
CTLA-4|PD-L1|HER2|KRAS,MAB,UNRESOLVED,,ABSTAIN - no decisive readout,0,0.0,1,,UNRESOLVED_no_grounded_patents,0.0,0.0,0.0,0,0,,,,False,False
CTLA-4|PD-L1|KRAS|PD-1,MAB,UNRESOLVED,,ABSTAIN - no decisive readout,0,0.0,1,,UNRESOLVED_no_grounded_patents,0.0,0.0,0.0,0,0,,,,False,False
CTLA-4|PD-L1|VEGF,BISPECIFIC,UNRESOLVED,,ABSTAIN - no decisive readout,0,0.0,1,,UNRESOLVED_no_grounded_patents,0.0,0.0,0.0,0,0,,,,False,False
CTLA-4|PD-L1|VEGF,MAB,UNRESOLVED,,ABSTAIN - no decisive readout,0,0.0,1,,UNRESOLVED_no_grounded_patents,0.0,0.0,0.0,0,0,,,,False,False
CTLA-4|TIM-3,UNCLASSIFIED,UNRESOLVED,,ABSTAIN - no decisive readout,0,0.0,1,,UNRESOLVED_no_grounded_patents,0.0,0.0,0.0,0,0,,,,False,False
DECTIN-1,BISPECIFIC,UNRESOLVED,,ABSTAIN - no decisive readout,0,0.0,1,,UNRESOLVED_no_grounded_patents,0.0,0.0,0.0,0,0,,,,False,False
DLL3,CAR-T,UNRESOLVED,,ABSTAIN - no decisive readout,0,0.0,9,,UNRESOLVED_no_grounded_patents,0.0,0.0,0.0,0,0,ADC|BISPECIFIC|MAB,,,False,False
DLL3,MAB,UNRESOLVED,,ABSTAIN - no decisive readout,0,0.0,3,,UNRESOLVED_no_grounded_patents,0.0,0.0,0.0,0,0,ADC|BISPECIFIC|MAB,,,False,False
DLL3,UNCLASSIFIED,UNRESOLVED,,ABSTAIN - no decisive readout,0,0.0,1,,UNRESOLVED_no_grounded_patents,0.0,0.0,0.0,0,0,ADC|BISPECIFIC|MAB,,,False,False
DLL3-TOP1I,ADC,UNRESOLVED,,ABSTAIN - no decisive readout,0,0.0,3,,UNRESOLVED_no_grounded_patents,0.0,0.0,0.0,0,0,ADC,,,False,False
DLL3|CD47,BISPECIFIC,UNRESOLVED,,ABSTAIN - no decisive readout,0,0.0,1,,UNRESOLVED_no_grounded_patents,0.0,0.0,0.0,0,0,BISPECIFIC,,,False,False
DLL3|GD2,CAR-T,UNRESOLVED,,ABSTAIN - no decisive readout,0,0.0,1,,UNRESOLVED_no_grounded_patents,0.0,0.0,0.0,0,0,,,,False,False
DLL3|PD-1|PD-L1,BITE,UNRESOLVED,,ABSTAIN - no decisive readout,0,0.0,1,,UNRESOLVED_no_grounded_patents,0.0,0.0,0.0,0,0,,,,False,False
DLL3|PD-L1,CAR-T,UNRESOLVED,,ABSTAIN - no decisive readout,0,0.0,1,,UNRESOLVED_no_grounded_patents,0.0,0.0,0.0,0,0,,,,False,False
EGFR,ANTISENSE,UNRESOLVED,,ABSTAIN - no decisive readout,0,0.0,1,,UNRESOLVED_no_grounded_patents,0.0,0.0,0.0,0,0,ADC|BISPECIFIC|MAB,,,False,False
EGFR,OUT_OF_SCOPE,UNRESOLVED,,ABSTAIN - no decisive readout,0,0.0,7,,UNRESOLVED_no_grounded_patents,0.0,0.0,0.0,0,0,ADC|BISPECIFIC|MAB,,,False,False
EGFR,UNCLASSIFIED,UNRESOLVED,0.0,FAILED / CONTESTED (late),31,1.0,177,,UNRESOLVED_no_grounded_patents,0.0,0.0,0.0,0,0,ADC|BISPECIFIC|MAB,,,False,True
EGFR-DM1,ADC,UNRESOLVED,,ABSTAIN - no decisive readout,0,0.0,1,,UNRESOLVED_no_grounded_patents,0.0,0.0,0.0,0,0,ADC,,,False,False
EGFR-DXD,ADC,UNRESOLVED,,ABSTAIN - no decisive readout,0,0.0,2,,UNRESOLVED_no_grounded_patents,0.0,0.0,0.0,0,0,,,,False,False
EGFR-KL610023,ADC,UNRESOLVED,,ABSTAIN - no decisive readout,0,0.0,6,,UNRESOLVED_no_grounded_patents,0.0,0.0,0.0,0,0,,,,False,False
EGFR-TOP1I,ADC,UNRESOLVED,,ABSTAIN - no decisive readout,0,0.0,7,,UNRESOLVED_no_grounded_patents,0.0,0.0,0.0,0,0,,,,False,False
EGFR|ANG2|PD-1|SIRP-ALPHA|VEGF,MAB,UNRESOLVED,,ABSTAIN - no decisive readout,0,0.0,1,,UNRESOLVED_no_grounded_patents,0.0,0.0,0.0,0,0,,,,False,False
EGFR|AXL,MAB,UNRESOLVED,,ABSTAIN - no decisive readout,0,0.0,1,,UNRESOLVED_no_grounded_patents,0.0,0.0,0.0,0,0,,,,False,False
EGFR|B7-H3-TOP1I,ADC,UNRESOLVED,,ABSTAIN - no decisive readout,0,0.0,1,,UNRESOLVED_no_grounded_patents,0.0,0.0,0.0,0,0,,,,False,False
EGFR|B7-H3|PD-L1-TOP1I,ADC,UNRESOLVED,,ABSTAIN - no decisive readout,0,0.0,1,,UNRESOLVED_no_grounded_patents,0.0,0.0,0.0,0,0,,,,False,False
EGFR|CD137,BISPECIFIC,UNRESOLVED,,ABSTAIN - no decisive readout,0,0.0,2,,UNRESOLVED_no_grounded_patents,0.0,0.0,0.0,0,0,BISPECIFIC,,,False,False
EGFR|CD137|CD16|CD25,MAB,UNRESOLVED,,ABSTAIN - no decisive readout,0,0.0,1,,UNRESOLVED_no_grounded_patents,0.0,0.0,0.0,0,0,,,,False,False
EGFR|CD16,BISPECIFIC,UNRESOLVED,,ABSTAIN - no decisive readout,0,0.0,1,,UNRESOLVED_no_grounded_patents,0.0,0.0,0.0,0,0,BISPECIFIC,,,False,False
EGFR|CD47|KRAS|SIRP-ALPHA,MAB,UNRESOLVED,,ABSTAIN - no decisive readout,0,0.0,1,,UNRESOLVED_no_grounded_patents,0.0,0.0,0.0,0,0,,,,False,False
EGFR|CEA,MAB,UNRESOLVED,,ABSTAIN - no decisive readout,0,0.0,1,,UNRESOLVED_no_grounded_patents,0.0,0.0,0.0,0,0,,,,False,False
EGFR|CEA|KRAS,MAB,UNRESOLVED,,ABSTAIN - no decisive readout,0,0.0,1,,UNRESOLVED_no_grounded_patents,0.0,0.0,0.0,0,0,,,,False,False
EGFR|CEA|MUC16,MAB,UNRESOLVED,,ABSTAIN - no decisive readout,0,0.0,1,,UNRESOLVED_no_grounded_patents,0.0,0.0,0.0,0,0,,,,False,False
EGFR|CTLA-4|KRAS|PD-1|VEGF,MAB,UNRESOLVED,,ABSTAIN - no decisive readout,0,0.0,1,,UNRESOLVED_no_grounded_patents,0.0,0.0,0.0,0,0,,,,False,False
EGFR|CTLA-4|PD-1,MAB,UNRESOLVED,,ABSTAIN - no decisive readout,0,0.0,1,,UNRESOLVED_no_grounded_patents,0.0,0.0,0.0,0,0,,,,False,False
EGFR|ER,UNCLASSIFIED,UNRESOLVED,,ABSTAIN - no decisive readout,0,0.0,2,,UNRESOLVED_no_grounded_patents,0.0,0.0,0.0,0,0,,,,False,False
EGFR|FAP,UNCLASSIFIED,UNRESOLVED,,ABSTAIN - no decisive readout,0,0.0,1,,UNRESOLVED_no_grounded_patents,0.0,0.0,0.0,0,0,,,,False,False
EGFR|FGFR,UNCLASSIFIED,UNRESOLVED,,ABSTAIN - no decisive readout,0,0.0,5,,UNRESOLVED_no_grounded_patents,0.0,0.0,0.0,0,0,,,,False,False
EGFR|FOLR1,UNCLASSIFIED,UNRESOLVED,,ABSTAIN - no decisive readout,0,0.0,1,,UNRESOLVED_no_grounded_patents,0.0,0.0,0.0,0,0,,,,False,False
EGFR|HER2|KRAS,UNCLASSIFIED,UNRESOLVED,,ABSTAIN - no decisive readout,0,0.0,2,,UNRESOLVED_no_grounded_patents,0.0,0.0,0.0,0,0,,,,False,False
EGFR|HER2|MESOTHELIN,CAR-T,UNRESOLVED,,ABSTAIN - no decisive readout,0,0.0,2,,UNRESOLVED_no_grounded_patents,0.0,0.0,0.0,0,0,,,,False,False
EGFR|HER2|PD-1,MAB,UNRESOLVED,,ABSTAIN - no decisive readout,0,0.0,1,,UNRESOLVED_no_grounded_patents,0.0,0.0,0.0,0,0,,,,False,False
EGFR|HER2|PD-1|PD-L1,MAB,UNRESOLVED,,ABSTAIN - no decisive readout,0,0.0,1,,UNRESOLVED_no_grounded_patents,0.0,0.0,0.0,0,0,,,,False,False
EGFR|HER2|PD-L1,MAB,UNRESOLVED,,ABSTAIN - no decisive readout,0,0.0,2,,UNRESOLVED_no_grounded_patents,0.0,0.0,0.0,0,0,,,,False,False
EGFR|HER2|VEGF,UNCLASSIFIED,UNRESOLVED,,ABSTAIN - no decisive readout,0,0.0,1,,UNRESOLVED_no_grounded_patents,0.0,0.0,0.0,0,0,,,,False,False
EGFR|HER3-ED04,ADC,UNRESOLVED,,ABSTAIN - no decisive readout,0,0.0,4,,UNRESOLVED_no_grounded_patents,0.0,0.0,0.0,0,0,,,,False,False
EGFR|HER3-EXATECAN,ADC,UNRESOLVED,,ABSTAIN - no decisive readout,0,0.0,2,,UNRESOLVED_no_grounded_patents,0.0,0.0,0.0,0,0,,,,False,False
EGFR|HER3|HER2,UNCLASSIFIED,UNRESOLVED,,ABSTAIN - no decisive readout,0,0.0,2,,UNRESOLVED_no_grounded_patents,0.0,0.0,0.0,0,0,,,,False,False
EGFR|HER3|KRAS,ADC,UNRESOLVED,,ABSTAIN - no decisive readout,0,0.0,1,,UNRESOLVED_no_grounded_patents,0.0,0.0,0.0,0,0,,,,False,False
EGFR|IGF-1R,MAB,UNRESOLVED,,ABSTAIN - no decisive readout,0,0.0,5,,UNRESOLVED_no_grounded_patents,0.0,0.0,0.0,0,0,BISPECIFIC,,,False,False
EGFR|IGF-1R,UNCLASSIFIED,UNRESOLVED,,ABSTAIN - no decisive readout,0,0.0,1,,UNRESOLVED_no_grounded_patents,0.0,0.0,0.0,0,0,BISPECIFIC,,,False,False
EGFR|KRAS|MET,MAB,UNRESOLVED,,ABSTAIN - no decisive readout,0,0.0,3,,UNRESOLVED_no_grounded_patents,0.0,0.0,0.0,0,0,,,,False,False
EGFR|KRAS|MUC16,MAB,UNRESOLVED,,ABSTAIN - no decisive readout,0,0.0,1,,UNRESOLVED_no_grounded_patents,0.0,0.0,0.0,0,0,,,,False,False
EGFR|KRAS|PD-1,MAB,UNRESOLVED,,ABSTAIN - no decisive readout,0,0.0,1,,UNRESOLVED_no_grounded_patents,0.0,0.0,0.0,0,0,,,,False,False
EGFR|KRAS|PD-L1,MAB,UNRESOLVED,,ABSTAIN - no decisive readout,0,0.0,1,,UNRESOLVED_no_grounded_patents,0.0,0.0,0.0,0,0,,,,False,False
EGFR|KRAS|VEGF,MAB,UNRESOLVED,,ABSTAIN - no decisive readout,0,0.0,1,,UNRESOLVED_no_grounded_patents,0.0,0.0,0.0,0,0,,,,False,False
EGFR|KRAS|VEGF,OUT_OF_SCOPE,UNRESOLVED,,ABSTAIN - no decisive readout,0,0.0,1,,UNRESOLVED_no_grounded_patents,0.0,0.0,0.0,0,0,,,,False,False
EGFR|MESOTHELIN,CAR-T,UNRESOLVED,,ABSTAIN - no decisive readout,0,0.0,1,,UNRESOLVED_no_grounded_patents,0.0,0.0,0.0,0,0,,,,False,False
EGFR|MET,MULTISPECIFIC,UNRESOLVED,,ABSTAIN - no decisive readout,0,0.0,1,,UNRESOLVED_no_grounded_patents,0.0,0.0,0.0,0,0,BISPECIFIC,,,False,False
EGFR|MET,RADIOLIGAND,UNRESOLVED,,ABSTAIN - no decisive readout,0,0.0,1,,UNRESOLVED_no_grounded_patents,0.0,0.0,0.0,0,0,BISPECIFIC,,,False,False
EGFR|MET-TOP1I,ADC,UNRESOLVED,,ABSTAIN - no decisive readout,0,0.0,1,,UNRESOLVED_no_grounded_patents,0.0,0.0,0.0,0,0,,,,False,False
EGFR|MET|HER2|KRAS,BISPECIFIC,UNRESOLVED,,ABSTAIN - no decisive readout,0,0.0,1,,UNRESOLVED_no_grounded_patents,0.0,0.0,0.0,0,0,,,,False,False
EGFR|MET|PD-1,BISPECIFIC,UNRESOLVED,,ABSTAIN - no decisive readout,0,0.0,1,,UNRESOLVED_no_grounded_patents,0.0,0.0,0.0,0,0,,,,False,False
EGFR|MET|VEGF,UNCLASSIFIED,UNRESOLVED,,ABSTAIN - no decisive readout,0,0.0,1,,UNRESOLVED_no_grounded_patents,0.0,0.0,0.0,0,0,,,,False,False
EGFR|MET|VEGF|HER2|KRAS,BISPECIFIC,UNRESOLVED,,ABSTAIN - no decisive readout,0,0.0,1,,UNRESOLVED_no_grounded_patents,0.0,0.0,0.0,0,0,,,,False,False
EGFR|MUC1,ADC,UNRESOLVED,,ABSTAIN - no decisive readout,0,0.0,1,,UNRESOLVED_no_grounded_patents,0.0,0.0,0.0,0,0,BISPECIFIC,,,False,False
EGFR|MUC1,BISPECIFIC,UNRESOLVED,,ABSTAIN - no decisive readout,0,0.0,1,,UNRESOLVED_no_grounded_patents,0.0,0.0,0.0,0,0,BISPECIFIC,,,False,False
EGFR|MUC1,MAB,UNRESOLVED,,ABSTAIN - no decisive readout,0,0.0,1,,UNRESOLVED_no_grounded_patents,0.0,0.0,0.0,0,0,BISPECIFIC,,,False,False
EGFR|NECTIN4|PD-1,MAB,UNRESOLVED,,ABSTAIN - no decisive readout,0,0.0,1,,UNRESOLVED_no_grounded_patents,0.0,0.0,0.0,0,0,,,,False,False
EGFR|PD-1,ADC,UNRESOLVED,,ABSTAIN - no decisive readout,0,0.0,3,,UNRESOLVED_no_grounded_patents,0.0,0.0,0.0,0,0,BISPECIFIC,,,False,False
EGFR|PD-1,UNCLASSIFIED,UNRESOLVED,,ABSTAIN - no decisive readout,0,0.0,4,,UNRESOLVED_no_grounded_patents,0.0,0.0,0.0,0,0,BISPECIFIC,,,False,False
EGFR|PD-1-MMAE,ADC,UNRESOLVED,,ABSTAIN - no decisive readout,0,0.0,1,,UNRESOLVED_no_grounded_patents,0.0,0.0,0.0,0,0,,,,False,False
EGFR|PD-1|MET,MAB,UNRESOLVED,,ABSTAIN - no decisive readout,0,0.0,1,,UNRESOLVED_no_grounded_patents,0.0,0.0,0.0,0,0,,,,False,False
EGFR|PD-1|PD-L1,ADC,UNRESOLVED,,ABSTAIN - no decisive readout,0,0.0,5,,UNRESOLVED_no_grounded_patents,0.0,0.0,0.0,0,0,,,,False,False
EGFR|PD-1|PD-L1,MAB,UNRESOLVED,,ABSTAIN - no decisive readout,0,0.0,10,,UNRESOLVED_no_grounded_patents,0.0,0.0,0.0,0,0,,,,False,False
EGFR|PD-1|PD-L1,UNCLASSIFIED,UNRESOLVED,,ABSTAIN - no decisive readout,0,0.0,2,,UNRESOLVED_no_grounded_patents,0.0,0.0,0.0,0,0,,,,False,False
EGFR|PD-1|TCR,ADC,UNRESOLVED,,ABSTAIN - no decisive readout,0,0.0,1,,UNRESOLVED_no_grounded_patents,0.0,0.0,0.0,0,0,,,,False,False
EGFR|PD-1|VEGF,BISPECIFIC,UNRESOLVED,,ABSTAIN - no decisive readout,0,0.0,1,,UNRESOLVED_no_grounded_patents,0.0,0.0,0.0,0,0,,,,False,False
EGFR|PD-1|VEGF,MAB,UNRESOLVED,,ABSTAIN - no decisive readout,0,0.0,2,,UNRESOLVED_no_grounded_patents,0.0,0.0,0.0,0,0,,,,False,False
EGFR|PD-1|VEGF,UNCLASSIFIED,UNRESOLVED,,ABSTAIN - no decisive readout,0,0.0,1,,UNRESOLVED_no_grounded_patents,0.0,0.0,0.0,0,0,,,,False,False
EGFR|PTK7,ADC,UNRESOLVED,,ABSTAIN - no decisive readout,0,0.0,1,,UNRESOLVED_no_grounded_patents,0.0,0.0,0.0,0,0,,,,False,False
EGFR|TGF-BETA1,BISPECIFIC,UNRESOLVED,,ABSTAIN - no decisive readout,0,0.0,1,,UNRESOLVED_no_grounded_patents,0.0,0.0,0.0,0,0,,,,False,False
EGFR|TROP-2,ADC,UNRESOLVED,,ABSTAIN - no decisive readout,0,0.0,1,,UNRESOLVED_no_grounded_patents,0.0,0.0,0.0,0,0,,,,False,False
EGFR|TROP-2,CAR-T,UNRESOLVED,,ABSTAIN - no decisive readout,0,0.0,2,,UNRESOLVED_no_grounded_patents,0.0,0.0,0.0,0,0,,,,False,False
EGFR|TROP-2-KL610023,ADC,UNRESOLVED,,ABSTAIN - no decisive readout,0,0.0,2,,UNRESOLVED_no_grounded_patents,0.0,0.0,0.0,0,0,,,,False,False
EGFR|VEGFR2,MAB,UNRESOLVED,,ABSTAIN - no decisive readout,0,0.0,1,,UNRESOLVED_no_grounded_patents,0.0,0.0,0.0,0,0,,,,False,False
EGFR|VEGF|PD-L1|CTLA-4|PD-1,MAB,UNRESOLVED,,ABSTAIN - no decisive readout,0,0.0,1,,UNRESOLVED_no_grounded_patents,0.0,0.0,0.0,0,0,,,,False,False
EPCAM,BITE,UNRESOLVED,,ABSTAIN - no decisive readout,0,0.0,1,,UNRESOLVED_no_grounded_patents,0.0,0.0,0.0,0,0,BISPECIFIC|MAB,,,False,False
EPCAM,CAR-T,UNRESOLVED,,ABSTAIN - no decisive readout,0,0.0,8,,UNRESOLVED_no_grounded_patents,0.0,0.0,0.0,0,0,BISPECIFIC|MAB,,,False,False
EPCAM,MAB,UNRESOLVED,,ABSTAIN - no decisive readout,0,0.0,3,,UNRESOLVED_no_grounded_patents,0.0,0.0,0.0,0,0,BISPECIFIC|MAB,,,False,False
EPCAM,UNCLASSIFIED,UNRESOLVED,,ABSTAIN - no decisive readout,0,0.0,1,,UNRESOLVED_no_grounded_patents,0.0,0.0,0.0,0,0,BISPECIFIC|MAB,,,False,False
EPCAM|HER2|NECTIN4,CAR-T,UNRESOLVED,,ABSTAIN - no decisive readout,0,0.0,1,,UNRESOLVED_no_grounded_patents,0.0,0.0,0.0,0,0,,,,False,False
EPCAM|KRAS,UNCLASSIFIED,UNRESOLVED,,ABSTAIN - no decisive readout,0,0.0,1,,UNRESOLVED_no_grounded_patents,0.0,0.0,0.0,0,0,,,,False,False
EPCAM|TCR,UNCLASSIFIED,UNRESOLVED,,ABSTAIN - no decisive readout,0,0.0,1,,UNRESOLVED_no_grounded_patents,0.0,0.0,0.0,0,0,,,,False,False
EPCAM|TROP-2,UNCLASSIFIED,UNRESOLVED,,ABSTAIN - no decisive readout,0,0.0,1,,UNRESOLVED_no_grounded_patents,0.0,0.0,0.0,0,0,,,,False,False
EPCAM|VEGF,MAB,UNRESOLVED,,ABSTAIN - no decisive readout,0,0.0,1,,UNRESOLVED_no_grounded_patents,0.0,0.0,0.0,0,0,,,,False,False
EPHA2,CAR-T,UNRESOLVED,,ABSTAIN - no decisive readout,0,0.0,1,,UNRESOLVED_no_grounded_patents,0.0,0.0,0.0,0,0,MAB,,,False,False
EPHA2,OUT_OF_SCOPE,UNRESOLVED,,ABSTAIN - no decisive readout,0,0.0,1,,UNRESOLVED_no_grounded_patents,0.0,0.0,0.0,0,0,MAB,,,False,False
ER,ADC,UNRESOLVED,,ABSTAIN - no decisive readout,0,0.0,1,,UNRESOLVED_no_grounded_patents,0.0,0.0,0.0,0,0,,,,False,False
ER,PROTAC,UNRESOLVED,,ABSTAIN - no decisive readout,0,0.0,3,,UNRESOLVED_no_grounded_patents,0.0,0.0,0.0,0,0,,,,False,False
ERK2|ERK1,OUT_OF_SCOPE,UNRESOLVED,,ABSTAIN - no decisive readout,0,0.0,1,,UNRESOLVED_no_grounded_patents,0.0,0.0,0.0,0,0,,,,False,False
ER|FGFR,UNCLASSIFIED,UNRESOLVED,,ABSTAIN - no decisive readout,0,0.0,1,,UNRESOLVED_no_grounded_patents,0.0,0.0,0.0,0,0,,,,False,False
ER|HER2,ADC,UNRESOLVED,,ABSTAIN - no decisive readout,0,0.0,1,,UNRESOLVED_no_grounded_patents,0.0,0.0,0.0,0,0,,,,False,False
ER|HER2,BISPECIFIC,UNRESOLVED,,ABSTAIN - no decisive readout,0,0.0,1,,UNRESOLVED_no_grounded_patents,0.0,0.0,0.0,0,0,,,,False,False
ER|HER2,OUT_OF_SCOPE,UNRESOLVED,,ABSTAIN - no decisive readout,0,0.0,1,,UNRESOLVED_no_grounded_patents,0.0,0.0,0.0,0,0,,,,False,False
ER|HER2-TOP1I,ADC,UNRESOLVED,,ABSTAIN - no decisive readout,0,0.0,1,,UNRESOLVED_no_grounded_patents,0.0,0.0,0.0,0,0,,,,False,False
ER|HER2|LAG-3,UNCLASSIFIED,UNRESOLVED,,ABSTAIN - no decisive readout,0,0.0,1,,UNRESOLVED_no_grounded_patents,0.0,0.0,0.0,0,0,,,,False,False
ER|HER2|PD-1,MAB,UNRESOLVED,,ABSTAIN - no decisive readout,0,0.0,1,,UNRESOLVED_no_grounded_patents,0.0,0.0,0.0,0,0,,,,False,False
ER|HER2|PD-L1,MAB,UNRESOLVED,,ABSTAIN - no decisive readout,0,0.0,2,,UNRESOLVED_no_grounded_patents,0.0,0.0,0.0,0,0,,,,False,False
ER|HER3|HER2,MAB,UNRESOLVED,,ABSTAIN - no decisive readout,0,0.0,1,,UNRESOLVED_no_grounded_patents,0.0,0.0,0.0,0,0,,,,False,False
ER|PD-1,MAB,UNRESOLVED,,ABSTAIN - no decisive readout,0,0.0,1,,UNRESOLVED_no_grounded_patents,0.0,0.0,0.0,0,0,,,,False,False
ER|VEGF,MAB,UNRESOLVED,,ABSTAIN - no decisive readout,0,0.0,1,,UNRESOLVED_no_grounded_patents,0.0,0.0,0.0,0,0,,,,False,False
EZH2,MAB,UNRESOLVED,,ABSTAIN - no decisive readout,0,0.0,1,,UNRESOLVED_no_grounded_patents,0.0,0.0,0.0,0,0,ADC|MAB|PROTAC,,,False,False
EZH2|HER2|PD-1|PD-L1|VEGF,UNCLASSIFIED,UNRESOLVED,,ABSTAIN - no decisive readout,0,0.0,1,,UNRESOLVED_no_grounded_patents,0.0,0.0,0.0,0,0,,,,False,False
EZH2|PD-1,UNCLASSIFIED,UNRESOLVED,,ABSTAIN - no decisive readout,0,0.0,1,,UNRESOLVED_no_grounded_patents,0.0,0.0,0.0,0,0,,,,False,False
FACTOR H,MAB,UNRESOLVED,,ABSTAIN - no decisive readout,0,0.0,1,,UNRESOLVED_no_grounded_patents,0.0,0.0,0.0,0,0,,,,False,False
FAP,ADC,UNRESOLVED,,ABSTAIN - no decisive readout,0,0.0,2,,UNRESOLVED_no_grounded_patents,0.0,0.0,0.0,0,0,BISPECIFIC|MAB,,,False,False
FAP,CAR-T,UNRESOLVED,,ABSTAIN - no decisive readout,0,0.0,1,,UNRESOLVED_no_grounded_patents,0.0,0.0,0.0,0,0,BISPECIFIC|MAB,,,False,False
FAP,UNCLASSIFIED,UNRESOLVED,,ABSTAIN - no decisive readout,0,0.0,8,,UNRESOLVED_no_grounded_patents,0.0,0.0,0.0,0,0,BISPECIFIC|MAB,,,False,False
FAP|GPC3|NECTIN4|TROP-2,CAR-T,UNRESOLVED,,ABSTAIN - no decisive readout,0,0.0,1,,UNRESOLVED_no_grounded_patents,0.0,0.0,0.0,0,0,,,,False,False
FAP|HER2,CAR-T,UNRESOLVED,,ABSTAIN - no decisive readout,0,0.0,1,,UNRESOLVED_no_grounded_patents,0.0,0.0,0.0,0,0,,,,False,False
FAP|HER2,UNCLASSIFIED,UNRESOLVED,,ABSTAIN - no decisive readout,0,0.0,1,,UNRESOLVED_no_grounded_patents,0.0,0.0,0.0,0,0,,,,False,False
FAP|MESOTHELIN,CAR-T,UNRESOLVED,,ABSTAIN - no decisive readout,0,0.0,1,,UNRESOLVED_no_grounded_patents,0.0,0.0,0.0,0,0,,,,False,False
FAP|MESOTHELIN,UNCLASSIFIED,UNRESOLVED,,ABSTAIN - no decisive readout,0,0.0,1,,UNRESOLVED_no_grounded_patents,0.0,0.0,0.0,0,0,,,,False,False
FAP|MUC1,UNCLASSIFIED,UNRESOLVED,,ABSTAIN - no decisive readout,0,0.0,1,,UNRESOLVED_no_grounded_patents,0.0,0.0,0.0,0,0,,,,False,False
FAP|NECTIN4,CAR-T,UNRESOLVED,,ABSTAIN - no decisive readout,0,0.0,1,,UNRESOLVED_no_grounded_patents,0.0,0.0,0.0,0,0,,,,False,False
FAP|PD-1,MAB,UNRESOLVED,,ABSTAIN - no decisive readout,0,0.0,1,,UNRESOLVED_no_grounded_patents,0.0,0.0,0.0,0,0,,,,False,False
FAP|PD-1,UNCLASSIFIED,UNRESOLVED,,ABSTAIN - no decisive readout,0,0.0,1,,UNRESOLVED_no_grounded_patents,0.0,0.0,0.0,0,0,,,,False,False
FAP|TCR,UNCLASSIFIED,UNRESOLVED,,ABSTAIN - no decisive readout,0,0.0,1,,UNRESOLVED_no_grounded_patents,0.0,0.0,0.0,0,0,,,,False,False
FCRH5|CD3,BISPECIFIC,UNRESOLVED,,ABSTAIN - no decisive readout,0,0.0,1,,UNRESOLVED_no_grounded_patents,0.0,0.0,0.0,0,0,BISPECIFIC,,,False,False
FCRH5|CD3|BCMA,ADC,UNRESOLVED,,ABSTAIN - no decisive readout,0,0.0,1,,UNRESOLVED_no_grounded_patents,0.0,0.0,0.0,0,0,,,,False,False
FCRH5|CD3|CD38,MAB,UNRESOLVED,,ABSTAIN - no decisive readout,0,0.0,1,,UNRESOLVED_no_grounded_patents,0.0,0.0,0.0,0,0,,,,False,False
FGFR-TOP1I,ADC,UNRESOLVED,,ABSTAIN - no decisive readout,0,0.0,1,,UNRESOLVED_no_grounded_patents,0.0,0.0,0.0,0,0,,,,False,False
FGFR1,MAB,UNRESOLVED,,ABSTAIN - no decisive readout,0,0.0,1,,UNRESOLVED_no_grounded_patents,0.0,0.0,0.0,0,0,MAB,,,False,False
FGFR2-EXATECAN,ADC,UNRESOLVED,,ABSTAIN - no decisive readout,0,0.0,1,,UNRESOLVED_no_grounded_patents,0.0,0.0,0.0,0,0,,,,False,False
FGFR|HER2,UNCLASSIFIED,UNRESOLVED,,ABSTAIN - no decisive readout,0,0.0,1,,UNRESOLVED_no_grounded_patents,0.0,0.0,0.0,0,0,,,,False,False
FGFR|HER2-TOP1I,ADC,UNRESOLVED,,ABSTAIN - no decisive readout,0,0.0,1,,UNRESOLVED_no_grounded_patents,0.0,0.0,0.0,0,0,,,,False,False
FGFR|MAGE|PD-1|TCR,UNCLASSIFIED,UNRESOLVED,,ABSTAIN - no decisive readout,0,0.0,1,,UNRESOLVED_no_grounded_patents,0.0,0.0,0.0,0,0,,,,False,False
FGFR|PD-1,MAB,UNRESOLVED,,ABSTAIN - no decisive readout,0,0.0,1,,UNRESOLVED_no_grounded_patents,0.0,0.0,0.0,0,0,,,,False,False
FGFR|PD-1,UNCLASSIFIED,UNRESOLVED,,ABSTAIN - no decisive readout,0,0.0,1,,UNRESOLVED_no_grounded_patents,0.0,0.0,0.0,0,0,,,,False,False
FGFR|PD-1|PD-L1,MAB,UNRESOLVED,,ABSTAIN - no decisive readout,0,0.0,5,,UNRESOLVED_no_grounded_patents,0.0,0.0,0.0,0,0,,,,False,False
FGFR|PD-1|PD-L1,UNCLASSIFIED,UNRESOLVED,,ABSTAIN - no decisive readout,0,0.0,1,,UNRESOLVED_no_grounded_patents,0.0,0.0,0.0,0,0,,,,False,False
FGFR|PD-L1,MAB,UNRESOLVED,,ABSTAIN - no decisive readout,0,0.0,1,,UNRESOLVED_no_grounded_patents,0.0,0.0,0.0,0,0,,,,False,False
FGFR|VEGF,MAB,UNRESOLVED,,ABSTAIN - no decisive readout,0,0.0,1,,UNRESOLVED_no_grounded_patents,0.0,0.0,0.0,0,0,,,,False,False
FIBRONECTIN,MAB,UNRESOLVED,,ABSTAIN - no decisive readout,0,0.0,2,,UNRESOLVED_no_grounded_patents,0.0,0.0,0.0,0,0,MAB,,,False,False
FOLR1,UNCLASSIFIED,UNRESOLVED,,ABSTAIN - no decisive readout,0,0.0,6,,UNRESOLVED_no_grounded_patents,0.0,0.0,0.0,0,0,MAB,,,False,False
FOLR1-DM4,ADC,UNRESOLVED,,ABSTAIN - no decisive readout,0,0.0,1,,UNRESOLVED_no_grounded_patents,0.0,0.0,0.0,0,0,,,,False,False
FOLR1-EXATECAN,ADC,UNRESOLVED,,ABSTAIN - no decisive readout,0,0.0,3,,UNRESOLVED_no_grounded_patents,0.0,0.0,0.0,0,0,,,,False,False
FOLR1|HER2,UNCLASSIFIED,UNRESOLVED,,ABSTAIN - no decisive readout,0,0.0,1,,UNRESOLVED_no_grounded_patents,0.0,0.0,0.0,0,0,,,,False,False
FOLR1|HER2|VEGF-DXD,ADC,UNRESOLVED,,ABSTAIN - no decisive readout,0,0.0,1,,UNRESOLVED_no_grounded_patents,0.0,0.0,0.0,0,0,,,,False,False
FOLR1|MUC16|MESOTHELIN,CAR-T,UNRESOLVED,,ABSTAIN - no decisive readout,0,0.0,2,,UNRESOLVED_no_grounded_patents,0.0,0.0,0.0,0,0,,,,False,False
FOLR1|PD-1|VEGF,ADC,UNRESOLVED,,ABSTAIN - no decisive readout,0,0.0,1,,UNRESOLVED_no_grounded_patents,0.0,0.0,0.0,0,0,,,,False,False
FRA-SAMROTECAN,ADC,UNRESOLVED,,ABSTAIN - no decisive readout,0,0.0,1,,UNRESOLVED_no_grounded_patents,0.0,0.0,0.0,0,0,,,,False,False
GD2-EXATECAN,ADC,UNRESOLVED,,ABSTAIN - no decisive readout,0,0.0,1,,UNRESOLVED_no_grounded_patents,0.0,0.0,0.0,0,0,ADC,,,False,False
GD2|HER2,CAR-T,UNRESOLVED,,ABSTAIN - no decisive readout,0,0.0,1,,UNRESOLVED_no_grounded_patents,0.0,0.0,0.0,0,0,,,,False,False
GD2|MAGE|MUC1|MESOTHELIN,CAR-T,UNRESOLVED,,ABSTAIN - no decisive readout,0,0.0,1,,UNRESOLVED_no_grounded_patents,0.0,0.0,0.0,0,0,,,,False,False
GD2|MUC1|MESOTHELIN,CAR-T,UNRESOLVED,,ABSTAIN - no decisive readout,0,0.0,2,,UNRESOLVED_no_grounded_patents,0.0,0.0,0.0,0,0,,,,False,False
GD2|PD-1|PD-L1,CAR-T,UNRESOLVED,,ABSTAIN - no decisive readout,0,0.0,1,,UNRESOLVED_no_grounded_patents,0.0,0.0,0.0,0,0,,,,False,False
GD2|PD-L1,CAR-T,UNRESOLVED,,ABSTAIN - no decisive readout,0,0.0,1,,UNRESOLVED_no_grounded_patents,0.0,0.0,0.0,0,0,,,,False,False
GD2|PSMA,CAR-T,UNRESOLVED,,ABSTAIN - no decisive readout,0,0.0,1,,UNRESOLVED_no_grounded_patents,0.0,0.0,0.0,0,0,,,,False,False
GFRAL,MAB,UNRESOLVED,,ABSTAIN - no decisive readout,0,0.0,1,,UNRESOLVED_no_grounded_patents,0.0,0.0,0.0,0,0,MAB,,,False,False
GP100,UNCLASSIFIED,UNRESOLVED,,ABSTAIN - no decisive readout,0,0.0,2,,UNRESOLVED_no_grounded_patents,0.0,0.0,0.0,0,0,MAB,,,False,False
GPC3,MAB,UNRESOLVED,,ABSTAIN - no decisive readout,0,0.0,3,,UNRESOLVED_no_grounded_patents,0.0,0.0,0.0,0,0,ADC|BISPECIFIC|MAB,,,False,False
GPC3,UNCLASSIFIED,UNRESOLVED,,ABSTAIN - no decisive readout,0,0.0,6,,UNRESOLVED_no_grounded_patents,0.0,0.0,0.0,0,0,ADC|BISPECIFIC|MAB,,,False,False
GPC3-TOP1I,ADC,UNRESOLVED,,ABSTAIN - no decisive readout,0,0.0,2,,UNRESOLVED_no_grounded_patents,0.0,0.0,0.0,0,0,,,,False,False
GPC3|CD137,BISPECIFIC,UNRESOLVED,,ABSTAIN - no decisive readout,0,0.0,1,,UNRESOLVED_no_grounded_patents,0.0,0.0,0.0,0,0,BISPECIFIC,,,False,False
GPC3|CD3,BISPECIFIC,UNRESOLVED,,ABSTAIN - no decisive readout,0,0.0,1,,UNRESOLVED_no_grounded_patents,0.0,0.0,0.0,0,0,BISPECIFIC,,,False,False
GPC3|MESOTHELIN,UNCLASSIFIED,UNRESOLVED,,ABSTAIN - no decisive readout,0,0.0,1,,UNRESOLVED_no_grounded_patents,0.0,0.0,0.0,0,0,,,,False,False
GPC3|MESOTHELIN|PD-1,CAR-T,UNRESOLVED,,ABSTAIN - no decisive readout,0,0.0,1,,UNRESOLVED_no_grounded_patents,0.0,0.0,0.0,0,0,,,,False,False
GPC3|MUC1,BISPECIFIC,UNRESOLVED,,ABSTAIN - no decisive readout,0,0.0,1,,UNRESOLVED_no_grounded_patents,0.0,0.0,0.0,0,0,,,,False,False
GPC3|PD-1|VEGF,UNCLASSIFIED,UNRESOLVED,,ABSTAIN - no decisive readout,0,0.0,1,,UNRESOLVED_no_grounded_patents,0.0,0.0,0.0,0,0,,,,False,False
GPC3|TCR,UNCLASSIFIED,UNRESOLVED,,ABSTAIN - no decisive readout,0,0.0,1,,UNRESOLVED_no_grounded_patents,0.0,0.0,0.0,0,0,BISPECIFIC,,,False,False
GPNMB-AURISTATIN,ADC,UNRESOLVED,,ABSTAIN - no decisive readout,0,0.0,1,,UNRESOLVED_no_grounded_patents,0.0,0.0,0.0,0,0,,,,False,False
GPRC5D,BISPECIFIC,UNRESOLVED,,ABSTAIN - no decisive readout,0,0.0,1,,UNRESOLVED_no_grounded_patents,0.0,0.0,0.0,0,0,BISPECIFIC|MAB,,,False,False
GPRC5D,CAR-T,UNRESOLVED,,ABSTAIN - no decisive readout,0,0.0,11,,UNRESOLVED_no_grounded_patents,0.0,0.0,0.0,0,0,BISPECIFIC|MAB,,,False,False
GPRC5D,UNCLASSIFIED,UNRESOLVED,,ABSTAIN - no decisive readout,0,0.0,2,,UNRESOLVED_no_grounded_patents,0.0,0.0,0.0,0,0,BISPECIFIC|MAB,,,False,False
GPRC5D|CD3|BCMA,BISPECIFIC,UNRESOLVED,,ABSTAIN - no decisive readout,0,0.0,2,,UNRESOLVED_no_grounded_patents,0.0,0.0,0.0,0,0,,,,False,False
HER2,OUT_OF_SCOPE,UNRESOLVED,,ABSTAIN - no decisive readout,0,0.0,1,,UNRESOLVED_no_grounded_patents,0.0,0.0,0.0,0,0,ADC|BISPECIFIC|MAB,,,False,False
HER2,PROTAC,UNRESOLVED,,ABSTAIN - no decisive readout,0,0.0,1,,UNRESOLVED_no_grounded_patents,0.0,0.0,0.0,0,0,ADC|BISPECIFIC|MAB,,,False,False
HER2,UNCLASSIFIED,UNRESOLVED,0.0,FAILED / CONTESTED (late),52,1.0,447,,UNRESOLVED_no_grounded_patents,0.0,0.0,0.0,0,0,ADC|BISPECIFIC|MAB,,,False,True
HER2-EXATECAN,ADC,UNRESOLVED,,ABSTAIN - no decisive readout,0,0.0,1,,UNRESOLVED_no_grounded_patents,0.0,0.0,0.0,0,0,,,,False,False
HER2-KL610023,ADC,UNRESOLVED,,ABSTAIN - no decisive readout,0,0.0,1,,UNRESOLVED_no_grounded_patents,0.0,0.0,0.0,0,0,,,,False,False
HER2-MAYTANSINOID,ADC,UNRESOLVED,,ABSTAIN - no decisive readout,0,0.0,1,,UNRESOLVED_no_grounded_patents,0.0,0.0,0.0,0,0,,,,False,False
HER2|ALK|EGFR|PD-1,MAB,UNRESOLVED,,ABSTAIN - no decisive readout,0,0.0,1,,UNRESOLVED_no_grounded_patents,0.0,0.0,0.0,0,0,,,,False,False
HER2|ALK|PD-L1,MAB,UNRESOLVED,,ABSTAIN - no decisive readout,0,0.0,1,,UNRESOLVED_no_grounded_patents,0.0,0.0,0.0,0,0,,,,False,False
HER2|AR,MAB,UNRESOLVED,,ABSTAIN - no decisive readout,0,0.0,1,,UNRESOLVED_no_grounded_patents,0.0,0.0,0.0,0,0,,,,False,False
HER2|AXL|EGFR|HER3|IGF-1R,MAB,UNRESOLVED,,ABSTAIN - no decisive readout,0,0.0,1,,UNRESOLVED_no_grounded_patents,0.0,0.0,0.0,0,0,,,,False,False
HER2|BTK,MAB,UNRESOLVED,,ABSTAIN - no decisive readout,0,0.0,1,,UNRESOLVED_no_grounded_patents,0.0,0.0,0.0,0,0,,,,False,False
HER2|CD16|NKG2D,MULTISPECIFIC,UNRESOLVED,,ABSTAIN - no decisive readout,0,0.0,1,,UNRESOLVED_no_grounded_patents,0.0,0.0,0.0,0,0,,,,False,False
HER2|CD20,ADC,UNRESOLVED,,ABSTAIN - no decisive readout,0,0.0,1,,UNRESOLVED_no_grounded_patents,0.0,0.0,0.0,0,0,,,,False,False
HER2|CD3,BISPECIFIC,UNRESOLVED,,ABSTAIN - no decisive readout,0,0.0,2,,UNRESOLVED_no_grounded_patents,0.0,0.0,0.0,0,0,BISPECIFIC,,,False,False
HER2|CD47,BISPECIFIC,UNRESOLVED,,ABSTAIN - no decisive readout,0,0.0,1,,UNRESOLVED_no_grounded_patents,0.0,0.0,0.0,0,0,,,,False,False
HER2|CD47|ER|SIRP-ALPHA,ADC,UNRESOLVED,,ABSTAIN - no decisive readout,0,0.0,1,,UNRESOLVED_no_grounded_patents,0.0,0.0,0.0,0,0,,,,False,False
HER2|CD47|SIRP-ALPHA,ADC,UNRESOLVED,,ABSTAIN - no decisive readout,0,0.0,1,,UNRESOLVED_no_grounded_patents,0.0,0.0,0.0,0,0,,,,False,False
HER2|CD47|SIRP-ALPHA,BISPECIFIC,UNRESOLVED,,ABSTAIN - no decisive readout,0,0.0,1,,UNRESOLVED_no_grounded_patents,0.0,0.0,0.0,0,0,,,,False,False
HER2|CD47|SIRP-ALPHA,MAB,UNRESOLVED,,ABSTAIN - no decisive readout,0,0.0,1,,UNRESOLVED_no_grounded_patents,0.0,0.0,0.0,0,0,,,,False,False
HER2|CD70|TROP-2,ADC,UNRESOLVED,,ABSTAIN - no decisive readout,0,0.0,1,,UNRESOLVED_no_grounded_patents,0.0,0.0,0.0,0,0,,,,False,False
HER2|CLDN18.2|PD-1,MAB,UNRESOLVED,,ABSTAIN - no decisive readout,0,0.0,1,,UNRESOLVED_no_grounded_patents,0.0,0.0,0.0,0,0,,,,False,False
HER2|CLDN18.2|PD-L1,MAB,UNRESOLVED,,ABSTAIN - no decisive readout,0,0.0,1,,UNRESOLVED_no_grounded_patents,0.0,0.0,0.0,0,0,,,,False,False
HER2|CTLA-4|PD-1|ALK|EGFR|MET|VHL,MAB,UNRESOLVED,,ABSTAIN - no decisive readout,0,0.0,1,,UNRESOLVED_no_grounded_patents,0.0,0.0,0.0,0,0,,,,False,False
HER2|EGFR|CTLA-4|PD-1,MAB,UNRESOLVED,,ABSTAIN - no decisive readout,0,0.0,1,,UNRESOLVED_no_grounded_patents,0.0,0.0,0.0,0,0,,,,False,False
HER2|EGFR|FAP,MAB,UNRESOLVED,,ABSTAIN - no decisive readout,0,0.0,1,,UNRESOLVED_no_grounded_patents,0.0,0.0,0.0,0,0,,,,False,False
HER2|EGFR|HER3,ADC,UNRESOLVED,,ABSTAIN - no decisive readout,0,0.0,1,,UNRESOLVED_no_grounded_patents,0.0,0.0,0.0,0,0,,,,False,False
HER2|EGFR|KRAS,MAB,UNRESOLVED,,ABSTAIN - no decisive readout,0,0.0,1,,UNRESOLVED_no_grounded_patents,0.0,0.0,0.0,0,0,,,,False,False
HER2|EGFR|MET|PD-L1|PD-1|CTLA-4|KRAS,BISPECIFIC,UNRESOLVED,,ABSTAIN - no decisive readout,0,0.0,1,,UNRESOLVED_no_grounded_patents,0.0,0.0,0.0,0,0,,,,False,False
HER2|EGFR|VEGF,ADC,UNRESOLVED,,ABSTAIN - no decisive readout,0,0.0,1,,UNRESOLVED_no_grounded_patents,0.0,0.0,0.0,0,0,,,,False,False
HER2|EGFR|VEGF|PD-1,MAB,UNRESOLVED,,ABSTAIN - no decisive readout,0,0.0,1,,UNRESOLVED_no_grounded_patents,0.0,0.0,0.0,0,0,,,,False,False
HER2|ER|FGFR|KRAS,MAB,UNRESOLVED,,ABSTAIN - no decisive readout,0,0.0,1,,UNRESOLVED_no_grounded_patents,0.0,0.0,0.0,0,0,,,,False,False
HER2|FGFR|VEGF,ADC,UNRESOLVED,,ABSTAIN - no decisive readout,0,0.0,1,,UNRESOLVED_no_grounded_patents,0.0,0.0,0.0,0,0,,,,False,False
HER2|FOLR1,MAB,UNRESOLVED,,ABSTAIN - no decisive readout,0,0.0,1,,UNRESOLVED_no_grounded_patents,0.0,0.0,0.0,0,0,,,,False,False
HER2|HER3,ADC,UNRESOLVED,,ABSTAIN - no decisive readout,0,0.0,1,,UNRESOLVED_no_grounded_patents,0.0,0.0,0.0,0,0,BISPECIFIC,,,False,False
HER2|HER3|ER,BISPECIFIC,UNRESOLVED,,ABSTAIN - no decisive readout,0,0.0,1,,UNRESOLVED_no_grounded_patents,0.0,0.0,0.0,0,0,,,,False,False
HER2|HER3|KRAS,MAB,UNRESOLVED,,ABSTAIN - no decisive readout,0,0.0,1,,UNRESOLVED_no_grounded_patents,0.0,0.0,0.0,0,0,,,,False,False
HER2|HER3|NECTIN4|TROP-2,MAB,UNRESOLVED,,ABSTAIN - no decisive readout,0,0.0,1,,UNRESOLVED_no_grounded_patents,0.0,0.0,0.0,0,0,,,,False,False
HER2|IGF-1R,UNCLASSIFIED,UNRESOLVED,,ABSTAIN - no decisive readout,0,0.0,3,,UNRESOLVED_no_grounded_patents,0.0,0.0,0.0,0,0,,,,False,False
HER2|LAG-3|PD-1,BISPECIFIC,UNRESOLVED,,ABSTAIN - no decisive readout,0,0.0,1,,UNRESOLVED_no_grounded_patents,0.0,0.0,0.0,0,0,,,,False,False
HER2|LAG-3|PD-1,MAB,UNRESOLVED,,ABSTAIN - no decisive readout,0,0.0,1,,UNRESOLVED_no_grounded_patents,0.0,0.0,0.0,0,0,,,,False,False
HER2|LIV-1,MAB,UNRESOLVED,,ABSTAIN - no decisive readout,0,0.0,1,,UNRESOLVED_no_grounded_patents,0.0,0.0,0.0,0,0,,,,False,False
HER2|MET,UNCLASSIFIED,UNRESOLVED,,ABSTAIN - no decisive readout,0,0.0,1,,UNRESOLVED_no_grounded_patents,0.0,0.0,0.0,0,0,BISPECIFIC,,,False,False
HER2|MUC1,MAB,UNRESOLVED,,ABSTAIN - no decisive readout,0,0.0,1,,UNRESOLVED_no_grounded_patents,0.0,0.0,0.0,0,0,,,,False,False
HER2|MUC1|MESOTHELIN|ROR1,CAR-T,UNRESOLVED,,ABSTAIN - no decisive readout,0,0.0,2,,UNRESOLVED_no_grounded_patents,0.0,0.0,0.0,0,0,,,,False,False
HER2|NECTIN4-MMAE,ADC,UNRESOLVED,,ABSTAIN - no decisive readout,0,0.0,1,,UNRESOLVED_no_grounded_patents,0.0,0.0,0.0,0,0,,,,False,False
HER2|NECTIN4|PD-1|AR|FAP|TROP-2,ADC,UNRESOLVED,,ABSTAIN - no decisive readout,0,0.0,1,,UNRESOLVED_no_grounded_patents,0.0,0.0,0.0,0,0,,,,False,False
HER2|PD-1,UNCLASSIFIED,UNRESOLVED,,ABSTAIN - no decisive readout,0,0.0,6,,UNRESOLVED_no_grounded_patents,0.0,0.0,0.0,0,0,,,,False,False
HER2|PD-1-MMAE,ADC,UNRESOLVED,,ABSTAIN - no decisive readout,0,0.0,1,,UNRESOLVED_no_grounded_patents,0.0,0.0,0.0,0,0,,,,False,False
HER2|PD-1|PD-L1,UNCLASSIFIED,UNRESOLVED,,ABSTAIN - no decisive readout,0,0.0,2,,UNRESOLVED_no_grounded_patents,0.0,0.0,0.0,0,0,,,,False,False
HER2|PD-1|PD-L1|VEGF,BISPECIFIC,UNRESOLVED,,ABSTAIN - no decisive readout,0,0.0,1,,UNRESOLVED_no_grounded_patents,0.0,0.0,0.0,0,0,,,,False,False
HER2|PD-1|PD-L1|VEGF,UNCLASSIFIED,UNRESOLVED,,ABSTAIN - no decisive readout,0,0.0,1,,UNRESOLVED_no_grounded_patents,0.0,0.0,0.0,0,0,,,,False,False
HER2|PD-1|PD-L1|VEGF|VEGFR2|EGFR,ADC,UNRESOLVED,,ABSTAIN - no decisive readout,0,0.0,1,,UNRESOLVED_no_grounded_patents,0.0,0.0,0.0,0,0,,,,False,False
HER2|PD-1|VEGF,ADC,UNRESOLVED,,ABSTAIN - no decisive readout,0,0.0,2,,UNRESOLVED_no_grounded_patents,0.0,0.0,0.0,0,0,,,,False,False
HER2|PD-1|VEGF,BISPECIFIC,UNRESOLVED,,ABSTAIN - no decisive readout,0,0.0,1,,UNRESOLVED_no_grounded_patents,0.0,0.0,0.0,0,0,,,,False,False
HER2|PD-L1,CAR-T,UNRESOLVED,,ABSTAIN - no decisive readout,0,0.0,1,,UNRESOLVED_no_grounded_patents,0.0,0.0,0.0,0,0,BISPECIFIC,,,False,False
HER2|PD-L1,UNCLASSIFIED,UNRESOLVED,,ABSTAIN - no decisive readout,0,0.0,2,,UNRESOLVED_no_grounded_patents,0.0,0.0,0.0,0,0,BISPECIFIC,,,False,False
HER2|PD-L1-MMAE,ADC,UNRESOLVED,,ABSTAIN - no decisive readout,0,0.0,1,,UNRESOLVED_no_grounded_patents,0.0,0.0,0.0,0,0,,,,False,False
HER2|PD-L1-TOP1I,ADC,UNRESOLVED,,ABSTAIN - no decisive readout,0,0.0,4,,UNRESOLVED_no_grounded_patents,0.0,0.0,0.0,0,0,,,,False,False
HER2|PD-L1|ALK,ADC,UNRESOLVED,,ABSTAIN - no decisive readout,0,0.0,1,,UNRESOLVED_no_grounded_patents,0.0,0.0,0.0,0,0,,,,False,False
HER2|PD-L1|CD137,MAB,UNRESOLVED,,ABSTAIN - no decisive readout,0,0.0,1,,UNRESOLVED_no_grounded_patents,0.0,0.0,0.0,0,0,,,,False,False
HER2|PD-L1|CD73|PD-1,ADC,UNRESOLVED,,ABSTAIN - no decisive readout,0,0.0,1,,UNRESOLVED_no_grounded_patents,0.0,0.0,0.0,0,0,,,,False,False
HER2|PD-L1|CTLA-4|PD-1|ALK|EGFR|FGFR|MET,ADC,UNRESOLVED,,ABSTAIN - no decisive readout,0,0.0,1,,UNRESOLVED_no_grounded_patents,0.0,0.0,0.0,0,0,,,,False,False
HER2|PD-L1|CTLA-4|PD-1|EPCAM|FGFR|VHL,ADC,UNRESOLVED,,ABSTAIN - no decisive readout,0,0.0,1,,UNRESOLVED_no_grounded_patents,0.0,0.0,0.0,0,0,,,,False,False
HER2|PD-L1|ER,ADC,UNRESOLVED,,ABSTAIN - no decisive readout,0,0.0,1,,UNRESOLVED_no_grounded_patents,0.0,0.0,0.0,0,0,,,,False,False
HER2|PD-L1|TCR,ADC,UNRESOLVED,,ABSTAIN - no decisive readout,0,0.0,1,,UNRESOLVED_no_grounded_patents,0.0,0.0,0.0,0,0,,,,False,False
HER2|PD-L1|TIGIT|ALK,ADC,UNRESOLVED,,ABSTAIN - no decisive readout,0,0.0,1,,UNRESOLVED_no_grounded_patents,0.0,0.0,0.0,0,0,,,,False,False
HER2|PD-L1|TIGIT|VEGF|ER,ADC,UNRESOLVED,,ABSTAIN - no decisive readout,0,0.0,1,,UNRESOLVED_no_grounded_patents,0.0,0.0,0.0,0,0,,,,False,False
HER2|PD-L1|TROP-2,MAB,UNRESOLVED,,ABSTAIN - no decisive readout,0,0.0,2,,UNRESOLVED_no_grounded_patents,0.0,0.0,0.0,0,0,,,,False,False
HER2|PD-L1|VEGF|ALK|EGFR|EPCAM,ADC,UNRESOLVED,,ABSTAIN - no decisive readout,0,0.0,1,,UNRESOLVED_no_grounded_patents,0.0,0.0,0.0,0,0,,,,False,False
HER2|PD-L1|VEGF|ER,ADC,UNRESOLVED,,ABSTAIN - no decisive readout,0,0.0,1,,UNRESOLVED_no_grounded_patents,0.0,0.0,0.0,0,0,,,,False,False
HER2|ROR1,MAB,UNRESOLVED,,ABSTAIN - no decisive readout,0,0.0,1,,UNRESOLVED_no_grounded_patents,0.0,0.0,0.0,0,0,,,,False,False
HER2|TCR,UNCLASSIFIED,UNRESOLVED,,ABSTAIN - no decisive readout,0,0.0,1,,UNRESOLVED_no_grounded_patents,0.0,0.0,0.0,0,0,,,,False,False
HER2|TROP-2,UNCLASSIFIED,UNRESOLVED,,ABSTAIN - no decisive readout,0,0.0,1,,UNRESOLVED_no_grounded_patents,0.0,0.0,0.0,0,0,BISPECIFIC,,,False,False
HER2|TROP-2-REZETECAN,ADC,UNRESOLVED,,ABSTAIN - no decisive readout,0,0.0,1,,UNRESOLVED_no_grounded_patents,0.0,0.0,0.0,0,0,,,,False,False
HER2|TROP-2|NECTIN4,ADC,UNRESOLVED,,ABSTAIN - no decisive readout,0,0.0,1,,UNRESOLVED_no_grounded_patents,0.0,0.0,0.0,0,0,,,,False,False
HER2|TROP-2|PD-L1,ADC,UNRESOLVED,,ABSTAIN - no decisive readout,0,0.0,1,,UNRESOLVED_no_grounded_patents,0.0,0.0,0.0,0,0,,,,False,False
HER2|TROP-2|PD-L1|VEGF|CD40,ADC,UNRESOLVED,,ABSTAIN - no decisive readout,0,0.0,1,,UNRESOLVED_no_grounded_patents,0.0,0.0,0.0,0,0,,,,False,False
HER2|VEGF,BISPECIFIC,UNRESOLVED,,ABSTAIN - no decisive readout,0,0.0,1,,UNRESOLVED_no_grounded_patents,0.0,0.0,0.0,0,0,BISPECIFIC,,,False,False
HER2|VEGF,UNCLASSIFIED,UNRESOLVED,,ABSTAIN - no decisive readout,0,0.0,1,,UNRESOLVED_no_grounded_patents,0.0,0.0,0.0,0,0,BISPECIFIC,,,False,False
HER2|VEGFR2,ADC,UNRESOLVED,,ABSTAIN - no decisive readout,0,0.0,1,,UNRESOLVED_no_grounded_patents,0.0,0.0,0.0,0,0,,,,False,False
HER2|VEGFR2,BISPECIFIC,UNRESOLVED,,ABSTAIN - no decisive readout,0,0.0,1,,UNRESOLVED_no_grounded_patents,0.0,0.0,0.0,0,0,,,,False,False
HER2|VEGFR2|CD47|SIRP-ALPHA,MAB,UNRESOLVED,,ABSTAIN - no decisive readout,0,0.0,1,,UNRESOLVED_no_grounded_patents,0.0,0.0,0.0,0,0,,,,False,False
HER2|VEGFR2|PD-1,MAB,UNRESOLVED,,ABSTAIN - no decisive readout,0,0.0,1,,UNRESOLVED_no_grounded_patents,0.0,0.0,0.0,0,0,,,,False,False
HER2|VEGFR2|PD-L1,MAB,UNRESOLVED,,ABSTAIN - no decisive readout,0,0.0,1,,UNRESOLVED_no_grounded_patents,0.0,0.0,0.0,0,0,,,,False,False
HER2|VEGF|CTLA-4|PD-1,ADC,UNRESOLVED,,ABSTAIN - no decisive readout,0,0.0,1,,UNRESOLVED_no_grounded_patents,0.0,0.0,0.0,0,0,,,,False,False
HER2|VEGF|EGFR,MAB,UNRESOLVED,,ABSTAIN - no decisive readout,0,0.0,3,,UNRESOLVED_no_grounded_patents,0.0,0.0,0.0,0,0,,,,False,False
HER2|VEGF|EPCAM|CD3|EGFR,BISPECIFIC,UNRESOLVED,,ABSTAIN - no decisive readout,0,0.0,1,,UNRESOLVED_no_grounded_patents,0.0,0.0,0.0,0,0,,,,False,False
HER2|VEGF|ER,MAB,UNRESOLVED,,ABSTAIN - no decisive readout,0,0.0,1,,UNRESOLVED_no_grounded_patents,0.0,0.0,0.0,0,0,,,,False,False
HER2|VEGF|KRAS,MAB,UNRESOLVED,,ABSTAIN - no decisive readout,0,0.0,1,,UNRESOLVED_no_grounded_patents,0.0,0.0,0.0,0,0,,,,False,False
HER3-DXD,RADIOLIGAND,UNRESOLVED,,ABSTAIN - no decisive readout,0,0.0,1,,UNRESOLVED_no_grounded_patents,0.0,0.0,0.0,0,0,ADC,,,False,False
HER3-EXATECAN,ADC,UNRESOLVED,,ABSTAIN - no decisive readout,0,0.0,1,,UNRESOLVED_no_grounded_patents,0.0,0.0,0.0,0,0,ADC,,,False,False
HER3-TOP1I,ADC,UNRESOLVED,,ABSTAIN - no decisive readout,0,0.0,1,,UNRESOLVED_no_grounded_patents,0.0,0.0,0.0,0,0,,,,False,False
HER3-UNDISCLOSED,ADC,UNRESOLVED,,ABSTAIN - no decisive readout,0,0.0,1,,UNRESOLVED_no_grounded_patents,0.0,0.0,0.0,0,0,,,,False,False
HER3|EGFR,MAB,UNRESOLVED,,ABSTAIN - no decisive readout,0,0.0,1,,UNRESOLVED_no_grounded_patents,0.0,0.0,0.0,0,0,BISPECIFIC,,,False,False
HER3|EGFR|KRAS,ADC,UNRESOLVED,,ABSTAIN - no decisive readout,0,0.0,1,,UNRESOLVED_no_grounded_patents,0.0,0.0,0.0,0,0,,,,False,False
HER3|ER|HER2,ADC,UNRESOLVED,,ABSTAIN - no decisive readout,0,0.0,1,,UNRESOLVED_no_grounded_patents,0.0,0.0,0.0,0,0,,,,False,False
HER3|HER2,UNCLASSIFIED,UNRESOLVED,,ABSTAIN - no decisive readout,0,0.0,5,,UNRESOLVED_no_grounded_patents,0.0,0.0,0.0,0,0,BISPECIFIC,,,False,False
HER3|HER2-DXD,ADC,UNRESOLVED,,ABSTAIN - no decisive readout,0,0.0,2,,UNRESOLVED_no_grounded_patents,0.0,0.0,0.0,0,0,,,,False,False
HER3|HER2-TOP1I,ADC,UNRESOLVED,,ABSTAIN - no decisive readout,0,0.0,1,,UNRESOLVED_no_grounded_patents,0.0,0.0,0.0,0,0,,,,False,False
HER3|KRAS,MAB,UNRESOLVED,,ABSTAIN - no decisive readout,0,0.0,1,,UNRESOLVED_no_grounded_patents,0.0,0.0,0.0,0,0,,,,False,False
HER3|PD-1,BISPECIFIC,UNRESOLVED,,ABSTAIN - no decisive readout,0,0.0,1,,UNRESOLVED_no_grounded_patents,0.0,0.0,0.0,0,0,,,,False,False
HER3|PD-1|HER2,ADC,UNRESOLVED,,ABSTAIN - no decisive readout,0,0.0,1,,UNRESOLVED_no_grounded_patents,0.0,0.0,0.0,0,0,,,,False,False
HER3|PD-1|HER2|TCR|TROP-2,ADC,UNRESOLVED,,ABSTAIN - no decisive readout,0,0.0,1,,UNRESOLVED_no_grounded_patents,0.0,0.0,0.0,0,0,,,,False,False
HER3|PD-1|PD-L1,MAB,UNRESOLVED,,ABSTAIN - no decisive readout,0,0.0,3,,UNRESOLVED_no_grounded_patents,0.0,0.0,0.0,0,0,,,,False,False
HER3|PD-L1|VEGF-EXATECAN,ADC,UNRESOLVED,,ABSTAIN - no decisive readout,0,0.0,1,,UNRESOLVED_no_grounded_patents,0.0,0.0,0.0,0,0,,,,False,False
HER3|TROP-2,UNCLASSIFIED,UNRESOLVED,,ABSTAIN - no decisive readout,0,0.0,1,,UNRESOLVED_no_grounded_patents,0.0,0.0,0.0,0,0,,,,False,False
HER3|TROP-2-TOP1I,ADC,UNRESOLVED,,ABSTAIN - no decisive readout,0,0.0,1,,UNRESOLVED_no_grounded_patents,0.0,0.0,0.0,0,0,BISPECIFIC,,,False,False
HIF,UNCLASSIFIED,UNRESOLVED,,ABSTAIN - no decisive readout,0,0.0,1,,UNRESOLVED_no_grounded_patents,0.0,0.0,0.0,0,0,MAB,,,False,False
HIF|PD-1|VHL,MAB,UNRESOLVED,,ABSTAIN - no decisive readout,0,0.0,1,,UNRESOLVED_no_grounded_patents,0.0,0.0,0.0,0,0,,,,False,False
HIF|VEGF,MAB,UNRESOLVED,,ABSTAIN - no decisive readout,0,0.0,2,,UNRESOLVED_no_grounded_patents,0.0,0.0,0.0,0,0,,,,False,False
HLA-G,MAB,UNRESOLVED,,ABSTAIN - no decisive readout,0,0.0,1,,UNRESOLVED_no_grounded_patents,0.0,0.0,0.0,0,0,MAB,,,False,False
ICAM1,CAR-T,UNRESOLVED,,ABSTAIN - no decisive readout,0,0.0,1,,UNRESOLVED_no_grounded_patents,0.0,0.0,0.0,0,0,MAB,,,False,False
ICAM1|MUC1|PD-L1,UNCLASSIFIED,UNRESOLVED,,ABSTAIN - no decisive readout,0,0.0,1,,UNRESOLVED_no_grounded_patents,0.0,0.0,0.0,0,0,,,,False,False
IGF-1R|KRAS|VEGF,MAB,UNRESOLVED,,ABSTAIN - no decisive readout,0,0.0,1,,UNRESOLVED_no_grounded_patents,0.0,0.0,0.0,0,0,,,,False,False
IGF-1R|MESOTHELIN,UNCLASSIFIED,UNRESOLVED,,ABSTAIN - no decisive readout,0,0.0,1,,UNRESOLVED_no_grounded_patents,0.0,0.0,0.0,0,0,,,,False,False
IKZF2|IKZF4,OUT_OF_SCOPE,UNRESOLVED,,ABSTAIN - no decisive readout,0,0.0,1,,UNRESOLVED_no_grounded_patents,0.0,0.0,0.0,0,0,,,,False,False
IL-15RA,OUT_OF_SCOPE,UNRESOLVED,,ABSTAIN - no decisive readout,0,0.0,1,,UNRESOLVED_no_grounded_patents,0.0,0.0,0.0,0,0,,,,False,False
IL-1B,MAB,UNRESOLVED,,ABSTAIN - no decisive readout,0,0.0,1,,UNRESOLVED_no_grounded_patents,0.0,0.0,0.0,0,0,MAB,,,False,False
IL-2,MAB,UNRESOLVED,,ABSTAIN - no decisive readout,0,0.0,1,,UNRESOLVED_no_grounded_patents,0.0,0.0,0.0,0,0,MAB,,,False,False
IL-27,MAB,UNRESOLVED,,ABSTAIN - no decisive readout,0,0.0,1,,UNRESOLVED_no_grounded_patents,0.0,0.0,0.0,0,0,MAB,,,False,False
ITGA5,MAB,UNRESOLVED,,ABSTAIN - no decisive readout,0,0.0,1,,UNRESOLVED_no_grounded_patents,0.0,0.0,0.0,0,0,,,,False,False
ITPRIPL1,MAB,UNRESOLVED,,ABSTAIN - no decisive readout,0,0.0,1,,UNRESOLVED_no_grounded_patents,0.0,0.0,0.0,0,0,,,,False,False
KIT-MMAE,ADC,UNRESOLVED,,ABSTAIN - no decisive readout,0,0.0,1,,UNRESOLVED_no_grounded_patents,0.0,0.0,0.0,0,0,,,,False,False
KLK2,UNCLASSIFIED,UNRESOLVED,,ABSTAIN - no decisive readout,0,0.0,1,,UNRESOLVED_no_grounded_patents,0.0,0.0,0.0,0,0,MAB,,,False,False
KRAS,CAR-T,UNRESOLVED,,ABSTAIN - no decisive readout,0,0.0,1,,UNRESOLVED_no_grounded_patents,0.0,0.0,0.0,0,0,ADC|MAB,,,False,False
KRAS,OUT_OF_SCOPE,UNRESOLVED,,ABSTAIN - no decisive readout,0,0.0,6,,UNRESOLVED_no_grounded_patents,0.0,0.0,0.0,0,0,ADC|MAB,,,False,False
KRAS,PROTAC,UNRESOLVED,,ABSTAIN - no decisive readout,0,0.0,1,,UNRESOLVED_no_grounded_patents,0.0,0.0,0.0,0,0,ADC|MAB,,,False,False
KRAS|CD3,BITE,UNRESOLVED,,ABSTAIN - no decisive readout,0,0.0,1,,UNRESOLVED_no_grounded_patents,0.0,0.0,0.0,0,0,,,,False,False
KRAS|PD-1|PD-L1,MAB,UNRESOLVED,,ABSTAIN - no decisive readout,0,0.0,1,,UNRESOLVED_no_grounded_patents,0.0,0.0,0.0,0,0,,,,False,False
KRAS|PD-1|TCR,MAB,UNRESOLVED,,ABSTAIN - no decisive readout,0,0.0,1,,UNRESOLVED_no_grounded_patents,0.0,0.0,0.0,0,0,,,,False,False
KRAS|PD-L1,UNCLASSIFIED,UNRESOLVED,,ABSTAIN - no decisive readout,0,0.0,1,,UNRESOLVED_no_grounded_patents,0.0,0.0,0.0,0,0,,,,False,False
KRAS|TCR,UNCLASSIFIED,UNRESOLVED,,ABSTAIN - no decisive readout,0,0.0,1,,UNRESOLVED_no_grounded_patents,0.0,0.0,0.0,0,0,BISPECIFIC,,,False,False
LAG-3,UNCLASSIFIED,UNRESOLVED,,ABSTAIN - no decisive readout,0,0.0,2,,UNRESOLVED_no_grounded_patents,0.0,0.0,0.0,0,0,MAB,,,False,False
LAG-3|MUC16|PD-1|TIM-3,CAR-T,UNRESOLVED,,ABSTAIN - no decisive readout,0,0.0,1,,UNRESOLVED_no_grounded_patents,0.0,0.0,0.0,0,0,,,,False,False
LAG-3|PD-1|TCR,MAB,UNRESOLVED,,ABSTAIN - no decisive readout,0,0.0,1,,UNRESOLVED_no_grounded_patents,0.0,0.0,0.0,0,0,,,,False,False
LAG-3|PD-L1,UNCLASSIFIED,UNRESOLVED,,ABSTAIN - no decisive readout,0,0.0,1,,UNRESOLVED_no_grounded_patents,0.0,0.0,0.0,0,0,BISPECIFIC,,,False,False
LEWISY,MAB,UNRESOLVED,,ABSTAIN - no decisive readout,0,0.0,1,,UNRESOLVED_no_grounded_patents,0.0,0.0,0.0,0,0,MAB,,,False,False
LIF,MAB,UNRESOLVED,,ABSTAIN - no decisive readout,0,0.0,1,,UNRESOLVED_no_grounded_patents,0.0,0.0,0.0,0,0,MAB,,,False,False
LILRB2,MAB,UNRESOLVED,,ABSTAIN - no decisive readout,0,0.0,1,,UNRESOLVED_no_grounded_patents,0.0,0.0,0.0,0,0,MAB,,,False,False
LILRB2|PD-1,BISPECIFIC,UNRESOLVED,,ABSTAIN - no decisive readout,0,0.0,1,,UNRESOLVED_no_grounded_patents,0.0,0.0,0.0,0,0,,,,False,False
LIV-1,UNCLASSIFIED,UNRESOLVED,,ABSTAIN - no decisive readout,0,0.0,1,,UNRESOLVED_no_grounded_patents,0.0,0.0,0.0,0,0,MAB,,,False,False
LRRC15,MAB,UNRESOLVED,,ABSTAIN - no decisive readout,0,0.0,2,,UNRESOLVED_no_grounded_patents,0.0,0.0,0.0,0,0,BISPECIFIC|MAB,,,False,False
LRRC15,RADIOLIGAND,UNRESOLVED,,ABSTAIN - no decisive readout,0,0.0,1,,UNRESOLVED_no_grounded_patents,0.0,0.0,0.0,0,0,BISPECIFIC|MAB,,,False,False
LRRC15,UNCLASSIFIED,UNRESOLVED,,ABSTAIN - no decisive readout,0,0.0,1,,UNRESOLVED_no_grounded_patents,0.0,0.0,0.0,0,0,BISPECIFIC|MAB,,,False,False
LY6E-EXATECAN,ADC,UNRESOLVED,,ABSTAIN - no decisive readout,0,0.0,1,,UNRESOLVED_no_grounded_patents,0.0,0.0,0.0,0,0,,,,False,False
MAGE,UNCLASSIFIED,UNRESOLVED,,ABSTAIN - no decisive readout,0,0.0,8,,UNRESOLVED_no_grounded_patents,0.0,0.0,0.0,0,0,BISPECIFIC|MAB,,,False,False
MAGE-A1|CD3,BITE,UNRESOLVED,,ABSTAIN - no decisive readout,0,0.0,1,,UNRESOLVED_no_grounded_patents,0.0,0.0,0.0,0,0,,,,False,False
MAGE|MUC1|WT1,MAB,UNRESOLVED,,ABSTAIN - no decisive readout,0,0.0,1,,UNRESOLVED_no_grounded_patents,0.0,0.0,0.0,0,0,,,,False,False
MAGE|PD-1|PD-L1,UNCLASSIFIED,UNRESOLVED,,ABSTAIN - no decisive readout,0,0.0,1,,UNRESOLVED_no_grounded_patents,0.0,0.0,0.0,0,0,,,,False,False
MESOTHELIN-PE38,ADC,UNRESOLVED,,ABSTAIN - no decisive readout,0,0.0,1,,UNRESOLVED_no_grounded_patents,0.0,0.0,0.0,0,0,,,,False,False
MESOTHELIN|CD47,BISPECIFIC,UNRESOLVED,,ABSTAIN - no decisive readout,0,0.0,1,,UNRESOLVED_no_grounded_patents,0.0,0.0,0.0,0,0,,,,False,False
MESOTHELIN|EGFR|HER2,CAR-T,UNRESOLVED,,ABSTAIN - no decisive readout,0,0.0,1,,UNRESOLVED_no_grounded_patents,0.0,0.0,0.0,0,0,,,,False,False
MESOTHELIN|PD-1,CAR-T,UNRESOLVED,,ABSTAIN - no decisive readout,0,0.0,1,,UNRESOLVED_no_grounded_patents,0.0,0.0,0.0,0,0,,,,False,False
MET,BISPECIFIC,UNRESOLVED,,ABSTAIN - no decisive readout,0,0.0,1,,UNRESOLVED_no_grounded_patents,0.0,0.0,0.0,0,0,ADC|BISPECIFIC|MAB,,,False,False
MET-DUOCARMYCIN,ADC,UNRESOLVED,,ABSTAIN - no decisive readout,0,0.0,1,,UNRESOLVED_no_grounded_patents,0.0,0.0,0.0,0,0,,,,False,False
MET|EGFR,MAB,UNRESOLVED,,ABSTAIN - no decisive readout,0,0.0,1,,UNRESOLVED_no_grounded_patents,0.0,0.0,0.0,0,0,,,,False,False
MET|PD-1|EGFR,ADC,UNRESOLVED,,ABSTAIN - no decisive readout,0,0.0,1,,UNRESOLVED_no_grounded_patents,0.0,0.0,0.0,0,0,,,,False,False
MICA|MICB,MAB,UNRESOLVED,,ABSTAIN - no decisive readout,0,0.0,1,,UNRESOLVED_no_grounded_patents,0.0,0.0,0.0,0,0,MAB,,,False,False
MUC1,ADC,UNRESOLVED,,ABSTAIN - no decisive readout,0,0.0,1,,UNRESOLVED_no_grounded_patents,0.0,0.0,0.0,0,0,ADC|MAB,,,False,False
MUC1,CAR-T,UNRESOLVED,,ABSTAIN - no decisive readout,0,0.0,9,,UNRESOLVED_no_grounded_patents,0.0,0.0,0.0,0,0,ADC|MAB,,,False,False
MUC1,OUT_OF_SCOPE,UNRESOLVED,,ABSTAIN - no decisive readout,0,0.0,1,,UNRESOLVED_no_grounded_patents,0.0,0.0,0.0,0,0,ADC|MAB,,,False,False
MUC1,UNCLASSIFIED,UNRESOLVED,,ABSTAIN - no decisive readout,0,0.0,9,,UNRESOLVED_no_grounded_patents,0.0,0.0,0.0,0,0,ADC|MAB,,,False,False
MUC16,CAR-T,UNRESOLVED,,ABSTAIN - no decisive readout,0,0.0,3,,UNRESOLVED_no_grounded_patents,0.0,0.0,0.0,0,0,BISPECIFIC|MAB,,,False,False
MUC16|CD3,BISPECIFIC,UNRESOLVED,,ABSTAIN - no decisive readout,0,0.0,1,,UNRESOLVED_no_grounded_patents,0.0,0.0,0.0,0,0,BISPECIFIC,,,False,False
MUC16|PD-1,MAB,UNRESOLVED,,ABSTAIN - no decisive readout,0,0.0,1,,UNRESOLVED_no_grounded_patents,0.0,0.0,0.0,0,0,BISPECIFIC,,,False,False
MUC16|VEGF,MAB,UNRESOLVED,,ABSTAIN - no decisive readout,0,0.0,2,,UNRESOLVED_no_grounded_patents,0.0,0.0,0.0,0,0,,,,False,False
MUC16|VEGF,UNCLASSIFIED,UNRESOLVED,,ABSTAIN - no decisive readout,0,0.0,1,,UNRESOLVED_no_grounded_patents,0.0,0.0,0.0,0,0,,,,False,False
MUC1|CD40,BISPECIFIC,UNRESOLVED,,ABSTAIN - no decisive readout,0,0.0,1,,UNRESOLVED_no_grounded_patents,0.0,0.0,0.0,0,0,,,,False,False
MUC1|MESOTHELIN,CAR-T,UNRESOLVED,,ABSTAIN - no decisive readout,0,0.0,1,,UNRESOLVED_no_grounded_patents,0.0,0.0,0.0,0,0,,,,False,False
MUC1|MESOTHELIN|PD-1,BISPECIFIC,UNRESOLVED,,ABSTAIN - no decisive readout,0,0.0,1,,UNRESOLVED_no_grounded_patents,0.0,0.0,0.0,0,0,,,,False,False
MUC1|MUC16,CAR-T,UNRESOLVED,,ABSTAIN - no decisive readout,0,0.0,1,,UNRESOLVED_no_grounded_patents,0.0,0.0,0.0,0,0,,,,False,False
MUC1|PD-1,MAB,UNRESOLVED,,ABSTAIN - no decisive readout,0,0.0,1,,UNRESOLVED_no_grounded_patents,0.0,0.0,0.0,0,0,,,,False,False
MUC1|PD-1|PD-L1,MAB,UNRESOLVED,,ABSTAIN - no decisive readout,0,0.0,1,,UNRESOLVED_no_grounded_patents,0.0,0.0,0.0,0,0,,,,False,False
NAPI2B-EXATECAN,ADC,UNRESOLVED,,ABSTAIN - no decisive readout,0,0.0,1,,UNRESOLVED_no_grounded_patents,0.0,0.0,0.0,0,0,,,,False,False
NECTIN4,CAR-T,UNRESOLVED,,ABSTAIN - no decisive readout,0,0.0,2,,UNRESOLVED_no_grounded_patents,0.0,0.0,0.0,0,0,BISPECIFIC|MAB,,,False,False
NECTIN4,UNCLASSIFIED,UNRESOLVED,,ABSTAIN - no decisive readout,0,0.0,4,,UNRESOLVED_no_grounded_patents,0.0,0.0,0.0,0,0,BISPECIFIC|MAB,,,False,False
NECTIN4-EXATECAN,ADC,UNRESOLVED,,ABSTAIN - no decisive readout,0,0.0,3,,UNRESOLVED_no_grounded_patents,0.0,0.0,0.0,0,0,ADC,,,False,False
NECTIN4-TOP1I,ADC,UNRESOLVED,,ABSTAIN - no decisive readout,0,0.0,2,,UNRESOLVED_no_grounded_patents,0.0,0.0,0.0,0,0,,,,False,False
NECTIN4|CD47|SIRP-ALPHA,ADC,UNRESOLVED,,ABSTAIN - no decisive readout,0,0.0,1,,UNRESOLVED_no_grounded_patents,0.0,0.0,0.0,0,0,,,,False,False
NECTIN4|CD73|HER2|TROP-2,ADC,UNRESOLVED,,ABSTAIN - no decisive readout,0,0.0,1,,UNRESOLVED_no_grounded_patents,0.0,0.0,0.0,0,0,,,,False,False
NECTIN4|CTLA-4|PD-L1,ADC,UNRESOLVED,,ABSTAIN - no decisive readout,0,0.0,1,,UNRESOLVED_no_grounded_patents,0.0,0.0,0.0,0,0,,,,False,False
NECTIN4|FGFR,ADC,UNRESOLVED,,ABSTAIN - no decisive readout,0,0.0,1,,UNRESOLVED_no_grounded_patents,0.0,0.0,0.0,0,0,,,,False,False
NECTIN4|HER2|PD-1,ADC,UNRESOLVED,,ABSTAIN - no decisive readout,0,0.0,1,,UNRESOLVED_no_grounded_patents,0.0,0.0,0.0,0,0,,,,False,False
NECTIN4|PD-1-MMAE,ADC,UNRESOLVED,,ABSTAIN - no decisive readout,0,0.0,2,,UNRESOLVED_no_grounded_patents,0.0,0.0,0.0,0,0,,,,False,False
NECTIN4|PD-1|CTLA-4|AXL,ADC,UNRESOLVED,,ABSTAIN - no decisive readout,0,0.0,1,,UNRESOLVED_no_grounded_patents,0.0,0.0,0.0,0,0,,,,False,False
NECTIN4|PD-1|PD-L1,ADC,UNRESOLVED,,ABSTAIN - no decisive readout,0,0.0,1,,UNRESOLVED_no_grounded_patents,0.0,0.0,0.0,0,0,,,,False,False
NECTIN4|PD-1|TROP-2,ADC,UNRESOLVED,,ABSTAIN - no decisive readout,0,0.0,1,,UNRESOLVED_no_grounded_patents,0.0,0.0,0.0,0,0,,,,False,False
NECTIN4|PD-1|TROP-2|VEGF,ADC,UNRESOLVED,,ABSTAIN - no decisive readout,0,0.0,1,,UNRESOLVED_no_grounded_patents,0.0,0.0,0.0,0,0,,,,False,False
NECTIN4|PD-1|VEGF,ADC,UNRESOLVED,,ABSTAIN - no decisive readout,0,0.0,1,,UNRESOLVED_no_grounded_patents,0.0,0.0,0.0,0,0,,,,False,False
NECTIN4|PD-L1,ADC,UNRESOLVED,,ABSTAIN - no decisive readout,0,0.0,1,,UNRESOLVED_no_grounded_patents,0.0,0.0,0.0,0,0,,,,False,False
NECTIN4|TROP-2,ADC,UNRESOLVED,,ABSTAIN - no decisive readout,0,0.0,3,,UNRESOLVED_no_grounded_patents,0.0,0.0,0.0,0,0,BISPECIFIC,,,False,False
NKG2A|EGFR,MAB,UNRESOLVED,,ABSTAIN - no decisive readout,0,0.0,1,,UNRESOLVED_no_grounded_patents,0.0,0.0,0.0,0,0,,,,False,False
NKG2A|HER2,MAB,UNRESOLVED,,ABSTAIN - no decisive readout,0,0.0,1,,UNRESOLVED_no_grounded_patents,0.0,0.0,0.0,0,0,,,,False,False
NKG2A|PD-L1,MAB,UNRESOLVED,,ABSTAIN - no decisive readout,0,0.0,2,,UNRESOLVED_no_grounded_patents,0.0,0.0,0.0,0,0,,,,False,False
NKG2A|PD-L1|CD73,MAB,UNRESOLVED,,ABSTAIN - no decisive readout,0,0.0,2,,UNRESOLVED_no_grounded_patents,0.0,0.0,0.0,0,0,,,,False,False
NKG2A|PD-L1|MET|PD-1,MAB,UNRESOLVED,,ABSTAIN - no decisive readout,0,0.0,1,,UNRESOLVED_no_grounded_patents,0.0,0.0,0.0,0,0,,,,False,False
NKG2A|PD-L1|TROP-2,ADC,UNRESOLVED,,ABSTAIN - no decisive readout,0,0.0,1,,UNRESOLVED_no_grounded_patents,0.0,0.0,0.0,0,0,,,,False,False
NKG2D,UNCLASSIFIED,UNRESOLVED,,ABSTAIN - no decisive readout,0,0.0,3,,UNRESOLVED_no_grounded_patents,0.0,0.0,0.0,0,0,MAB,,,False,False
NKG2D|PD-1,MAB,UNRESOLVED,,ABSTAIN - no decisive readout,0,0.0,2,,UNRESOLVED_no_grounded_patents,0.0,0.0,0.0,0,0,,,,False,False
NKG2D|TCR,UNCLASSIFIED,UNRESOLVED,,ABSTAIN - no decisive readout,0,0.0,1,,UNRESOLVED_no_grounded_patents,0.0,0.0,0.0,0,0,,,,False,False
P38ALPHA|TIE2|PD-1,OUT_OF_SCOPE,UNRESOLVED,,ABSTAIN - no decisive readout,0,0.0,1,,UNRESOLVED_no_grounded_patents,0.0,0.0,0.0,0,0,,,,False,False
P53,OUT_OF_SCOPE,UNRESOLVED,,ABSTAIN - no decisive readout,0,0.0,1,,UNRESOLVED_no_grounded_patents,0.0,0.0,0.0,0,0,MAB,,,False,False
PARP1,OUT_OF_SCOPE,UNRESOLVED,,ABSTAIN - no decisive readout,0,0.0,1,,UNRESOLVED_no_grounded_patents,0.0,0.0,0.0,0,0,,,,False,False
PCSK9,MAB,UNRESOLVED,,ABSTAIN - no decisive readout,0,0.0,1,,UNRESOLVED_no_grounded_patents,0.0,0.0,0.0,0,0,MAB,,,False,False
PCSK9,OUT_OF_SCOPE,UNRESOLVED,,ABSTAIN - no decisive readout,0,0.0,1,,UNRESOLVED_no_grounded_patents,0.0,0.0,0.0,0,0,MAB,,,False,False
PD-1-AURISTATIN,ADC,UNRESOLVED,,ABSTAIN - no decisive readout,0,0.0,1,,UNRESOLVED_no_grounded_patents,0.0,0.0,0.0,0,0,,,,False,False
PD-1-DM4,ADC,UNRESOLVED,,ABSTAIN - no decisive readout,0,0.0,1,,UNRESOLVED_no_grounded_patents,0.0,0.0,0.0,0,0,ADC,,,False,False
PD-1-KL610023,ADC,UNRESOLVED,,ABSTAIN - no decisive readout,0,0.0,1,,UNRESOLVED_no_grounded_patents,0.0,0.0,0.0,0,0,,,,False,False
PD-1-TOP1I,ADC,UNRESOLVED,,ABSTAIN - no decisive readout,0,0.0,1,,UNRESOLVED_no_grounded_patents,0.0,0.0,0.0,0,0,,,,False,False
PD-1|5T4|CD3,MAB,UNRESOLVED,,ABSTAIN - no decisive readout,0,0.0,1,,UNRESOLVED_no_grounded_patents,0.0,0.0,0.0,0,0,,,,False,False
PD-1|ALK|B7-H3|CTLA-4|EGFR|HER3|PD-L1|VEGF,BISPECIFIC,UNRESOLVED,,ABSTAIN - no decisive readout,0,0.0,1,,UNRESOLVED_no_grounded_patents,0.0,0.0,0.0,0,0,,,,False,False
PD-1|ALK|B7-H3|CTLA-4|EGFR|HER3|PD-L1|VEGF,OUT_OF_SCOPE,UNRESOLVED,,ABSTAIN - no decisive readout,0,0.0,1,,UNRESOLVED_no_grounded_patents,0.0,0.0,0.0,0,0,,,,False,False
PD-1|ALK|BCL-2,MAB,UNRESOLVED,,ABSTAIN - no decisive readout,0,0.0,1,,UNRESOLVED_no_grounded_patents,0.0,0.0,0.0,0,0,,,,False,False
PD-1|ALK|BCL-2|CD47|SIRP-ALPHA,MAB,UNRESOLVED,,ABSTAIN - no decisive readout,0,0.0,1,,UNRESOLVED_no_grounded_patents,0.0,0.0,0.0,0,0,,,,False,False
PD-1|ALK|CD73|EGFR|PD-L1,MAB,UNRESOLVED,,ABSTAIN - no decisive readout,0,0.0,1,,UNRESOLVED_no_grounded_patents,0.0,0.0,0.0,0,0,,,,False,False
PD-1|ALK|EGFR|HER2,CAR-T,UNRESOLVED,,ABSTAIN - no decisive readout,0,0.0,1,,UNRESOLVED_no_grounded_patents,0.0,0.0,0.0,0,0,,,,False,False
PD-1|ALK|EGFR|MET,MAB,UNRESOLVED,,ABSTAIN - no decisive readout,0,0.0,1,,UNRESOLVED_no_grounded_patents,0.0,0.0,0.0,0,0,,,,False,False
PD-1|ALK|EGFR|VEGF,MAB,UNRESOLVED,,ABSTAIN - no decisive readout,0,0.0,1,,UNRESOLVED_no_grounded_patents,0.0,0.0,0.0,0,0,,,,False,False
PD-1|ALK|PD-L1,MAB,UNRESOLVED,,ABSTAIN - no decisive readout,0,0.0,1,,UNRESOLVED_no_grounded_patents,0.0,0.0,0.0,0,0,,,,False,False
PD-1|ANG2,MAB,UNRESOLVED,,ABSTAIN - no decisive readout,0,0.0,2,,UNRESOLVED_no_grounded_patents,0.0,0.0,0.0,0,0,,,,False,False
PD-1|AR-SN38,ADC,UNRESOLVED,,ABSTAIN - no decisive readout,0,0.0,1,,UNRESOLVED_no_grounded_patents,0.0,0.0,0.0,0,0,,,,False,False
PD-1|AR|BET|BRD4,MAB,UNRESOLVED,,ABSTAIN - no decisive readout,0,0.0,1,,UNRESOLVED_no_grounded_patents,0.0,0.0,0.0,0,0,,,,False,False
PD-1|AR|ER|HER2|TCR,MAB,UNRESOLVED,,ABSTAIN - no decisive readout,0,0.0,1,,UNRESOLVED_no_grounded_patents,0.0,0.0,0.0,0,0,,,,False,False
PD-1|B7-H3,ADC,UNRESOLVED,,ABSTAIN - no decisive readout,0,0.0,1,,UNRESOLVED_no_grounded_patents,0.0,0.0,0.0,0,0,,,,False,False
PD-1|B7-H3-DXD,ADC,UNRESOLVED,,ABSTAIN - no decisive readout,0,0.0,1,,UNRESOLVED_no_grounded_patents,0.0,0.0,0.0,0,0,,,,False,False
PD-1|B7-H3-TOP1I,ADC,UNRESOLVED,,ABSTAIN - no decisive readout,0,0.0,1,,UNRESOLVED_no_grounded_patents,0.0,0.0,0.0,0,0,,,,False,False
PD-1|B7-H3|CD137|CD19,MAB,UNRESOLVED,,ABSTAIN - no decisive readout,0,0.0,1,,UNRESOLVED_no_grounded_patents,0.0,0.0,0.0,0,0,,,,False,False
PD-1|B7-H3|CD3,BISPECIFIC,UNRESOLVED,,ABSTAIN - no decisive readout,0,0.0,1,,UNRESOLVED_no_grounded_patents,0.0,0.0,0.0,0,0,,,,False,False
PD-1|BRAF,MAB,UNRESOLVED,,ABSTAIN - no decisive readout,0,0.0,1,,UNRESOLVED_no_grounded_patents,0.0,0.0,0.0,0,0,,,,False,False
PD-1|BTK|CD137|CD19,MAB,UNRESOLVED,,ABSTAIN - no decisive readout,0,0.0,1,,UNRESOLVED_no_grounded_patents,0.0,0.0,0.0,0,0,,,,False,False
PD-1|CD137,BISPECIFIC,UNRESOLVED,,ABSTAIN - no decisive readout,0,0.0,1,,UNRESOLVED_no_grounded_patents,0.0,0.0,0.0,0,0,BISPECIFIC,,,False,False
PD-1|CD137,MAB,UNRESOLVED,,ABSTAIN - no decisive readout,0,0.0,5,,UNRESOLVED_no_grounded_patents,0.0,0.0,0.0,0,0,BISPECIFIC,,,False,False
PD-1|CD137|PD-L1,MAB,UNRESOLVED,,ABSTAIN - no decisive readout,0,0.0,2,,UNRESOLVED_no_grounded_patents,0.0,0.0,0.0,0,0,,,,False,False
PD-1|CD137|PSMA,BISPECIFIC,UNRESOLVED,,ABSTAIN - no decisive readout,0,0.0,1,,UNRESOLVED_no_grounded_patents,0.0,0.0,0.0,0,0,,,,False,False
PD-1|CD16,MAB,UNRESOLVED,,ABSTAIN - no decisive readout,0,0.0,1,,UNRESOLVED_no_grounded_patents,0.0,0.0,0.0,0,0,,,,False,False
PD-1|CD19|CD20,MAB,UNRESOLVED,,ABSTAIN - no decisive readout,0,0.0,1,,UNRESOLVED_no_grounded_patents,0.0,0.0,0.0,0,0,,,,False,False
PD-1|CD19|CD3,BISPECIFIC,UNRESOLVED,,ABSTAIN - no decisive readout,0,0.0,2,,UNRESOLVED_no_grounded_patents,0.0,0.0,0.0,0,0,,,,False,False
PD-1|CD20|ALK,MAB,UNRESOLVED,,ABSTAIN - no decisive readout,0,0.0,1,,UNRESOLVED_no_grounded_patents,0.0,0.0,0.0,0,0,,,,False,False
PD-1|CD20|BTK,MAB,UNRESOLVED,,ABSTAIN - no decisive readout,0,0.0,2,,UNRESOLVED_no_grounded_patents,0.0,0.0,0.0,0,0,,,,False,False
PD-1|CD20|BTK|CD79B,MAB,UNRESOLVED,,ABSTAIN - no decisive readout,0,0.0,1,,UNRESOLVED_no_grounded_patents,0.0,0.0,0.0,0,0,,,,False,False
PD-1|CD20|CD47|PD-L1,MAB,UNRESOLVED,,ABSTAIN - no decisive readout,0,0.0,1,,UNRESOLVED_no_grounded_patents,0.0,0.0,0.0,0,0,,,,False,False
PD-1|CD20|CRBN,MAB,UNRESOLVED,,ABSTAIN - no decisive readout,0,0.0,1,,UNRESOLVED_no_grounded_patents,0.0,0.0,0.0,0,0,,,,False,False
PD-1|CD25|CTLA-4|LAG-3,OUT_OF_SCOPE,UNRESOLVED,,ABSTAIN - no decisive readout,0,0.0,1,,UNRESOLVED_no_grounded_patents,0.0,0.0,0.0,0,0,,,,False,False
PD-1|CD25|CTLA-4|PD-L1,BISPECIFIC,UNRESOLVED,,ABSTAIN - no decisive readout,0,0.0,1,,UNRESOLVED_no_grounded_patents,0.0,0.0,0.0,0,0,,,,False,False
PD-1|CD28|HER2,MAB,UNRESOLVED,,ABSTAIN - no decisive readout,0,0.0,1,,UNRESOLVED_no_grounded_patents,0.0,0.0,0.0,0,0,,,,False,False
PD-1|CD28|NECTIN4,MAB,UNRESOLVED,,ABSTAIN - no decisive readout,0,0.0,1,,UNRESOLVED_no_grounded_patents,0.0,0.0,0.0,0,0,,,,False,False
PD-1|CD30,CAR-T,UNRESOLVED,,ABSTAIN - no decisive readout,0,0.0,2,,UNRESOLVED_no_grounded_patents,0.0,0.0,0.0,0,0,,,,False,False
PD-1|CD33,MAB,UNRESOLVED,,ABSTAIN - no decisive readout,0,0.0,2,,UNRESOLVED_no_grounded_patents,0.0,0.0,0.0,0,0,,,,False,False
PD-1|CD40|HER2,MAB,UNRESOLVED,,ABSTAIN - no decisive readout,0,0.0,1,,UNRESOLVED_no_grounded_patents,0.0,0.0,0.0,0,0,,,,False,False
PD-1|CD40|TCR,MAB,UNRESOLVED,,ABSTAIN - no decisive readout,0,0.0,1,,UNRESOLVED_no_grounded_patents,0.0,0.0,0.0,0,0,,,,False,False
PD-1|CD47|CLDN18.2|SIRP-ALPHA,BISPECIFIC,UNRESOLVED,,ABSTAIN - no decisive readout,0,0.0,1,,UNRESOLVED_no_grounded_patents,0.0,0.0,0.0,0,0,,,,False,False
PD-1|CD47|MESOTHELIN|SIRP-ALPHA,MAB,UNRESOLVED,,ABSTAIN - no decisive readout,0,0.0,1,,UNRESOLVED_no_grounded_patents,0.0,0.0,0.0,0,0,,,,False,False
PD-1|CD47|PD-L1|SIRP-ALPHA|VEGF,MAB,UNRESOLVED,,ABSTAIN - no decisive readout,0,0.0,1,,UNRESOLVED_no_grounded_patents,0.0,0.0,0.0,0,0,,,,False,False
PD-1|CD47|PD-L1|VEGF,BISPECIFIC,UNRESOLVED,,ABSTAIN - no decisive readout,0,0.0,1,,UNRESOLVED_no_grounded_patents,0.0,0.0,0.0,0,0,,,,False,False
PD-1|CD47|SIRP-ALPHA,MAB,UNRESOLVED,,ABSTAIN - no decisive readout,0,0.0,4,,UNRESOLVED_no_grounded_patents,0.0,0.0,0.0,0,0,,,,False,False
PD-1|CD73|PD-L1,MAB,UNRESOLVED,,ABSTAIN - no decisive readout,0,0.0,1,,UNRESOLVED_no_grounded_patents,0.0,0.0,0.0,0,0,,,,False,False
PD-1|CDH6|CTLA-4|PD-L1,MAB,UNRESOLVED,,ABSTAIN - no decisive readout,0,0.0,1,,UNRESOLVED_no_grounded_patents,0.0,0.0,0.0,0,0,,,,False,False
PD-1|CEACAM5,MAB,UNRESOLVED,,ABSTAIN - no decisive readout,0,0.0,1,,UNRESOLVED_no_grounded_patents,0.0,0.0,0.0,0,0,,,,False,False
PD-1|CEA|MAGE,MAB,UNRESOLVED,,ABSTAIN - no decisive readout,0,0.0,1,,UNRESOLVED_no_grounded_patents,0.0,0.0,0.0,0,0,,,,False,False
PD-1|CEA|MUC1,MAB,UNRESOLVED,,ABSTAIN - no decisive readout,0,0.0,1,,UNRESOLVED_no_grounded_patents,0.0,0.0,0.0,0,0,,,,False,False
PD-1|CEA|VEGF,MAB,UNRESOLVED,,ABSTAIN - no decisive readout,0,0.0,1,,UNRESOLVED_no_grounded_patents,0.0,0.0,0.0,0,0,,,,False,False
PD-1|CLDN18.2,MAB,UNRESOLVED,,ABSTAIN - no decisive readout,0,0.0,9,,UNRESOLVED_no_grounded_patents,0.0,0.0,0.0,0,0,,,,False,False
PD-1|CLDN18.2|CTLA-4,MAB,UNRESOLVED,,ABSTAIN - no decisive readout,0,0.0,1,,UNRESOLVED_no_grounded_patents,0.0,0.0,0.0,0,0,,,,False,False
PD-1|CLDN18.2|HER2,MAB,UNRESOLVED,,ABSTAIN - no decisive readout,0,0.0,2,,UNRESOLVED_no_grounded_patents,0.0,0.0,0.0,0,0,,,,False,False
PD-1|CLDN18.2|HER2|PD-L1,MAB,UNRESOLVED,,ABSTAIN - no decisive readout,0,0.0,3,,UNRESOLVED_no_grounded_patents,0.0,0.0,0.0,0,0,,,,False,False
PD-1|CTLA-4|EGFR|PD-L1,MAB,UNRESOLVED,,ABSTAIN - no decisive readout,0,0.0,1,,UNRESOLVED_no_grounded_patents,0.0,0.0,0.0,0,0,,,,False,False
PD-1|CTLA-4|FGFR|PD-L1|VEGF,MAB,UNRESOLVED,,ABSTAIN - no decisive readout,0,0.0,1,,UNRESOLVED_no_grounded_patents,0.0,0.0,0.0,0,0,,,,False,False
PD-1|CTLA-4|HER2,MAB,UNRESOLVED,,ABSTAIN - no decisive readout,0,0.0,1,,UNRESOLVED_no_grounded_patents,0.0,0.0,0.0,0,0,,,,False,False
PD-1|CTLA-4|PD-L1,OUT_OF_SCOPE,UNRESOLVED,,ABSTAIN - no decisive readout,0,0.0,1,,UNRESOLVED_no_grounded_patents,0.0,0.0,0.0,0,0,,,,False,False
PD-1|CTLA-4|PD-L1|VEGF,MAB,UNRESOLVED,,ABSTAIN - no decisive readout,0,0.0,1,,UNRESOLVED_no_grounded_patents,0.0,0.0,0.0,0,0,,,,False,False
PD-1|CTLA-4|TCR,MAB,UNRESOLVED,,ABSTAIN - no decisive readout,0,0.0,1,,UNRESOLVED_no_grounded_patents,0.0,0.0,0.0,0,0,,,,False,False
PD-1|DLL3,MAB,UNRESOLVED,,ABSTAIN - no decisive readout,0,0.0,1,,UNRESOLVED_no_grounded_patents,0.0,0.0,0.0,0,0,,,,False,False
PD-1|EGFR,ADC,UNRESOLVED,,ABSTAIN - no decisive readout,0,0.0,1,,UNRESOLVED_no_grounded_patents,0.0,0.0,0.0,0,0,BISPECIFIC,,,False,False
PD-1|EGFR,BISPECIFIC,UNRESOLVED,,ABSTAIN - no decisive readout,0,0.0,1,,UNRESOLVED_no_grounded_patents,0.0,0.0,0.0,0,0,BISPECIFIC,,,False,False
PD-1|EGFR,CAR-T,UNRESOLVED,,ABSTAIN - no decisive readout,0,0.0,1,,UNRESOLVED_no_grounded_patents,0.0,0.0,0.0,0,0,BISPECIFIC,,,False,False
PD-1|EGFR|CTLA-4|PD-L1,MAB,UNRESOLVED,,ABSTAIN - no decisive readout,0,0.0,1,,UNRESOLVED_no_grounded_patents,0.0,0.0,0.0,0,0,,,,False,False
PD-1|EGFR|CTLA-4|ROR2,ADC,UNRESOLVED,,ABSTAIN - no decisive readout,0,0.0,1,,UNRESOLVED_no_grounded_patents,0.0,0.0,0.0,0,0,,,,False,False
PD-1|EGFR|FGFR|PD-L1,MAB,UNRESOLVED,,ABSTAIN - no decisive readout,0,0.0,1,,UNRESOLVED_no_grounded_patents,0.0,0.0,0.0,0,0,,,,False,False
PD-1|EGFR|HER2,MAB,UNRESOLVED,,ABSTAIN - no decisive readout,0,0.0,1,,UNRESOLVED_no_grounded_patents,0.0,0.0,0.0,0,0,,,,False,False
PD-1|EGFR|HER2|PD-L1,MAB,UNRESOLVED,,ABSTAIN - no decisive readout,0,0.0,2,,UNRESOLVED_no_grounded_patents,0.0,0.0,0.0,0,0,,,,False,False
PD-1|EGFR|LAG-3,BISPECIFIC,UNRESOLVED,,ABSTAIN - no decisive readout,0,0.0,1,,UNRESOLVED_no_grounded_patents,0.0,0.0,0.0,0,0,,,,False,False
PD-1|EGFR|PD-L1|TCR,MAB,UNRESOLVED,,ABSTAIN - no decisive readout,0,0.0,1,,UNRESOLVED_no_grounded_patents,0.0,0.0,0.0,0,0,,,,False,False
PD-1|EGFR|TCR,MAB,UNRESOLVED,,ABSTAIN - no decisive readout,0,0.0,1,,UNRESOLVED_no_grounded_patents,0.0,0.0,0.0,0,0,,,,False,False
PD-1|EGFR|VEGF,MAB,UNRESOLVED,,ABSTAIN - no decisive readout,0,0.0,3,,UNRESOLVED_no_grounded_patents,0.0,0.0,0.0,0,0,,,,False,False
PD-1|ER|FGFR|HER2|VEGF,MAB,UNRESOLVED,,ABSTAIN - no decisive readout,0,0.0,1,,UNRESOLVED_no_grounded_patents,0.0,0.0,0.0,0,0,,,,False,False
PD-1|FAP,MAB,UNRESOLVED,,ABSTAIN - no decisive readout,0,0.0,3,,UNRESOLVED_no_grounded_patents,0.0,0.0,0.0,0,0,,,,False,False
PD-1|FAP-AURISTATIN,ADC,UNRESOLVED,,ABSTAIN - no decisive readout,0,0.0,1,,UNRESOLVED_no_grounded_patents,0.0,0.0,0.0,0,0,,,,False,False
PD-1|FAP-TUBULYSIN,ADC,UNRESOLVED,,ABSTAIN - no decisive readout,0,0.0,1,,UNRESOLVED_no_grounded_patents,0.0,0.0,0.0,0,0,,,,False,False
PD-1|FAP|PD-L1,MAB,UNRESOLVED,,ABSTAIN - no decisive readout,0,0.0,1,,UNRESOLVED_no_grounded_patents,0.0,0.0,0.0,0,0,,,,False,False
PD-1|FGFR|HER2,MAB,UNRESOLVED,,ABSTAIN - no decisive readout,0,0.0,1,,UNRESOLVED_no_grounded_patents,0.0,0.0,0.0,0,0,,,,False,False
PD-1|FGFR|TCR,MAB,UNRESOLVED,,ABSTAIN - no decisive readout,0,0.0,1,,UNRESOLVED_no_grounded_patents,0.0,0.0,0.0,0,0,,,,False,False
PD-1|FGFR|VEGF,MAB,UNRESOLVED,,ABSTAIN - no decisive readout,0,0.0,1,,UNRESOLVED_no_grounded_patents,0.0,0.0,0.0,0,0,,,,False,False
PD-1|FOLR1,MAB,UNRESOLVED,,ABSTAIN - no decisive readout,0,0.0,1,,UNRESOLVED_no_grounded_patents,0.0,0.0,0.0,0,0,,,,False,False
PD-1|GD2,CAR-T,UNRESOLVED,,ABSTAIN - no decisive readout,0,0.0,1,,UNRESOLVED_no_grounded_patents,0.0,0.0,0.0,0,0,,,,False,False
PD-1|GD2,MAB,UNRESOLVED,,ABSTAIN - no decisive readout,0,0.0,1,,UNRESOLVED_no_grounded_patents,0.0,0.0,0.0,0,0,,,,False,False
PD-1|GP100|CD3,BISPECIFIC,UNRESOLVED,,ABSTAIN - no decisive readout,0,0.0,1,,UNRESOLVED_no_grounded_patents,0.0,0.0,0.0,0,0,,,,False,False
PD-1|GP100|CD3,MAB,UNRESOLVED,,ABSTAIN - no decisive readout,0,0.0,1,,UNRESOLVED_no_grounded_patents,0.0,0.0,0.0,0,0,,,,False,False
PD-1|HER2,BISPECIFIC,UNRESOLVED,,ABSTAIN - no decisive readout,0,0.0,5,,UNRESOLVED_no_grounded_patents,0.0,0.0,0.0,0,0,BISPECIFIC,,,False,False
PD-1|HER2|ER,MAB,UNRESOLVED,,ABSTAIN - no decisive readout,0,0.0,1,,UNRESOLVED_no_grounded_patents,0.0,0.0,0.0,0,0,,,,False,False
PD-1|HER2|ER|NECTIN4|PD-L1|TROP-2|VEGF-TOP1I,ADC,UNRESOLVED,,ABSTAIN - no decisive readout,0,0.0,1,,UNRESOLVED_no_grounded_patents,0.0,0.0,0.0,0,0,,,,False,False
PD-1|HER2|LAG-3,MAB,UNRESOLVED,,ABSTAIN - no decisive readout,0,0.0,1,,UNRESOLVED_no_grounded_patents,0.0,0.0,0.0,0,0,,,,False,False
PD-1|HER2|PD-L1,BISPECIFIC,UNRESOLVED,,ABSTAIN - no decisive readout,0,0.0,2,,UNRESOLVED_no_grounded_patents,0.0,0.0,0.0,0,0,,,,False,False
PD-1|HER2|PD-L1|TROP-2,MAB,UNRESOLVED,,ABSTAIN - no decisive readout,0,0.0,1,,UNRESOLVED_no_grounded_patents,0.0,0.0,0.0,0,0,,,,False,False
PD-1|HER2|TCR,MAB,UNRESOLVED,,ABSTAIN - no decisive readout,0,0.0,1,,UNRESOLVED_no_grounded_patents,0.0,0.0,0.0,0,0,,,,False,False
PD-1|HER2|TROP-2,ADC,UNRESOLVED,,ABSTAIN - no decisive readout,0,0.0,1,,UNRESOLVED_no_grounded_patents,0.0,0.0,0.0,0,0,,,,False,False
PD-1|HER2|TROP-2,MAB,UNRESOLVED,,ABSTAIN - no decisive readout,0,0.0,1,,UNRESOLVED_no_grounded_patents,0.0,0.0,0.0,0,0,,,,False,False
PD-1|HER2|VEGFR2|CD20|CD47|SIRP-ALPHA,MAB,UNRESOLVED,,ABSTAIN - no decisive readout,0,0.0,1,,UNRESOLVED_no_grounded_patents,0.0,0.0,0.0,0,0,,,,False,False
PD-1|HER2|VEGF|VEGFR2,MAB,UNRESOLVED,,ABSTAIN - no decisive readout,0,0.0,1,,UNRESOLVED_no_grounded_patents,0.0,0.0,0.0,0,0,,,,False,False
PD-1|HER3,MAB,UNRESOLVED,,ABSTAIN - no decisive readout,0,0.0,2,,UNRESOLVED_no_grounded_patents,0.0,0.0,0.0,0,0,,,,False,False
PD-1|HER3|HER2,MAB,UNRESOLVED,,ABSTAIN - no decisive readout,0,0.0,2,,UNRESOLVED_no_grounded_patents,0.0,0.0,0.0,0,0,,,,False,False
PD-1|HIF,MAB,UNRESOLVED,,ABSTAIN - no decisive readout,0,0.0,6,,UNRESOLVED_no_grounded_patents,0.0,0.0,0.0,0,0,,,,False,False
PD-1|ICAM1,MAB,UNRESOLVED,,ABSTAIN - no decisive readout,0,0.0,1,,UNRESOLVED_no_grounded_patents,0.0,0.0,0.0,0,0,,,,False,False
PD-1|IGF-1R,MAB,UNRESOLVED,,ABSTAIN - no decisive readout,0,0.0,1,,UNRESOLVED_no_grounded_patents,0.0,0.0,0.0,0,0,,,,False,False
PD-1|IL-15,BISPECIFIC,UNRESOLVED,,ABSTAIN - no decisive readout,0,0.0,1,,UNRESOLVED_no_grounded_patents,0.0,0.0,0.0,0,0,BISPECIFIC,,,False,False
PD-1|IL-2,BISPECIFIC,UNRESOLVED,,ABSTAIN - no decisive readout,0,0.0,1,,UNRESOLVED_no_grounded_patents,0.0,0.0,0.0,0,0,,,,False,False
PD-1|KLK2,MAB,UNRESOLVED,,ABSTAIN - no decisive readout,0,0.0,1,,UNRESOLVED_no_grounded_patents,0.0,0.0,0.0,0,0,,,,False,False
PD-1|KRAS|PD-L1,MAB,UNRESOLVED,,ABSTAIN - no decisive readout,0,0.0,6,,UNRESOLVED_no_grounded_patents,0.0,0.0,0.0,0,0,,,,False,False
PD-1|LAG-3|CTLA-4,MAB,UNRESOLVED,,ABSTAIN - no decisive readout,0,0.0,1,,UNRESOLVED_no_grounded_patents,0.0,0.0,0.0,0,0,,,,False,False
PD-1|LAG-3|PD-L1,MAB,UNRESOLVED,,ABSTAIN - no decisive readout,0,0.0,2,,UNRESOLVED_no_grounded_patents,0.0,0.0,0.0,0,0,,,,False,False
PD-1|LIV-1,MAB,UNRESOLVED,,ABSTAIN - no decisive readout,0,0.0,1,,UNRESOLVED_no_grounded_patents,0.0,0.0,0.0,0,0,,,,False,False
PD-1|MAGE|MUC1,MAB,UNRESOLVED,,ABSTAIN - no decisive readout,0,0.0,1,,UNRESOLVED_no_grounded_patents,0.0,0.0,0.0,0,0,,,,False,False
PD-1|MAGE|MUC1|TCR,MAB,UNRESOLVED,,ABSTAIN - no decisive readout,0,0.0,1,,UNRESOLVED_no_grounded_patents,0.0,0.0,0.0,0,0,,,,False,False
PD-1|MAGE|PD-L1,MAB,UNRESOLVED,,ABSTAIN - no decisive readout,0,0.0,1,,UNRESOLVED_no_grounded_patents,0.0,0.0,0.0,0,0,,,,False,False
PD-1|MESOTHELIN,CAR-T,UNRESOLVED,,ABSTAIN - no decisive readout,0,0.0,1,,UNRESOLVED_no_grounded_patents,0.0,0.0,0.0,0,0,,,,False,False
PD-1|MUC1,MAB,UNRESOLVED,,ABSTAIN - no decisive readout,0,0.0,1,,UNRESOLVED_no_grounded_patents,0.0,0.0,0.0,0,0,,,,False,False
PD-1|MUC16|CD3,BISPECIFIC,UNRESOLVED,,ABSTAIN - no decisive readout,0,0.0,2,,UNRESOLVED_no_grounded_patents,0.0,0.0,0.0,0,0,,,,False,False
PD-1|MUC16|CD3|LAG-3,BISPECIFIC,UNRESOLVED,,ABSTAIN - no decisive readout,0,0.0,1,,UNRESOLVED_no_grounded_patents,0.0,0.0,0.0,0,0,,,,False,False
PD-1|NECTIN4,MAB,UNRESOLVED,,ABSTAIN - no decisive readout,0,0.0,3,,UNRESOLVED_no_grounded_patents,0.0,0.0,0.0,0,0,,,,False,False
PD-1|NKG2D,MAB,UNRESOLVED,,ABSTAIN - no decisive readout,0,0.0,1,,UNRESOLVED_no_grounded_patents,0.0,0.0,0.0,0,0,,,,False,False
PD-1|PD-L1,CAR-T,UNRESOLVED,,ABSTAIN - no decisive readout,0,0.0,3,,UNRESOLVED_no_grounded_patents,0.0,0.0,0.0,0,0,BISPECIFIC,,,False,False
PD-1|PD-L1,OUT_OF_SCOPE,UNRESOLVED,,ABSTAIN - no decisive readout,0,0.0,4,,UNRESOLVED_no_grounded_patents,0.0,0.0,0.0,0,0,BISPECIFIC,,,False,False
PD-1|PD-L1,PROTAC,UNRESOLVED,,ABSTAIN - no decisive readout,0,0.0,1,,UNRESOLVED_no_grounded_patents,0.0,0.0,0.0,0,0,BISPECIFIC,,,False,False
PD-1|PD-L1|ALK|EGFR|MET,MAB,UNRESOLVED,,ABSTAIN - no decisive readout,0,0.0,1,,UNRESOLVED_no_grounded_patents,0.0,0.0,0.0,0,0,,,,False,False
PD-1|PD-L1|ALK|EGFR|TIGIT,MAB,UNRESOLVED,,ABSTAIN - no decisive readout,0,0.0,1,,UNRESOLVED_no_grounded_patents,0.0,0.0,0.0,0,0,,,,False,False
PD-1|PD-L1|ALK|MET,MAB,UNRESOLVED,,ABSTAIN - no decisive readout,0,0.0,1,,UNRESOLVED_no_grounded_patents,0.0,0.0,0.0,0,0,,,,False,False
PD-1|PD-L1|AXL,MAB,UNRESOLVED,,ABSTAIN - no decisive readout,0,0.0,1,,UNRESOLVED_no_grounded_patents,0.0,0.0,0.0,0,0,,,,False,False
PD-1|PD-L1|AXL|DLL3,CAR-T,UNRESOLVED,,ABSTAIN - no decisive readout,0,0.0,1,,UNRESOLVED_no_grounded_patents,0.0,0.0,0.0,0,0,,,,False,False
PD-1|PD-L1|CTLA-4|VEGF,MAB,UNRESOLVED,,ABSTAIN - no decisive readout,0,0.0,2,,UNRESOLVED_no_grounded_patents,0.0,0.0,0.0,0,0,,,,False,False
PD-1|PD-L1|EGFR|HER2,MAB,UNRESOLVED,,ABSTAIN - no decisive readout,0,0.0,1,,UNRESOLVED_no_grounded_patents,0.0,0.0,0.0,0,0,,,,False,False
PD-1|PD-L1|EGFR|VEGF|KRAS,MAB,UNRESOLVED,,ABSTAIN - no decisive readout,0,0.0,1,,UNRESOLVED_no_grounded_patents,0.0,0.0,0.0,0,0,,,,False,False
PD-1|PD-L1|KRAS,MAB,UNRESOLVED,,ABSTAIN - no decisive readout,0,0.0,1,,UNRESOLVED_no_grounded_patents,0.0,0.0,0.0,0,0,,,,False,False
PD-1|PD-L1|NECTIN4|TROP-2,MAB,UNRESOLVED,,ABSTAIN - no decisive readout,0,0.0,1,,UNRESOLVED_no_grounded_patents,0.0,0.0,0.0,0,0,,,,False,False
PD-1|PD-L1|TCR,UNCLASSIFIED,UNRESOLVED,,ABSTAIN - no decisive readout,0,0.0,4,,UNRESOLVED_no_grounded_patents,0.0,0.0,0.0,0,0,,,,False,False
PD-1|PD-L1|TCR|VEGF,MAB,UNRESOLVED,,ABSTAIN - no decisive readout,0,0.0,1,,UNRESOLVED_no_grounded_patents,0.0,0.0,0.0,0,0,,,,False,False
PD-1|PD-L1|TIGIT,MAB,UNRESOLVED,,ABSTAIN - no decisive readout,0,0.0,3,,UNRESOLVED_no_grounded_patents,0.0,0.0,0.0,0,0,,,,False,False
PD-1|PD-L1|TROP-2,ADC,UNRESOLVED,,ABSTAIN - no decisive readout,0,0.0,2,,UNRESOLVED_no_grounded_patents,0.0,0.0,0.0,0,0,,,,False,False
PD-1|PD-L1|TROP-2,MAB,UNRESOLVED,,ABSTAIN - no decisive readout,0,0.0,1,,UNRESOLVED_no_grounded_patents,0.0,0.0,0.0,0,0,,,,False,False
PD-1|PD-L1|TROP-2-SN38,ADC,UNRESOLVED,,ABSTAIN - no decisive readout,0,0.0,1,,UNRESOLVED_no_grounded_patents,0.0,0.0,0.0,0,0,,,,False,False
PD-1|PD-L1|TROP-2|HER2,ADC,UNRESOLVED,,ABSTAIN - no decisive readout,0,0.0,1,,UNRESOLVED_no_grounded_patents,0.0,0.0,0.0,0,0,,,,False,False
PD-1|PD-L1|VEGF,BISPECIFIC,UNRESOLVED,,ABSTAIN - no decisive readout,0,0.0,4,,UNRESOLVED_no_grounded_patents,0.0,0.0,0.0,0,0,,,,False,False
PD-1|PD-L1|VEGF,MAB,UNRESOLVED,,ABSTAIN - no decisive readout,0,0.0,13,,UNRESOLVED_no_grounded_patents,0.0,0.0,0.0,0,0,,,,False,False
PD-1|PD-L1|VEGF,OUT_OF_SCOPE,UNRESOLVED,,ABSTAIN - no decisive readout,0,0.0,1,,UNRESOLVED_no_grounded_patents,0.0,0.0,0.0,0,0,,,,False,False
PD-1|PD-L1|VEGF,UNCLASSIFIED,UNRESOLVED,,ABSTAIN - no decisive readout,0,0.0,3,,UNRESOLVED_no_grounded_patents,0.0,0.0,0.0,0,0,,,,False,False
PD-1|PD-L1|VEGF|AXL,MAB,UNRESOLVED,,ABSTAIN - no decisive readout,0,0.0,1,,UNRESOLVED_no_grounded_patents,0.0,0.0,0.0,0,0,,,,False,False
PD-1|PD-L1|VEGF|DLL3|CD3|EGFR,BISPECIFIC,UNRESOLVED,,ABSTAIN - no decisive readout,0,0.0,1,,UNRESOLVED_no_grounded_patents,0.0,0.0,0.0,0,0,,,,False,False
PD-1|PD-L1|VEGF|EGFR,MAB,UNRESOLVED,,ABSTAIN - no decisive readout,0,0.0,1,,UNRESOLVED_no_grounded_patents,0.0,0.0,0.0,0,0,,,,False,False
PD-1|PD-L1|VEGF|FAP,MAB,UNRESOLVED,,ABSTAIN - no decisive readout,0,0.0,1,,UNRESOLVED_no_grounded_patents,0.0,0.0,0.0,0,0,,,,False,False
PD-1|PSMA,MAB,UNRESOLVED,,ABSTAIN - no decisive readout,0,0.0,3,,UNRESOLVED_no_grounded_patents,0.0,0.0,0.0,0,0,,,,False,False
PD-1|PSMA|AR,MAB,UNRESOLVED,,ABSTAIN - no decisive readout,0,0.0,1,,UNRESOLVED_no_grounded_patents,0.0,0.0,0.0,0,0,,,,False,False
PD-1|PTK7-EXATECAN,ADC,UNRESOLVED,,ABSTAIN - no decisive readout,0,0.0,1,,UNRESOLVED_no_grounded_patents,0.0,0.0,0.0,0,0,,,,False,False
PD-1|ROR1,UNCLASSIFIED,UNRESOLVED,,ABSTAIN - no decisive readout,0,0.0,1,,UNRESOLVED_no_grounded_patents,0.0,0.0,0.0,0,0,,,,False,False
PD-1|ROR2-MMAE,ADC,UNRESOLVED,,ABSTAIN - no decisive readout,0,0.0,1,,UNRESOLVED_no_grounded_patents,0.0,0.0,0.0,0,0,,,,False,False
PD-1|SIRP-ALPHA,MAB,UNRESOLVED,,ABSTAIN - no decisive readout,0,0.0,1,,UNRESOLVED_no_grounded_patents,0.0,0.0,0.0,0,0,,,,False,False
PD-1|TCR,UNCLASSIFIED,UNRESOLVED,,ABSTAIN - no decisive readout,0,0.0,2,,UNRESOLVED_no_grounded_patents,0.0,0.0,0.0,0,0,BISPECIFIC,,,False,False
PD-1|TIGIT,BISPECIFIC,UNRESOLVED,,ABSTAIN - no decisive readout,0,0.0,7,,UNRESOLVED_no_grounded_patents,0.0,0.0,0.0,0,0,BISPECIFIC,,,False,False
PD-1|TIGIT,UNCLASSIFIED,UNRESOLVED,,ABSTAIN - no decisive readout,0,0.0,2,,UNRESOLVED_no_grounded_patents,0.0,0.0,0.0,0,0,BISPECIFIC,,,False,False
PD-1|TIGIT-SAMROTECAN,ADC,UNRESOLVED,,ABSTAIN - no decisive readout,0,0.0,1,,UNRESOLVED_no_grounded_patents,0.0,0.0,0.0,0,0,,,,False,False
PD-1|TIGIT|CD73,MAB,UNRESOLVED,,ABSTAIN - no decisive readout,0,0.0,1,,UNRESOLVED_no_grounded_patents,0.0,0.0,0.0,0,0,,,,False,False
PD-1|TIGIT|CTLA-4,MAB,UNRESOLVED,,ABSTAIN - no decisive readout,0,0.0,1,,UNRESOLVED_no_grounded_patents,0.0,0.0,0.0,0,0,,,,False,False
PD-1|TIGIT|ICAM1,MAB,UNRESOLVED,,ABSTAIN - no decisive readout,0,0.0,1,,UNRESOLVED_no_grounded_patents,0.0,0.0,0.0,0,0,,,,False,False
PD-1|TIGIT|VEGF,MAB,UNRESOLVED,,ABSTAIN - no decisive readout,0,0.0,1,,UNRESOLVED_no_grounded_patents,0.0,0.0,0.0,0,0,,,,False,False
PD-1|TIM-3,MAB,UNRESOLVED,,ABSTAIN - no decisive readout,0,0.0,3,,UNRESOLVED_no_grounded_patents,0.0,0.0,0.0,0,0,BISPECIFIC,,,False,False
PD-1|TISSUE FACTOR,MAB,UNRESOLVED,,ABSTAIN - no decisive readout,0,0.0,1,,UNRESOLVED_no_grounded_patents,0.0,0.0,0.0,0,0,,,,False,False
PD-1|TISSUE FACTOR|VEGF,MAB,UNRESOLVED,,ABSTAIN - no decisive readout,0,0.0,1,,UNRESOLVED_no_grounded_patents,0.0,0.0,0.0,0,0,,,,False,False
PD-1|TROP-2,ADC,UNRESOLVED,,ABSTAIN - no decisive readout,0,0.0,1,,UNRESOLVED_no_grounded_patents,0.0,0.0,0.0,0,0,,,,False,False
PD-1|TROP-2,UNCLASSIFIED,UNRESOLVED,,ABSTAIN - no decisive readout,0,0.0,1,,UNRESOLVED_no_grounded_patents,0.0,0.0,0.0,0,0,,,,False,False
PD-1|TROP-2-KL610023,ADC,UNRESOLVED,,ABSTAIN - no decisive readout,0,0.0,1,,UNRESOLVED_no_grounded_patents,0.0,0.0,0.0,0,0,,,,False,False
PD-1|TROP-2-MMAE,ADC,UNRESOLVED,,ABSTAIN - no decisive readout,0,0.0,1,,UNRESOLVED_no_grounded_patents,0.0,0.0,0.0,0,0,,,,False,False
PD-1|VEGF,ADC,UNRESOLVED,,ABSTAIN - no decisive readout,0,0.0,2,,UNRESOLVED_no_grounded_patents,0.0,0.0,0.0,0,0,BISPECIFIC,,,False,False
PD-1|VEGF-TOP1I,ADC,UNRESOLVED,,ABSTAIN - no decisive readout,0,0.0,1,,UNRESOLVED_no_grounded_patents,0.0,0.0,0.0,0,0,,,,False,False
PD-1|VEGFR2|CLDN18.2,MAB,UNRESOLVED,,ABSTAIN - no decisive readout,0,0.0,1,,UNRESOLVED_no_grounded_patents,0.0,0.0,0.0,0,0,,,,False,False
PD-1|VEGFR2|EGFR|PD-L1,MAB,UNRESOLVED,,ABSTAIN - no decisive readout,0,0.0,1,,UNRESOLVED_no_grounded_patents,0.0,0.0,0.0,0,0,,,,False,False
PD-1|VEGFR2|HER2|PD-L1,MAB,UNRESOLVED,,ABSTAIN - no decisive readout,0,0.0,1,,UNRESOLVED_no_grounded_patents,0.0,0.0,0.0,0,0,,,,False,False
PD-1|VEGF|CD40,MAB,UNRESOLVED,,ABSTAIN - no decisive readout,0,0.0,1,,UNRESOLVED_no_grounded_patents,0.0,0.0,0.0,0,0,,,,False,False
PD-1|VEGF|CD73,MAB,UNRESOLVED,,ABSTAIN - no decisive readout,0,0.0,1,,UNRESOLVED_no_grounded_patents,0.0,0.0,0.0,0,0,,,,False,False
PD-1|VEGF|CTLA-4,MAB,UNRESOLVED,,ABSTAIN - no decisive readout,0,0.0,1,,UNRESOLVED_no_grounded_patents,0.0,0.0,0.0,0,0,,,,False,False
PD-1|VEGF|CTLA-4|EGFR,MAB,UNRESOLVED,,ABSTAIN - no decisive readout,0,0.0,1,,UNRESOLVED_no_grounded_patents,0.0,0.0,0.0,0,0,,,,False,False
PD-1|VEGF|CTLA-4|PD-L1,MAB,UNRESOLVED,,ABSTAIN - no decisive readout,0,0.0,1,,UNRESOLVED_no_grounded_patents,0.0,0.0,0.0,0,0,,,,False,False
PD-1|VEGF|EGFR,MAB,UNRESOLVED,,ABSTAIN - no decisive readout,0,0.0,5,,UNRESOLVED_no_grounded_patents,0.0,0.0,0.0,0,0,,,,False,False
PD-1|VEGF|EGFR|FOLR1|HER2,MAB,UNRESOLVED,,ABSTAIN - no decisive readout,0,0.0,1,,UNRESOLVED_no_grounded_patents,0.0,0.0,0.0,0,0,,,,False,False
PD-1|VEGF|EGFR|KRAS,MAB,UNRESOLVED,,ABSTAIN - no decisive readout,0,0.0,1,,UNRESOLVED_no_grounded_patents,0.0,0.0,0.0,0,0,,,,False,False
PD-1|VEGF|EGFR|PD-L1,MAB,UNRESOLVED,,ABSTAIN - no decisive readout,0,0.0,1,,UNRESOLVED_no_grounded_patents,0.0,0.0,0.0,0,0,,,,False,False
PD-1|VEGF|GP100|CD3|TCR,MAB,UNRESOLVED,,ABSTAIN - no decisive readout,0,0.0,1,,UNRESOLVED_no_grounded_patents,0.0,0.0,0.0,0,0,,,,False,False
PD-1|VEGF|GPC3,MAB,UNRESOLVED,,ABSTAIN - no decisive readout,0,0.0,1,,UNRESOLVED_no_grounded_patents,0.0,0.0,0.0,0,0,,,,False,False
PD-1|VEGF|HER2,MAB,UNRESOLVED,,ABSTAIN - no decisive readout,0,0.0,1,,UNRESOLVED_no_grounded_patents,0.0,0.0,0.0,0,0,,,,False,False
PD-1|VEGF|LAG-3,MAB,UNRESOLVED,,ABSTAIN - no decisive readout,0,0.0,1,,UNRESOLVED_no_grounded_patents,0.0,0.0,0.0,0,0,,,,False,False
PD-1|VEGF|PD-L1,MAB,UNRESOLVED,,ABSTAIN - no decisive readout,0,0.0,7,,UNRESOLVED_no_grounded_patents,0.0,0.0,0.0,0,0,,,,False,False
PD-1|VEGF|PD-L1|CTLA-4,MAB,UNRESOLVED,,ABSTAIN - no decisive readout,0,0.0,4,,UNRESOLVED_no_grounded_patents,0.0,0.0,0.0,0,0,,,,False,False
PD-1|VEGF|PD-L1|TROP-2-KL610023,ADC,UNRESOLVED,,ABSTAIN - no decisive readout,0,0.0,1,,UNRESOLVED_no_grounded_patents,0.0,0.0,0.0,0,0,,,,False,False
PD-1|VEGF|TCR,MAB,UNRESOLVED,,ABSTAIN - no decisive readout,0,0.0,2,,UNRESOLVED_no_grounded_patents,0.0,0.0,0.0,0,0,,,,False,False
PD-1|VEGF|VEGFR2,MAB,UNRESOLVED,,ABSTAIN - no decisive readout,0,0.0,6,,UNRESOLVED_no_grounded_patents,0.0,0.0,0.0,0,0,,,,False,False
PD-L1-MMAE,ADC,UNRESOLVED,,ABSTAIN - no decisive readout,0,0.0,1,,UNRESOLVED_no_grounded_patents,0.0,0.0,0.0,0,0,,,,False,False
PD-L1|ALK|EGFR,MAB,UNRESOLVED,,ABSTAIN - no decisive readout,0,0.0,2,,UNRESOLVED_no_grounded_patents,0.0,0.0,0.0,0,0,,,,False,False
PD-L1|ALK|EGFR|FGFR|HER2|KRAS|MET,MAB,UNRESOLVED,,ABSTAIN - no decisive readout,0,0.0,1,,UNRESOLVED_no_grounded_patents,0.0,0.0,0.0,0,0,,,,False,False
PD-L1|ALK|EGFR|PD-1,MAB,UNRESOLVED,,ABSTAIN - no decisive readout,0,0.0,1,,UNRESOLVED_no_grounded_patents,0.0,0.0,0.0,0,0,,,,False,False
PD-L1|ALK|FGFR|MET,MAB,UNRESOLVED,,ABSTAIN - no decisive readout,0,0.0,1,,UNRESOLVED_no_grounded_patents,0.0,0.0,0.0,0,0,,,,False,False
PD-L1|ALK|KRAS,MAB,UNRESOLVED,,ABSTAIN - no decisive readout,0,0.0,1,,UNRESOLVED_no_grounded_patents,0.0,0.0,0.0,0,0,,,,False,False
PD-L1|BCL-2,MAB,UNRESOLVED,,ABSTAIN - no decisive readout,0,0.0,1,,UNRESOLVED_no_grounded_patents,0.0,0.0,0.0,0,0,,,,False,False
PD-L1|BTK,MAB,UNRESOLVED,,ABSTAIN - no decisive readout,0,0.0,2,,UNRESOLVED_no_grounded_patents,0.0,0.0,0.0,0,0,,,,False,False
PD-L1|CD137|CD47|SIRP-ALPHA,MAB,UNRESOLVED,,ABSTAIN - no decisive readout,0,0.0,1,,UNRESOLVED_no_grounded_patents,0.0,0.0,0.0,0,0,,,,False,False
PD-L1|CD19,MAB,UNRESOLVED,,ABSTAIN - no decisive readout,0,0.0,1,,UNRESOLVED_no_grounded_patents,0.0,0.0,0.0,0,0,,,,False,False
PD-L1|CD20|BCL-2,MAB,UNRESOLVED,,ABSTAIN - no decisive readout,0,0.0,1,,UNRESOLVED_no_grounded_patents,0.0,0.0,0.0,0,0,,,,False,False
PD-L1|CD20|BTK,MAB,UNRESOLVED,,ABSTAIN - no decisive readout,0,0.0,1,,UNRESOLVED_no_grounded_patents,0.0,0.0,0.0,0,0,,,,False,False
PD-L1|CD20|VEGF|CTLA-4,MAB,UNRESOLVED,,ABSTAIN - no decisive readout,0,0.0,1,,UNRESOLVED_no_grounded_patents,0.0,0.0,0.0,0,0,,,,False,False
PD-L1|CD25|EPCAM|PD-1,MAB,UNRESOLVED,,ABSTAIN - no decisive readout,0,0.0,1,,UNRESOLVED_no_grounded_patents,0.0,0.0,0.0,0,0,,,,False,False
PD-L1|CD25|TCR,MAB,UNRESOLVED,,ABSTAIN - no decisive readout,0,0.0,1,,UNRESOLVED_no_grounded_patents,0.0,0.0,0.0,0,0,,,,False,False
PD-L1|CD27,BISPECIFIC,UNRESOLVED,,ABSTAIN - no decisive readout,0,0.0,1,,UNRESOLVED_no_grounded_patents,0.0,0.0,0.0,0,0,,,,False,False
PD-L1|CD28|TCR|TIGIT,MAB,UNRESOLVED,,ABSTAIN - no decisive readout,0,0.0,1,,UNRESOLVED_no_grounded_patents,0.0,0.0,0.0,0,0,,,,False,False
PD-L1|CD40|FAP,MAB,UNRESOLVED,,ABSTAIN - no decisive readout,0,0.0,2,,UNRESOLVED_no_grounded_patents,0.0,0.0,0.0,0,0,,,,False,False
PD-L1|CD47,BISPECIFIC,UNRESOLVED,,ABSTAIN - no decisive readout,0,0.0,1,,UNRESOLVED_no_grounded_patents,0.0,0.0,0.0,0,0,BISPECIFIC,,,False,False
PD-L1|CEA,MAB,UNRESOLVED,,ABSTAIN - no decisive readout,0,0.0,3,,UNRESOLVED_no_grounded_patents,0.0,0.0,0.0,0,0,,,,False,False
PD-L1|CTLA-4,BISPECIFIC,UNRESOLVED,,ABSTAIN - no decisive readout,0,0.0,2,,UNRESOLVED_no_grounded_patents,0.0,0.0,0.0,0,0,,,,False,False
PD-L1|CTLA-4|ER|HER2,MAB,UNRESOLVED,,ABSTAIN - no decisive readout,0,0.0,1,,UNRESOLVED_no_grounded_patents,0.0,0.0,0.0,0,0,,,,False,False
PD-L1|CTLA-4|MET|PD-1,MAB,UNRESOLVED,,ABSTAIN - no decisive readout,0,0.0,1,,UNRESOLVED_no_grounded_patents,0.0,0.0,0.0,0,0,,,,False,False
PD-L1|CTLA-4|PD-1,MAB,UNRESOLVED,,ABSTAIN - no decisive readout,0,0.0,5,,UNRESOLVED_no_grounded_patents,0.0,0.0,0.0,0,0,,,,False,False
PD-L1|CTLA-4|PD-1|VEGF,MAB,UNRESOLVED,,ABSTAIN - no decisive readout,0,0.0,1,,UNRESOLVED_no_grounded_patents,0.0,0.0,0.0,0,0,,,,False,False
PD-L1|CTLA-4|VEGF,MAB,UNRESOLVED,,ABSTAIN - no decisive readout,0,0.0,1,,UNRESOLVED_no_grounded_patents,0.0,0.0,0.0,0,0,,,,False,False
PD-L1|CTLA-4|VEGF|PD-1,MAB,UNRESOLVED,,ABSTAIN - no decisive readout,0,0.0,1,,UNRESOLVED_no_grounded_patents,0.0,0.0,0.0,0,0,,,,False,False
PD-L1|DLL3,MAB,UNRESOLVED,,ABSTAIN - no decisive readout,0,0.0,1,,UNRESOLVED_no_grounded_patents,0.0,0.0,0.0,0,0,,,,False,False
PD-L1|DLL3-TOP1I,ADC,UNRESOLVED,,ABSTAIN - no decisive readout,0,0.0,1,,UNRESOLVED_no_grounded_patents,0.0,0.0,0.0,0,0,,,,False,False
PD-L1|DLL3|CD3,BISPECIFIC,UNRESOLVED,,ABSTAIN - no decisive readout,0,0.0,6,,UNRESOLVED_no_grounded_patents,0.0,0.0,0.0,0,0,,,,False,False
PD-L1|DLL3|CD3|B7-H3,BISPECIFIC,UNRESOLVED,,ABSTAIN - no decisive readout,0,0.0,1,,UNRESOLVED_no_grounded_patents,0.0,0.0,0.0,0,0,,,,False,False
PD-L1|EGFR|FGFR|HER2|MET|VEGF,MAB,UNRESOLVED,,ABSTAIN - no decisive readout,0,0.0,1,,UNRESOLVED_no_grounded_patents,0.0,0.0,0.0,0,0,,,,False,False
PD-L1|EGFR|MET,MAB,UNRESOLVED,,ABSTAIN - no decisive readout,0,0.0,1,,UNRESOLVED_no_grounded_patents,0.0,0.0,0.0,0,0,,,,False,False
PD-L1|EGFR|MET|FGFR,BISPECIFIC,UNRESOLVED,,ABSTAIN - no decisive readout,0,0.0,1,,UNRESOLVED_no_grounded_patents,0.0,0.0,0.0,0,0,,,,False,False
PD-L1|EGFR|VEGF,MAB,UNRESOLVED,,ABSTAIN - no decisive readout,0,0.0,1,,UNRESOLVED_no_grounded_patents,0.0,0.0,0.0,0,0,,,,False,False
PD-L1|EPCAM,MAB,UNRESOLVED,,ABSTAIN - no decisive readout,0,0.0,1,,UNRESOLVED_no_grounded_patents,0.0,0.0,0.0,0,0,,,,False,False
PD-L1|ER|HER2|PD-1,MAB,UNRESOLVED,,ABSTAIN - no decisive readout,0,0.0,1,,UNRESOLVED_no_grounded_patents,0.0,0.0,0.0,0,0,,,,False,False
PD-L1|FGFR,MAB,UNRESOLVED,,ABSTAIN - no decisive readout,0,0.0,4,,UNRESOLVED_no_grounded_patents,0.0,0.0,0.0,0,0,,,,False,False
PD-L1|FOLR1,MAB,UNRESOLVED,,ABSTAIN - no decisive readout,0,0.0,1,,UNRESOLVED_no_grounded_patents,0.0,0.0,0.0,0,0,,,,False,False
PD-L1|HER2|ALK|AR|FGFR|MET,MAB,UNRESOLVED,,ABSTAIN - no decisive readout,0,0.0,1,,UNRESOLVED_no_grounded_patents,0.0,0.0,0.0,0,0,,,,False,False
PD-L1|HER2|ALK|MET,MAB,UNRESOLVED,,ABSTAIN - no decisive readout,0,0.0,1,,UNRESOLVED_no_grounded_patents,0.0,0.0,0.0,0,0,,,,False,False
PD-L1|HER2|ALK|PD-1,MAB,UNRESOLVED,,ABSTAIN - no decisive readout,0,0.0,1,,UNRESOLVED_no_grounded_patents,0.0,0.0,0.0,0,0,,,,False,False
PD-L1|HER2|NECTIN4|TROP-2,MAB,UNRESOLVED,,ABSTAIN - no decisive readout,0,0.0,1,,UNRESOLVED_no_grounded_patents,0.0,0.0,0.0,0,0,,,,False,False
PD-L1|HER2|PD-1|VEGF,MAB,UNRESOLVED,,ABSTAIN - no decisive readout,0,0.0,1,,UNRESOLVED_no_grounded_patents,0.0,0.0,0.0,0,0,,,,False,False
PD-L1|HER2|VEGF|EGFR,MAB,UNRESOLVED,,ABSTAIN - no decisive readout,0,0.0,1,,UNRESOLVED_no_grounded_patents,0.0,0.0,0.0,0,0,,,,False,False
PD-L1|LAG-3,MAB,UNRESOLVED,,ABSTAIN - no decisive readout,0,0.0,1,,UNRESOLVED_no_grounded_patents,0.0,0.0,0.0,0,0,BISPECIFIC,,,False,False
PD-L1|LAG-3|PD-1,MAB,UNRESOLVED,,ABSTAIN - no decisive readout,0,0.0,1,,UNRESOLVED_no_grounded_patents,0.0,0.0,0.0,0,0,,,,False,False
PD-L1|MESOTHELIN,MAB,UNRESOLVED,,ABSTAIN - no decisive readout,0,0.0,1,,UNRESOLVED_no_grounded_patents,0.0,0.0,0.0,0,0,,,,False,False
PD-L1|MET,MAB,UNRESOLVED,,ABSTAIN - no decisive readout,0,0.0,2,,UNRESOLVED_no_grounded_patents,0.0,0.0,0.0,0,0,,,,False,False
PD-L1|MUC16,MAB,UNRESOLVED,,ABSTAIN - no decisive readout,0,0.0,4,,UNRESOLVED_no_grounded_patents,0.0,0.0,0.0,0,0,,,,False,False
PD-L1|PD-1,BISPECIFIC,UNRESOLVED,,ABSTAIN - no decisive readout,0,0.0,1,,UNRESOLVED_no_grounded_patents,0.0,0.0,0.0,0,0,BISPECIFIC,,,False,False
PD-L1|PD-1,OUT_OF_SCOPE,UNRESOLVED,,ABSTAIN - no decisive readout,0,0.0,2,,UNRESOLVED_no_grounded_patents,0.0,0.0,0.0,0,0,BISPECIFIC,,,False,False
PD-L1|PD-1|ALK|EGFR|MET,MAB,UNRESOLVED,,ABSTAIN - no decisive readout,0,0.0,1,,UNRESOLVED_no_grounded_patents,0.0,0.0,0.0,0,0,,,,False,False
PD-L1|PD-1|VEGF,MAB,UNRESOLVED,,ABSTAIN - no decisive readout,0,0.0,1,,UNRESOLVED_no_grounded_patents,0.0,0.0,0.0,0,0,,,,False,False
PD-L1|PD-1|WT1,MAB,UNRESOLVED,,ABSTAIN - no decisive readout,0,0.0,1,,UNRESOLVED_no_grounded_patents,0.0,0.0,0.0,0,0,,,,False,False
PD-L1|PSMA,MAB,UNRESOLVED,,ABSTAIN - no decisive readout,0,0.0,1,,UNRESOLVED_no_grounded_patents,0.0,0.0,0.0,0,0,,,,False,False
PD-L1|PTK7,MAB,UNRESOLVED,,ABSTAIN - no decisive readout,0,0.0,1,,UNRESOLVED_no_grounded_patents,0.0,0.0,0.0,0,0,,,,False,False
PD-L1|TCR,UNCLASSIFIED,UNRESOLVED,,ABSTAIN - no decisive readout,0,0.0,1,,UNRESOLVED_no_grounded_patents,0.0,0.0,0.0,0,0,BISPECIFIC,,,False,False
PD-L1|TIGIT,BISPECIFIC,UNRESOLVED,,ABSTAIN - no decisive readout,0,0.0,3,,UNRESOLVED_no_grounded_patents,0.0,0.0,0.0,0,0,,,,False,False
PD-L1|TIGIT,UNCLASSIFIED,UNRESOLVED,,ABSTAIN - no decisive readout,0,0.0,2,,UNRESOLVED_no_grounded_patents,0.0,0.0,0.0,0,0,,,,False,False
PD-L1|TIGIT|LAG-3|PD-1,MAB,UNRESOLVED,,ABSTAIN - no decisive readout,0,0.0,1,,UNRESOLVED_no_grounded_patents,0.0,0.0,0.0,0,0,,,,False,False
PD-L1|TIGIT|TCR,MAB,UNRESOLVED,,ABSTAIN - no decisive readout,0,0.0,1,,UNRESOLVED_no_grounded_patents,0.0,0.0,0.0,0,0,,,,False,False
PD-L1|TIGIT|VEGF,MAB,UNRESOLVED,,ABSTAIN - no decisive readout,0,0.0,2,,UNRESOLVED_no_grounded_patents,0.0,0.0,0.0,0,0,,,,False,False
PD-L1|TIGIT|VEGFR2,MAB,UNRESOLVED,,ABSTAIN - no decisive readout,0,0.0,1,,UNRESOLVED_no_grounded_patents,0.0,0.0,0.0,0,0,,,,False,False
PD-L1|TIGIT|VEGF|EGFR,MAB,UNRESOLVED,,ABSTAIN - no decisive readout,0,0.0,1,,UNRESOLVED_no_grounded_patents,0.0,0.0,0.0,0,0,,,,False,False
PD-L1|TROP-2,ADC,UNRESOLVED,,ABSTAIN - no decisive readout,0,0.0,1,,UNRESOLVED_no_grounded_patents,0.0,0.0,0.0,0,0,,,,False,False
PD-L1|TROP-2-KL610023,ADC,UNRESOLVED,,ABSTAIN - no decisive readout,0,0.0,3,,UNRESOLVED_no_grounded_patents,0.0,0.0,0.0,0,0,,,,False,False
PD-L1|VEGF,UNCLASSIFIED,UNRESOLVED,,ABSTAIN - no decisive readout,0,0.0,1,,UNRESOLVED_no_grounded_patents,0.0,0.0,0.0,0,0,BISPECIFIC,,,False,False
PD-L1|VEGF|ALK,MAB,UNRESOLVED,,ABSTAIN - no decisive readout,0,0.0,1,,UNRESOLVED_no_grounded_patents,0.0,0.0,0.0,0,0,,,,False,False
PD-L1|VEGF|ALK|EGFR,MAB,UNRESOLVED,,ABSTAIN - no decisive readout,0,0.0,1,,UNRESOLVED_no_grounded_patents,0.0,0.0,0.0,0,0,,,,False,False
PD-L1|VEGF|EGFR,MAB,UNRESOLVED,,ABSTAIN - no decisive readout,0,0.0,2,,UNRESOLVED_no_grounded_patents,0.0,0.0,0.0,0,0,,,,False,False
PD-L1|VEGF|EGFR|HER3|HER2|PD-1,MAB,UNRESOLVED,,ABSTAIN - no decisive readout,0,0.0,1,,UNRESOLVED_no_grounded_patents,0.0,0.0,0.0,0,0,,,,False,False
PD-L1|VEGF|EGFR|KRAS,MAB,UNRESOLVED,,ABSTAIN - no decisive readout,0,0.0,1,,UNRESOLVED_no_grounded_patents,0.0,0.0,0.0,0,0,,,,False,False
PD-L1|VEGF|ER|HER2,MAB,UNRESOLVED,,ABSTAIN - no decisive readout,0,0.0,1,,UNRESOLVED_no_grounded_patents,0.0,0.0,0.0,0,0,,,,False,False
PD-L1|VEGF|EZH2,MAB,UNRESOLVED,,ABSTAIN - no decisive readout,0,0.0,1,,UNRESOLVED_no_grounded_patents,0.0,0.0,0.0,0,0,,,,False,False
PD-L1|VEGF|FGFR,MAB,UNRESOLVED,,ABSTAIN - no decisive readout,0,0.0,1,,UNRESOLVED_no_grounded_patents,0.0,0.0,0.0,0,0,,,,False,False
PD-L1|VEGF|GPC3,MAB,UNRESOLVED,,ABSTAIN - no decisive readout,0,0.0,1,,UNRESOLVED_no_grounded_patents,0.0,0.0,0.0,0,0,,,,False,False
PD-L1|VEGF|GPC3|CD3,BISPECIFIC,UNRESOLVED,,ABSTAIN - no decisive readout,0,0.0,1,,UNRESOLVED_no_grounded_patents,0.0,0.0,0.0,0,0,,,,False,False
PD-L1|VEGF|HER2,MAB,UNRESOLVED,,ABSTAIN - no decisive readout,0,0.0,1,,UNRESOLVED_no_grounded_patents,0.0,0.0,0.0,0,0,,,,False,False
PD-L1|VEGF|MESOTHELIN,MAB,UNRESOLVED,,ABSTAIN - no decisive readout,0,0.0,1,,UNRESOLVED_no_grounded_patents,0.0,0.0,0.0,0,0,,,,False,False
PD-L1|VEGF|PD-1|CTLA-4,MAB,UNRESOLVED,,ABSTAIN - no decisive readout,0,0.0,1,,UNRESOLVED_no_grounded_patents,0.0,0.0,0.0,0,0,,,,False,False
PD-L1|VEGF|PD-1|WT1,MAB,UNRESOLVED,,ABSTAIN - no decisive readout,0,0.0,1,,UNRESOLVED_no_grounded_patents,0.0,0.0,0.0,0,0,,,,False,False
PD-L1|WT1,MAB,UNRESOLVED,,ABSTAIN - no decisive readout,0,0.0,1,,UNRESOLVED_no_grounded_patents,0.0,0.0,0.0,0,0,,,,False,False
PRMT5,OUT_OF_SCOPE,UNRESOLVED,,ABSTAIN - no decisive readout,0,0.0,1,,UNRESOLVED_no_grounded_patents,0.0,0.0,0.0,0,0,,,,False,False
PROGRANULIN,MAB,UNRESOLVED,,ABSTAIN - no decisive readout,0,0.0,1,,UNRESOLVED_no_grounded_patents,0.0,0.0,0.0,0,0,MAB,,,False,False
PSCA,CAR-T,UNRESOLVED,,ABSTAIN - no decisive readout,0,0.0,3,,UNRESOLVED_no_grounded_patents,0.0,0.0,0.0,0,0,MAB,,,False,False
PSCA,UNCLASSIFIED,UNRESOLVED,,ABSTAIN - no decisive readout,0,0.0,1,,UNRESOLVED_no_grounded_patents,0.0,0.0,0.0,0,0,MAB,,,False,False
PSCA|PSMA,CAR-T,UNRESOLVED,,ABSTAIN - no decisive readout,0,0.0,2,,UNRESOLVED_no_grounded_patents,0.0,0.0,0.0,0,0,,,,False,False
PSCA|STEAP1,CAR-T,UNRESOLVED,,ABSTAIN - no decisive readout,0,0.0,1,,UNRESOLVED_no_grounded_patents,0.0,0.0,0.0,0,0,,,,False,False
PSMA,ADC,UNRESOLVED,,ABSTAIN - no decisive readout,0,0.0,1,,UNRESOLVED_no_grounded_patents,0.0,0.0,0.0,0,0,ADC|BISPECIFIC|MAB,,,False,False
PSMA,BISPECIFIC,UNRESOLVED,,ABSTAIN - no decisive readout,0,0.0,1,,UNRESOLVED_no_grounded_patents,0.0,0.0,0.0,0,0,ADC|BISPECIFIC|MAB,,,False,False
PSMA-MMAE,ADC,UNRESOLVED,,ABSTAIN - no decisive readout,0,0.0,5,,UNRESOLVED_no_grounded_patents,0.0,0.0,0.0,0,0,,,,False,False
PSMA|CTLA-4,MAB,UNRESOLVED,,ABSTAIN - no decisive readout,0,0.0,1,,UNRESOLVED_no_grounded_patents,0.0,0.0,0.0,0,0,,,,False,False
PSMA|CTLA-4|PD-1,RADIOLIGAND,UNRESOLVED,,ABSTAIN - no decisive readout,0,0.0,1,,UNRESOLVED_no_grounded_patents,0.0,0.0,0.0,0,0,,,,False,False
PSMA|PD-1,RADIOLIGAND,UNRESOLVED,,ABSTAIN - no decisive readout,0,0.0,1,,UNRESOLVED_no_grounded_patents,0.0,0.0,0.0,0,0,,,,False,False
PSMA|TROP-2,ADC,UNRESOLVED,,ABSTAIN - no decisive readout,0,0.0,1,,UNRESOLVED_no_grounded_patents,0.0,0.0,0.0,0,0,,,,False,False
PSMA|TROP-2,UNCLASSIFIED,UNRESOLVED,,ABSTAIN - no decisive readout,0,0.0,1,,UNRESOLVED_no_grounded_patents,0.0,0.0,0.0,0,0,,,,False,False
PSMA|VEGF,MAB,UNRESOLVED,,ABSTAIN - no decisive readout,0,0.0,1,,UNRESOLVED_no_grounded_patents,0.0,0.0,0.0,0,0,,,,False,False
PTK7-EXATECAN,ADC,UNRESOLVED,,ABSTAIN - no decisive readout,0,0.0,3,,UNRESOLVED_no_grounded_patents,0.0,0.0,0.0,0,0,,,,False,False
PTK7-TOP1I,ADC,UNRESOLVED,,ABSTAIN - no decisive readout,0,0.0,1,,UNRESOLVED_no_grounded_patents,0.0,0.0,0.0,0,0,,,,False,False
ROR1,BISPECIFIC,UNRESOLVED,,ABSTAIN - no decisive readout,0,0.0,1,,UNRESOLVED_no_grounded_patents,0.0,0.0,0.0,0,0,ADC|BISPECIFIC|MAB,,,False,False
ROR1,UNCLASSIFIED,UNRESOLVED,,ABSTAIN - no decisive readout,0,0.0,1,,UNRESOLVED_no_grounded_patents,0.0,0.0,0.0,0,0,ADC|BISPECIFIC|MAB,,,False,False
ROR1-UNDISCLOSED,ADC,UNRESOLVED,,ABSTAIN - no decisive readout,0,0.0,1,,UNRESOLVED_no_grounded_patents,0.0,0.0,0.0,0,0,,,,False,False
ROR1|CD3,BITE,UNRESOLVED,,ABSTAIN - no decisive readout,0,0.0,1,,UNRESOLVED_no_grounded_patents,0.0,0.0,0.0,0,0,BISPECIFIC,,,False,False
ROR1|CD79B|CD20,ADC,UNRESOLVED,,ABSTAIN - no decisive readout,0,0.0,1,,UNRESOLVED_no_grounded_patents,0.0,0.0,0.0,0,0,,,,False,False
ROR1|PD-1,ADC,UNRESOLVED,,ABSTAIN - no decisive readout,0,0.0,1,,UNRESOLVED_no_grounded_patents,0.0,0.0,0.0,0,0,,,,False,False
ROR2-MMAE,ADC,UNRESOLVED,,ABSTAIN - no decisive readout,0,0.0,1,,UNRESOLVED_no_grounded_patents,0.0,0.0,0.0,0,0,ADC,,,False,False
SIRP-ALPHA,MAB,UNRESOLVED,,ABSTAIN - no decisive readout,0,0.0,1,,UNRESOLVED_no_grounded_patents,0.0,0.0,0.0,0,0,MAB,,,False,False
STEAP1-TOP1I,ADC,UNRESOLVED,,ABSTAIN - no decisive readout,0,0.0,1,,UNRESOLVED_no_grounded_patents,0.0,0.0,0.0,0,0,,,,False,False
STEAP1|CD3,BISPECIFIC,UNRESOLVED,,ABSTAIN - no decisive readout,0,0.0,8,,UNRESOLVED_no_grounded_patents,0.0,0.0,0.0,0,0,,,,False,False
STEAP2,CAR-T,UNRESOLVED,,ABSTAIN - no decisive readout,0,0.0,1,,UNRESOLVED_no_grounded_patents,0.0,0.0,0.0,0,0,MAB,,,False,False
STEAP2,UNCLASSIFIED,UNRESOLVED,,ABSTAIN - no decisive readout,0,0.0,2,,UNRESOLVED_no_grounded_patents,0.0,0.0,0.0,0,0,MAB,,,False,False
STEAP2-EXATECAN,ADC,UNRESOLVED,,ABSTAIN - no decisive readout,0,0.0,1,,UNRESOLVED_no_grounded_patents,0.0,0.0,0.0,0,0,,,,False,False
TCR,BISPECIFIC,UNRESOLVED,,ABSTAIN - no decisive readout,0,0.0,2,,UNRESOLVED_no_grounded_patents,0.0,0.0,0.0,0,0,BISPECIFIC|MAB,,,False,False
TEAD1,OUT_OF_SCOPE,UNRESOLVED,,ABSTAIN - no decisive readout,0,0.0,1,,UNRESOLVED_no_grounded_patents,0.0,0.0,0.0,0,0,,,,False,False
TGF-BETA1|TGF-BETA3,OUT_OF_SCOPE,UNRESOLVED,,ABSTAIN - no decisive readout,0,0.0,1,,UNRESOLVED_no_grounded_patents,0.0,0.0,0.0,0,0,,,,False,False
TIGIT,BISPECIFIC,UNRESOLVED,,ABSTAIN - no decisive readout,0,0.0,1,,UNRESOLVED_no_grounded_patents,0.0,0.0,0.0,0,0,BISPECIFIC|MAB,,,False,False
TIGIT,UNCLASSIFIED,UNRESOLVED,,ABSTAIN - no decisive readout,0,0.0,3,,UNRESOLVED_no_grounded_patents,0.0,0.0,0.0,0,0,BISPECIFIC|MAB,,,False,False
TIGIT|PD-L1,MAB,UNRESOLVED,,ABSTAIN - no decisive readout,0,0.0,1,,UNRESOLVED_no_grounded_patents,0.0,0.0,0.0,0,0,BISPECIFIC,,,False,False
TIM-3|PD-1|LAG-3,MAB,UNRESOLVED,,ABSTAIN - no decisive readout,0,0.0,1,,UNRESOLVED_no_grounded_patents,0.0,0.0,0.0,0,0,,,,False,False
TISSUE FACTOR-AURISTATIN,ADC,UNRESOLVED,,ABSTAIN - no decisive readout,0,0.0,1,,UNRESOLVED_no_grounded_patents,0.0,0.0,0.0,0,0,,,,False,False
TISSUE FACTOR-EXATECAN,ADC,UNRESOLVED,,ABSTAIN - no decisive readout,0,0.0,1,,UNRESOLVED_no_grounded_patents,0.0,0.0,0.0,0,0,,,,False,False
TISSUE FACTOR-MMAE,ADC,UNRESOLVED,,ABSTAIN - no decisive readout,0,0.0,8,,UNRESOLVED_no_grounded_patents,0.0,0.0,0.0,0,0,ADC,,,False,False
TISSUE FACTOR|TROP-2,ADC,UNRESOLVED,,ABSTAIN - no decisive readout,0,0.0,1,,UNRESOLVED_no_grounded_patents,0.0,0.0,0.0,0,0,,,,False,False
TLR9,OUT_OF_SCOPE,UNRESOLVED,,ABSTAIN - no decisive readout,0,0.0,1,,UNRESOLVED_no_grounded_patents,0.0,0.0,0.0,0,0,,,,False,False
TNFR2,MAB,UNRESOLVED,,ABSTAIN - no decisive readout,0,0.0,1,,UNRESOLVED_no_grounded_patents,0.0,0.0,0.0,0,0,MAB,,,False,False
TROP-2,CAR-T,UNRESOLVED,,ABSTAIN - no decisive readout,0,0.0,7,,UNRESOLVED_no_grounded_patents,0.0,0.0,0.0,0,0,BISPECIFIC|MAB,,,False,False
TROP-2-EXATECAN,ADC,UNRESOLVED,,ABSTAIN - no decisive readout,0,0.0,2,,UNRESOLVED_no_grounded_patents,0.0,0.0,0.0,0,0,ADC,,,False,False
TROP-2-MMAE,ADC,UNRESOLVED,,ABSTAIN - no decisive readout,0,0.0,1,,UNRESOLVED_no_grounded_patents,0.0,0.0,0.0,0,0,ADC,,,False,False
TROP-2-TOP1I,ADC,UNRESOLVED,,ABSTAIN - no decisive readout,0,0.0,2,,UNRESOLVED_no_grounded_patents,0.0,0.0,0.0,0,0,,,,False,False
TROP-2|ALK|EGFR|HER2|PD-1|VEGF,ADC,UNRESOLVED,,ABSTAIN - no decisive readout,0,0.0,1,,UNRESOLVED_no_grounded_patents,0.0,0.0,0.0,0,0,,,,False,False
TROP-2|CTLA-4|PD-1,ADC,UNRESOLVED,,ABSTAIN - no decisive readout,0,0.0,1,,UNRESOLVED_no_grounded_patents,0.0,0.0,0.0,0,0,,,,False,False
TROP-2|CTLA-4|PD-1|PD-L1,ADC,UNRESOLVED,,ABSTAIN - no decisive readout,0,0.0,1,,UNRESOLVED_no_grounded_patents,0.0,0.0,0.0,0,0,,,,False,False
TROP-2|EGFR,ADC,UNRESOLVED,,ABSTAIN - no decisive readout,0,0.0,5,,UNRESOLVED_no_grounded_patents,0.0,0.0,0.0,0,0,,,,False,False
TROP-2|EGFR|PD-L1|ALK|MET,ADC,UNRESOLVED,,ABSTAIN - no decisive readout,0,0.0,1,,UNRESOLVED_no_grounded_patents,0.0,0.0,0.0,0,0,,,,False,False
TROP-2|EGFR|VEGF,ADC,UNRESOLVED,,ABSTAIN - no decisive readout,0,0.0,1,,UNRESOLVED_no_grounded_patents,0.0,0.0,0.0,0,0,,,,False,False
TROP-2|ER|HER2,ADC,UNRESOLVED,,ABSTAIN - no decisive readout,0,0.0,3,,UNRESOLVED_no_grounded_patents,0.0,0.0,0.0,0,0,,,,False,False
TROP-2|HER2,ADC,UNRESOLVED,,ABSTAIN - no decisive readout,0,0.0,10,,UNRESOLVED_no_grounded_patents,0.0,0.0,0.0,0,0,,,,False,False
TROP-2|HER2|TCR,ADC,UNRESOLVED,,ABSTAIN - no decisive readout,0,0.0,1,,UNRESOLVED_no_grounded_patents,0.0,0.0,0.0,0,0,,,,False,False
TROP-2|HER3,ADC,UNRESOLVED,,ABSTAIN - no decisive readout,0,0.0,1,,UNRESOLVED_no_grounded_patents,0.0,0.0,0.0,0,0,,,,False,False
TROP-2|HER3-TOP1I,ADC,UNRESOLVED,,ABSTAIN - no decisive readout,0,0.0,1,,UNRESOLVED_no_grounded_patents,0.0,0.0,0.0,0,0,,,,False,False
TROP-2|HER3|HER2,ADC,UNRESOLVED,,ABSTAIN - no decisive readout,0,0.0,1,,UNRESOLVED_no_grounded_patents,0.0,0.0,0.0,0,0,,,,False,False
TROP-2|LAG-3|PD-1,ADC,UNRESOLVED,,ABSTAIN - no decisive readout,0,0.0,1,,UNRESOLVED_no_grounded_patents,0.0,0.0,0.0,0,0,,,,False,False
TROP-2|NECTIN4-TOP1I,ADC,UNRESOLVED,,ABSTAIN - no decisive readout,0,0.0,1,,UNRESOLVED_no_grounded_patents,0.0,0.0,0.0,0,0,,,,False,False
TROP-2|NECTIN4|PD-1,ADC,UNRESOLVED,,ABSTAIN - no decisive readout,0,0.0,1,,UNRESOLVED_no_grounded_patents,0.0,0.0,0.0,0,0,,,,False,False
TROP-2|NECTIN4|PD-1|TIGIT|PD-L1,ADC,UNRESOLVED,,ABSTAIN - no decisive readout,0,0.0,1,,UNRESOLVED_no_grounded_patents,0.0,0.0,0.0,0,0,,,,False,False
TROP-2|NECTIN4|PD-L1|TIGIT|FAP,ADC,UNRESOLVED,,ABSTAIN - no decisive readout,0,0.0,1,,UNRESOLVED_no_grounded_patents,0.0,0.0,0.0,0,0,,,,False,False
TROP-2|PD-1,MAB,UNRESOLVED,,ABSTAIN - no decisive readout,0,0.0,1,,UNRESOLVED_no_grounded_patents,0.0,0.0,0.0,0,0,,,,False,False
TROP-2|PD-1|HER2,ADC,UNRESOLVED,,ABSTAIN - no decisive readout,0,0.0,1,,UNRESOLVED_no_grounded_patents,0.0,0.0,0.0,0,0,,,,False,False
TROP-2|PD-1|PD-L1,ADC,UNRESOLVED,,ABSTAIN - no decisive readout,0,0.0,5,,UNRESOLVED_no_grounded_patents,0.0,0.0,0.0,0,0,,,,False,False
TROP-2|PD-L1|HER2,ADC,UNRESOLVED,,ABSTAIN - no decisive readout,0,0.0,1,,UNRESOLVED_no_grounded_patents,0.0,0.0,0.0,0,0,,,,False,False
TROP-2|PD-L1|TIGIT,ADC,UNRESOLVED,,ABSTAIN - no decisive readout,0,0.0,1,,UNRESOLVED_no_grounded_patents,0.0,0.0,0.0,0,0,,,,False,False
TROP-2|VEGF,ADC,UNRESOLVED,,ABSTAIN - no decisive readout,0,0.0,4,,UNRESOLVED_no_grounded_patents,0.0,0.0,0.0,0,0,,,,False,False
TROP-2|VEGF-SN38,ADC,UNRESOLVED,,ABSTAIN - no decisive readout,0,0.0,1,,UNRESOLVED_no_grounded_patents,0.0,0.0,0.0,0,0,,,,False,False
TUBB,OUT_OF_SCOPE,UNRESOLVED,,ABSTAIN - no decisive readout,0,0.0,2,,UNRESOLVED_no_grounded_patents,0.0,0.0,0.0,0,0,,,,False,False
UPAR,RADIOLIGAND,UNRESOLVED,,ABSTAIN - no decisive readout,0,0.0,1,,UNRESOLVED_no_grounded_patents,0.0,0.0,0.0,0,0,MAB,,,False,False
VEGF,BISPECIFIC,UNRESOLVED,,ABSTAIN - no decisive readout,0,0.0,7,,UNRESOLVED_no_grounded_patents,0.0,0.0,0.0,0,0,BISPECIFIC|MAB,,,False,False
VEGF,OUT_OF_SCOPE,UNRESOLVED,,ABSTAIN - no decisive readout,0,0.0,1,,UNRESOLVED_no_grounded_patents,0.0,0.0,0.0,0,0,BISPECIFIC|MAB,,,False,False
VEGF-KL610023,ADC,UNRESOLVED,,ABSTAIN - no decisive readout,0,0.0,1,,UNRESOLVED_no_grounded_patents,0.0,0.0,0.0,0,0,,,,False,False
VEGF-TOP1I,ADC,UNRESOLVED,,ABSTAIN - no decisive readout,0,0.0,2,,UNRESOLVED_no_grounded_patents,0.0,0.0,0.0,0,0,,,,False,False
VEGFR2,BISPECIFIC,UNRESOLVED,,ABSTAIN - no decisive readout,0,0.0,1,,UNRESOLVED_no_grounded_patents,0.0,0.0,0.0,0,0,MAB,,,False,False
VEGFR2,UNCLASSIFIED,UNRESOLVED,,ABSTAIN - no decisive readout,0,0.0,1,,UNRESOLVED_no_grounded_patents,0.0,0.0,0.0,0,0,MAB,,,False,False
VEGFR2|CD137|HER2|VEGF,MAB,UNRESOLVED,,ABSTAIN - no decisive readout,0,0.0,1,,UNRESOLVED_no_grounded_patents,0.0,0.0,0.0,0,0,,,,False,False
VEGFR2|CEA|PD-L1,MAB,UNRESOLVED,,ABSTAIN - no decisive readout,0,0.0,1,,UNRESOLVED_no_grounded_patents,0.0,0.0,0.0,0,0,,,,False,False
VEGFR2|CLDN18.2,MAB,UNRESOLVED,,ABSTAIN - no decisive readout,0,0.0,1,,UNRESOLVED_no_grounded_patents,0.0,0.0,0.0,0,0,,,,False,False
VEGFR2|EGFR|MET,MAB,UNRESOLVED,,ABSTAIN - no decisive readout,0,0.0,1,,UNRESOLVED_no_grounded_patents,0.0,0.0,0.0,0,0,,,,False,False
VEGFR2|EGFR|MET|VEGF,MAB,UNRESOLVED,,ABSTAIN - no decisive readout,0,0.0,1,,UNRESOLVED_no_grounded_patents,0.0,0.0,0.0,0,0,,,,False,False
VEGFR2|EGFR|VEGF,MAB,UNRESOLVED,,ABSTAIN - no decisive readout,0,0.0,1,,UNRESOLVED_no_grounded_patents,0.0,0.0,0.0,0,0,,,,False,False
VEGFR2|FGFR,MAB,UNRESOLVED,,ABSTAIN - no decisive readout,0,0.0,1,,UNRESOLVED_no_grounded_patents,0.0,0.0,0.0,0,0,,,,False,False
VEGFR2|HER2,MAB,UNRESOLVED,,ABSTAIN - no decisive readout,0,0.0,2,,UNRESOLVED_no_grounded_patents,0.0,0.0,0.0,0,0,,,,False,False
VEGFR2|HER2|VEGF,MAB,UNRESOLVED,,ABSTAIN - no decisive readout,0,0.0,2,,UNRESOLVED_no_grounded_patents,0.0,0.0,0.0,0,0,,,,False,False
VEGFR2|HER3|TROP-2|VEGF,MAB,UNRESOLVED,,ABSTAIN - no decisive readout,0,0.0,1,,UNRESOLVED_no_grounded_patents,0.0,0.0,0.0,0,0,,,,False,False
VEGFR2|PD-1,MAB,UNRESOLVED,,ABSTAIN - no decisive readout,0,0.0,5,,UNRESOLVED_no_grounded_patents,0.0,0.0,0.0,0,0,,,,False,False
VEGFR2|PD-1|CLDN18.2|HER2|VEGF,MAB,UNRESOLVED,,ABSTAIN - no decisive readout,0,0.0,1,,UNRESOLVED_no_grounded_patents,0.0,0.0,0.0,0,0,,,,False,False
VEGFR2|PD-L1,MAB,UNRESOLVED,,ABSTAIN - no decisive readout,0,0.0,1,,UNRESOLVED_no_grounded_patents,0.0,0.0,0.0,0,0,,,,False,False
VEGFR2|PD-L1|TIGIT,MAB,UNRESOLVED,,ABSTAIN - no decisive readout,0,0.0,1,,UNRESOLVED_no_grounded_patents,0.0,0.0,0.0,0,0,,,,False,False
VEGFR2|TROP-2,ADC,UNRESOLVED,,ABSTAIN - no decisive readout,0,0.0,1,,UNRESOLVED_no_grounded_patents,0.0,0.0,0.0,0,0,,,,False,False
VEGFR2|VEGF,MAB,UNRESOLVED,,ABSTAIN - no decisive readout,0,0.0,2,,UNRESOLVED_no_grounded_patents,0.0,0.0,0.0,0,0,,,,False,False
VEGF|ALK|EGFR,MAB,UNRESOLVED,,ABSTAIN - no decisive readout,0,0.0,1,,UNRESOLVED_no_grounded_patents,0.0,0.0,0.0,0,0,,,,False,False
VEGF|ANG2|CD40,BISPECIFIC,UNRESOLVED,,ABSTAIN - no decisive readout,0,0.0,2,,UNRESOLVED_no_grounded_patents,0.0,0.0,0.0,0,0,,,,False,False
VEGF|AR|EGFR|HER2|PD-L1,MAB,UNRESOLVED,,ABSTAIN - no decisive readout,0,0.0,1,,UNRESOLVED_no_grounded_patents,0.0,0.0,0.0,0,0,,,,False,False
VEGF|B7-H3,MAB,UNRESOLVED,,ABSTAIN - no decisive readout,0,0.0,1,,UNRESOLVED_no_grounded_patents,0.0,0.0,0.0,0,0,,,,False,False
VEGF|B7-H3-TOP1I,ADC,UNRESOLVED,,ABSTAIN - no decisive readout,0,0.0,1,,UNRESOLVED_no_grounded_patents,0.0,0.0,0.0,0,0,,,,False,False
VEGF|BCL-2,MAB,UNRESOLVED,,ABSTAIN - no decisive readout,0,0.0,1,,UNRESOLVED_no_grounded_patents,0.0,0.0,0.0,0,0,,,,False,False
VEGF|CD19,MAB,UNRESOLVED,,ABSTAIN - no decisive readout,0,0.0,1,,UNRESOLVED_no_grounded_patents,0.0,0.0,0.0,0,0,,,,False,False
VEGF|CD25,MAB,UNRESOLVED,,ABSTAIN - no decisive readout,0,0.0,1,,UNRESOLVED_no_grounded_patents,0.0,0.0,0.0,0,0,,,,False,False
VEGF|CD47|PD-1,MAB,UNRESOLVED,,ABSTAIN - no decisive readout,0,0.0,1,,UNRESOLVED_no_grounded_patents,0.0,0.0,0.0,0,0,,,,False,False
VEGF|CDH17,MAB,UNRESOLVED,,ABSTAIN - no decisive readout,0,0.0,1,,UNRESOLVED_no_grounded_patents,0.0,0.0,0.0,0,0,,,,False,False
VEGF|CEACAM5,MAB,UNRESOLVED,,ABSTAIN - no decisive readout,0,0.0,2,,UNRESOLVED_no_grounded_patents,0.0,0.0,0.0,0,0,,,,False,False
VEGF|CEACAM5-EXATECAN,ADC,UNRESOLVED,,ABSTAIN - no decisive readout,0,0.0,1,,UNRESOLVED_no_grounded_patents,0.0,0.0,0.0,0,0,,,,False,False
VEGF|CEA|CEACAM5,MAB,UNRESOLVED,,ABSTAIN - no decisive readout,0,0.0,1,,UNRESOLVED_no_grounded_patents,0.0,0.0,0.0,0,0,,,,False,False
VEGF|CEA|EGFR,MAB,UNRESOLVED,,ABSTAIN - no decisive readout,0,0.0,1,,UNRESOLVED_no_grounded_patents,0.0,0.0,0.0,0,0,,,,False,False
VEGF|CLDN6,MAB,UNRESOLVED,,ABSTAIN - no decisive readout,0,0.0,1,,UNRESOLVED_no_grounded_patents,0.0,0.0,0.0,0,0,,,,False,False
VEGF|CTLA-4,MAB,UNRESOLVED,,ABSTAIN - no decisive readout,0,0.0,3,,UNRESOLVED_no_grounded_patents,0.0,0.0,0.0,0,0,,,,False,False
VEGF|CTLA-4|PD-1,BISPECIFIC,UNRESOLVED,,ABSTAIN - no decisive readout,0,0.0,4,,UNRESOLVED_no_grounded_patents,0.0,0.0,0.0,0,0,,,,False,False
VEGF|CTLA-4|PD-1,MAB,UNRESOLVED,,ABSTAIN - no decisive readout,0,0.0,7,,UNRESOLVED_no_grounded_patents,0.0,0.0,0.0,0,0,,,,False,False
VEGF|CTLA-4|PD-1|EGFR,MAB,UNRESOLVED,,ABSTAIN - no decisive readout,0,0.0,1,,UNRESOLVED_no_grounded_patents,0.0,0.0,0.0,0,0,,,,False,False
VEGF|CTLA-4|PD-1|PD-L1,MAB,UNRESOLVED,,ABSTAIN - no decisive readout,0,0.0,3,,UNRESOLVED_no_grounded_patents,0.0,0.0,0.0,0,0,,,,False,False
VEGF|CTLA-4|PD-1|TIGIT,BISPECIFIC,UNRESOLVED,,ABSTAIN - no decisive readout,0,0.0,1,,UNRESOLVED_no_grounded_patents,0.0,0.0,0.0,0,0,,,,False,False
VEGF|EGFR,BISPECIFIC,UNRESOLVED,,ABSTAIN - no decisive readout,0,0.0,1,,UNRESOLVED_no_grounded_patents,0.0,0.0,0.0,0,0,BISPECIFIC,,,False,False
VEGF|EGFR|CEA,MAB,UNRESOLVED,,ABSTAIN - no decisive readout,0,0.0,2,,UNRESOLVED_no_grounded_patents,0.0,0.0,0.0,0,0,,,,False,False
VEGF|EGFR|ER|HER2,MAB,UNRESOLVED,,ABSTAIN - no decisive readout,0,0.0,1,,UNRESOLVED_no_grounded_patents,0.0,0.0,0.0,0,0,,,,False,False
VEGF|EGFR|HER3|HER2|PD-1-TOP1I,ADC,UNRESOLVED,,ABSTAIN - no decisive readout,0,0.0,1,,UNRESOLVED_no_grounded_patents,0.0,0.0,0.0,0,0,,,,False,False
VEGF|EGFR|HIF|VHL,MAB,UNRESOLVED,,ABSTAIN - no decisive readout,0,0.0,1,,UNRESOLVED_no_grounded_patents,0.0,0.0,0.0,0,0,,,,False,False
VEGF|EGFR|PD-1,MAB,UNRESOLVED,,ABSTAIN - no decisive readout,0,0.0,5,,UNRESOLVED_no_grounded_patents,0.0,0.0,0.0,0,0,,,,False,False
VEGF|EGFR|PD-1|PD-L1,MAB,UNRESOLVED,,ABSTAIN - no decisive readout,0,0.0,1,,UNRESOLVED_no_grounded_patents,0.0,0.0,0.0,0,0,,,,False,False
VEGF|EGFR|PD-L1,MAB,UNRESOLVED,,ABSTAIN - no decisive readout,0,0.0,2,,UNRESOLVED_no_grounded_patents,0.0,0.0,0.0,0,0,,,,False,False
VEGF|EGFR|TROP-2,MAB,UNRESOLVED,,ABSTAIN - no decisive readout,0,0.0,1,,UNRESOLVED_no_grounded_patents,0.0,0.0,0.0,0,0,,,,False,False
VEGF|ER|HER3|HER2|NECTIN4|PD-1|TROP-2,MAB,UNRESOLVED,,ABSTAIN - no decisive readout,0,0.0,1,,UNRESOLVED_no_grounded_patents,0.0,0.0,0.0,0,0,,,,False,False
VEGF|FAP,MAB,UNRESOLVED,,ABSTAIN - no decisive readout,0,0.0,2,,UNRESOLVED_no_grounded_patents,0.0,0.0,0.0,0,0,,,,False,False
VEGF|FOLR1,MAB,UNRESOLVED,,ABSTAIN - no decisive readout,0,0.0,1,,UNRESOLVED_no_grounded_patents,0.0,0.0,0.0,0,0,,,,False,False
VEGF|HER2,ADC,UNRESOLVED,,ABSTAIN - no decisive readout,0,0.0,1,,UNRESOLVED_no_grounded_patents,0.0,0.0,0.0,0,0,,,,False,False
VEGF|LAG-3|PD-1,MAB,UNRESOLVED,,ABSTAIN - no decisive readout,0,0.0,1,,UNRESOLVED_no_grounded_patents,0.0,0.0,0.0,0,0,,,,False,False
VEGF|MESOTHELIN,MAB,UNRESOLVED,,ABSTAIN - no decisive readout,0,0.0,2,,UNRESOLVED_no_grounded_patents,0.0,0.0,0.0,0,0,,,,False,False
VEGF|MET,MAB,UNRESOLVED,,ABSTAIN - no decisive readout,0,0.0,5,,UNRESOLVED_no_grounded_patents,0.0,0.0,0.0,0,0,,,,False,False
VEGF|MUC1,MAB,UNRESOLVED,,ABSTAIN - no decisive readout,0,0.0,1,,UNRESOLVED_no_grounded_patents,0.0,0.0,0.0,0,0,,,,False,False
VEGF|MUC16,ADC,UNRESOLVED,,ABSTAIN - no decisive readout,0,0.0,1,,UNRESOLVED_no_grounded_patents,0.0,0.0,0.0,0,0,,,,False,False
VEGF|PD-1,BISPECIFIC,UNRESOLVED,,ABSTAIN - no decisive readout,0,0.0,1,,UNRESOLVED_no_grounded_patents,0.0,0.0,0.0,0,0,BISPECIFIC,,,False,False
VEGF|PD-1|CTLA-4,MAB,UNRESOLVED,,ABSTAIN - no decisive readout,0,0.0,1,,UNRESOLVED_no_grounded_patents,0.0,0.0,0.0,0,0,,,,False,False
VEGF|PD-1|EGFR,BISPECIFIC,UNRESOLVED,,ABSTAIN - no decisive readout,0,0.0,1,,UNRESOLVED_no_grounded_patents,0.0,0.0,0.0,0,0,,,,False,False
VEGF|PD-1|EGFR,MAB,UNRESOLVED,,ABSTAIN - no decisive readout,0,0.0,1,,UNRESOLVED_no_grounded_patents,0.0,0.0,0.0,0,0,,,,False,False
VEGF|PD-1|FAP,MAB,UNRESOLVED,,ABSTAIN - no decisive readout,0,0.0,1,,UNRESOLVED_no_grounded_patents,0.0,0.0,0.0,0,0,,,,False,False
VEGF|PD-1|MUC16,MAB,UNRESOLVED,,ABSTAIN - no decisive readout,0,0.0,1,,UNRESOLVED_no_grounded_patents,0.0,0.0,0.0,0,0,,,,False,False
VEGF|PD-1|MUC16|CD3|LAG-3,BISPECIFIC,UNRESOLVED,,ABSTAIN - no decisive readout,0,0.0,1,,UNRESOLVED_no_grounded_patents,0.0,0.0,0.0,0,0,,,,False,False
VEGF|PD-1|TISSUE FACTOR,MAB,UNRESOLVED,,ABSTAIN - no decisive readout,0,0.0,1,,UNRESOLVED_no_grounded_patents,0.0,0.0,0.0,0,0,,,,False,False
VEGF|PD-L1|EGFR|PD-1,MAB,UNRESOLVED,,ABSTAIN - no decisive readout,0,0.0,1,,UNRESOLVED_no_grounded_patents,0.0,0.0,0.0,0,0,,,,False,False
VEGF|TCR,MAB,UNRESOLVED,,ABSTAIN - no decisive readout,0,0.0,1,,UNRESOLVED_no_grounded_patents,0.0,0.0,0.0,0,0,,,,False,False
VEGF|TISSUE FACTOR,MAB,UNRESOLVED,,ABSTAIN - no decisive readout,0,0.0,1,,UNRESOLVED_no_grounded_patents,0.0,0.0,0.0,0,0,,,,False,False
VEGF|TROP-2,MAB,UNRESOLVED,,ABSTAIN - no decisive readout,0,0.0,2,,UNRESOLVED_no_grounded_patents,0.0,0.0,0.0,0,0,,,,False,False
VEGF|VHL,MAB,UNRESOLVED,,ABSTAIN - no decisive readout,0,0.0,3,,UNRESOLVED_no_grounded_patents,0.0,0.0,0.0,0,0,,,,False,False
VEGF|VHL,UNCLASSIFIED,UNRESOLVED,,ABSTAIN - no decisive readout,0,0.0,1,,UNRESOLVED_no_grounded_patents,0.0,0.0,0.0,0,0,,,,False,False
VEGF|WT1,MAB,UNRESOLVED,,ABSTAIN - no decisive readout,0,0.0,1,,UNRESOLVED_no_grounded_patents,0.0,0.0,0.0,0,0,,,,False,False
VISTA,MAB,UNRESOLVED,,ABSTAIN - no decisive readout,0,0.0,2,,UNRESOLVED_no_grounded_patents,0.0,0.0,0.0,0,0,MAB,,,False,False
